datagolf_rank,dg_id,dg_skill_estimate,owgr_rank,primary_tour,last_updated
1,18417,2.87912385847843,1,PGA,2025-05-05 12:16:46 UTC
2,10091,2.27495290977342,2,PGA,2025-05-05 12:16:46 UTC
3,19841,1.97368973071206,13,LIV,2025-05-05 12:16:46 UTC
4,19195,1.97134092450011,77,LIV,2025-05-05 12:16:46 UTC
5,22085,1.74040165207808,4,PGA,2025-05-05 12:16:46 UTC
6,14139,1.73035020509853,5,PGA,2025-05-05 12:16:46 UTC
7,14578,1.59692543072317,8,PGA,2025-05-05 12:16:46 UTC
8,19895,1.57477333371899,3,PGA,2025-05-05 12:16:46 UTC
9,18079,1.55696817834969,85,LIV,2025-05-05 12:16:46 UTC
10,12294,1.50603066604219,11,PGA,2025-05-05 12:16:46 UTC
11,14796,1.46535755796229,20,LIV,2025-05-05 12:16:46 UTC
12,15466,1.41490062411597,16,PGA,2025-05-05 12:16:46 UTC
13,13562,1.38496886611022,7,PGA,2025-05-05 12:16:46 UTC
14,17576,1.35440015632974,22,PGA,2025-05-05 12:16:46 UTC
15,13900,1.2869500325641,12,PGA,2025-05-05 12:16:46 UTC
16,23950,1.21897043342246,6,PGA,2025-05-05 12:16:46 UTC
17,17511,1.19997664817762,17,PGA,2025-05-05 12:16:46 UTC
18,17606,1.17320718353927,27,PGA,2025-05-05 12:16:46 UTC
19,18841,1.10122527793585,9,PGA,2025-05-05 12:16:46 UTC
20,19870,1.06646508333036,43,PGA,2025-05-05 12:16:46 UTC
21,13872,1.05746960105711,18,PGA,2025-05-05 12:16:46 UTC
22,14838,1.04745659005024,51,LIV,2025-05-05 12:16:46 UTC
23,18634,1.04683007766834,10,PGA,2025-05-05 12:16:46 UTC
24,9771,1.00114427682667,32,PGA,2025-05-05 12:16:46 UTC
25,17488,0.986468328977741,19,PGA,2025-05-05 12:16:46 UTC
26,14636,0.985294033072816,46,PGA,2025-05-05 12:16:46 UTC
27,19483,0.963505459911802,33,PGA,2025-05-05 12:16:46 UTC
28,18554,0.962908584435436,29,PGA,2025-05-05 12:16:46 UTC
29,17543,0.928899225436816,53,PGA,2025-05-05 12:16:46 UTC
30,17536,0.924370357882723,28,PGA,2025-05-05 12:16:46 UTC
31,23475,0.901044920242334,34,PGA,2025-05-05 12:16:46 UTC
32,14609,0.900059345241799,68,PGA,2025-05-05 12:16:46 UTC
33,23323,0.87292927128012,21,PGA,2025-05-05 12:16:46 UTC
34,8825,0.853427432702453,23,PGA,2025-05-05 12:16:46 UTC
35,26096,0.843826401538267,26,PGA,2025-05-05 12:16:46 UTC
36,16841,0.830931165766887,25,PGA,2025-05-05 12:16:46 UTC
37,21554,0.823925230355139,44,PGA,2025-05-05 12:16:46 UTC
38,14735,0.820351592691995,217,LIV,2025-05-05 12:16:46 UTC
39,27364,0.801062076049749,52,PGA,2025-05-05 12:16:46 UTC
40,23841,0.799792839244668,75,EURO,2025-05-05 12:16:46 UTC
41,15856,0.788549469014584,142,LIV,2025-05-05 12:16:46 UTC
42,7399,0.766611361924781,37,PGA,2025-05-05 12:16:46 UTC
43,28984,0.754839348322353,107,LIV,2025-05-05 12:16:46 UTC
44,17064,0.754817553676477,324,LIV,2025-05-05 12:16:46 UTC
45,17780,0.752972659582344,47,PGA,2025-05-05 12:16:46 UTC
46,17365,0.715048678798096,90,PGA,2025-05-05 12:16:46 UTC
47,24968,0.713012739990297,58,PGA,2025-05-05 12:16:46 UTC
48,11676,0.700151047617188,38,PGA,2025-05-05 12:16:46 UTC
49,20770,0.698046240752748,501,LIV,2025-05-05 12:16:46 UTC
50,23604,0.687497984446718,15,PGA,2025-05-05 12:16:46 UTC
51,15556,0.683411821451119,56,PGA,2025-05-05 12:16:46 UTC
52,11276,0.680301625644406,24,PGA,2025-05-05 12:16:46 UTC
53,5689,0.655064009685146,419,LIV,2025-05-05 12:16:46 UTC
54,14577,0.655045088205393,35,PGA,2025-05-05 12:16:46 UTC
55,14459,0.65463544955215,39,PGA,2025-05-05 12:16:46 UTC
56,15575,0.648083124896562,42,PGA,2025-05-05 12:16:46 UTC
57,6093,0.642881969200572,14,PGA,2025-05-05 12:16:46 UTC
58,23465,0.641010268908285,45,PGA,2025-05-05 12:16:46 UTC
59,29433,0.632574346687957,73,PGA,2025-05-05 12:16:46 UTC
60,16243,0.631110739410283,337,LIV,2025-05-05 12:16:46 UTC
61,14424,0.62757335506565,169,LIV,2025-05-05 12:16:46 UTC
62,14502,0.626592963102622,83,PGA,2025-05-05 12:16:46 UTC
63,29767,0.619031419168138,80,PGA,2025-05-05 12:16:46 UTC
64,25569,0.590309804467521,62,PGA,2025-05-05 12:16:46 UTC
65,6430,0.589139878313031,40,PGA,2025-05-05 12:16:46 UTC
66,27194,0.586140648773032,96,PGA,2025-05-05 12:16:46 UTC
67,13412,0.580668048304894,81,PGA,2025-05-05 12:16:46 UTC
68,21756,0.57718090925112,59,PGA,2025-05-05 12:16:46 UTC
69,19428,0.565422446612109,71,PGA,2025-05-05 12:16:46 UTC
70,16283,0.55683526093465,72,PGA,2025-05-05 12:16:46 UTC
71,16394,0.545112950812748,48,PGA,2025-05-05 12:16:46 UTC
72,28635,0.532501899637707,54,PGA,2025-05-05 12:16:46 UTC
73,13126,0.503900688054929,36,PGA,2025-05-05 12:16:46 UTC
74,23014,0.500326564084246,31,PGA,2025-05-05 12:16:46 UTC
75,14704,0.48734837259954,148,PGA,2025-05-05 12:16:46 UTC
76,24766,0.474759987442074,41,PGA,2025-05-05 12:16:46 UTC
77,21944,0.463289670694458,89,PGA,2025-05-05 12:16:46 UTC
78,7649,0.439369495875693,488,LIV,2025-05-05 12:16:46 UTC
79,32330,0.437013699815806,103,AM,2025-05-05 12:16:46 UTC
80,32457,0.436522216039465,93,KFT,2025-05-05 12:16:46 UTC
81,11657,0.436137972409776,167,PGA,2025-05-05 12:16:46 UTC
82,7672,0.418126739300931,299,LIV,2025-05-05 12:16:46 UTC
83,23838,0.416069657146603,57,PGA,2025-05-05 12:16:46 UTC
84,25157,0.408720205726832,101,PGA,2025-05-05 12:16:46 UTC
85,23505,0.40332874077558,76,PGA,2025-05-05 12:16:46 UTC
86,6169,0.398796868523718,135,PGA,2025-05-05 12:16:46 UTC
87,21891,0.396092023393262,95,PGA,2025-05-05 12:16:46 UTC
88,18586,0.395041989564071,112,EURO,2025-05-05 12:16:46 UTC
89,7398,0.391683205189886,362,LIV,2025-05-05 12:16:46 UTC
90,10104,0.387436831456811,122,PGA,2025-05-05 12:16:46 UTC
91,14013,0.386617142487885,501,LIV,2025-05-05 12:16:46 UTC
92,17646,0.384579234265624,84,PGA,2025-05-05 12:16:46 UTC
93,7108,0.382577494329868,501,LIV,2025-05-05 12:16:46 UTC
94,18103,0.38091827539136,63,PGA,2025-05-05 12:16:46 UTC
95,17881,0.375849653995062,82,PGA,2025-05-05 12:16:46 UTC
96,24550,0.362963493998331,111,PGA,2025-05-05 12:16:46 UTC
97,18474,0.360622624133248,126,PGA,2025-05-05 12:16:46 UTC
98,6516,0.347088126603716,501,LIV,2025-05-05 12:16:46 UTC
99,14795,0.345013909307277,55,EURO,2025-05-05 12:16:46 UTC
100,25908,0.34282617927998,132,PGA,2025-05-05 12:16:46 UTC
101,14181,0.330117754114687,30,PGA,2025-05-05 12:16:46 UTC
102,22322,0.312837776391199,115,EURO,2025-05-05 12:16:46 UTC
103,12423,0.311164217196252,79,PGA,2025-05-05 12:16:46 UTC
104,18580,0.307285791197377,501,LIV,2025-05-05 12:16:46 UTC
105,22760,0.307280872453032,86,PGA,2025-05-05 12:16:46 UTC
106,12577,0.304963091373103,94,PGA,2025-05-05 12:16:46 UTC
107,18238,0.304220119312685,473,LIV,2025-05-05 12:16:46 UTC
108,19396,0.303653035031685,87,PGA,2025-05-05 12:16:46 UTC
109,16715,0.298851253006844,159,PGA,2025-05-05 12:16:46 UTC
110,25094,0.298670653225624,110,PGA,2025-05-05 12:16:46 UTC
111,23504,0.287475865748832,123,PGA,2025-05-05 12:16:46 UTC
112,26745,0.283147340962054,139,EURO,2025-05-05 12:16:46 UTC
113,21074,0.280240721008904,104,EURO,2025-05-05 12:16:46 UTC
114,26653,0.273900177695376,60,PGA,2025-05-05 12:16:46 UTC
115,14509,0.26393673377244,144,PGA,2025-05-05 12:16:46 UTC
116,15676,0.263062981769712,105,EURO,2025-05-05 12:16:46 UTC
117,15004,0.256338455539018,133,PGA,2025-05-05 12:16:46 UTC
118,19729,0.24971117398776,165,PGA,2025-05-05 12:16:46 UTC
119,17550,0.244698775773687,66,PGA,2025-05-05 12:16:46 UTC
120,20706,0.239633165204254,88,PGA,2025-05-05 12:16:46 UTC
121,23816,0.223043477316409,106,PGA,2025-05-05 12:16:46 UTC
122,22833,0.221550787593462,49,PGA,2025-05-05 12:16:46 UTC
123,17723,0.219593717840134,100,PGA,2025-05-05 12:16:46 UTC
124,28469,0.217671181151635,65,PGA,2025-05-05 12:16:46 UTC
125,12965,0.189760318452878,125,PGA,2025-05-05 12:16:46 UTC
126,13944,0.18795494293624,478,LIV,2025-05-05 12:16:46 UTC
127,23602,0.181078743695476,92,PGA,2025-05-05 12:16:46 UTC
128,11357,0.174216456386474,164,LIV,2025-05-05 12:16:46 UTC
129,28309,0.170374220381009,174,PGA,2025-05-05 12:16:46 UTC
130,10158,0.168576749934243,204,EURO,2025-05-05 12:16:46 UTC
131,18628,0.163219085757609,102,PGA,2025-05-05 12:16:46 UTC
132,16333,0.162083593828395,117,PGA,2025-05-05 12:16:46 UTC
133,27819,0.161412372634589,193,PGA,2025-05-05 12:16:46 UTC
134,14792,0.160366968411661,188,EURO,2025-05-05 12:16:46 UTC
135,27774,0.157918246523055,194,PGA,2025-05-05 12:16:46 UTC
136,5768,0.152304741005695,118,PGA,2025-05-05 12:16:46 UTC
137,6986,0.14891426875707,171,PGA,2025-05-05 12:16:46 UTC
138,26850,0.148237268147494,114,PGA,2025-05-05 12:16:46 UTC
139,18424,0.132773172976168,186,PGA,2025-05-05 12:16:46 UTC
140,20730,0.113941974533984,109,PGA,2025-05-05 12:16:46 UTC
141,12422,0.112571822356667,501,LIV,2025-05-05 12:16:46 UTC
142,25003,0.0996177832909463,180,PGA,2025-05-05 12:16:46 UTC
143,18770,0.0978840463469404,128,PGA,2025-05-05 12:16:46 UTC
144,27164,0.0915195358767989,152,PGA,2025-05-05 12:16:46 UTC
145,11460,0.0908310996184722,124,PGA,2025-05-05 12:16:46 UTC
146,26649,0.086545864961589,146,PGA,2025-05-05 12:16:46 UTC
147,13508,0.0774565678397026,69,PGA,2025-05-05 12:16:46 UTC
148,27183,0.0741568771421754,160,PGA,2025-05-05 12:16:46 UTC
149,13965,0.0676902379678962,91,PGA,2025-05-05 12:16:46 UTC
150,7677,0.0655609416636272,99,JPN,2025-05-05 12:16:46 UTC
151,11889,0.0644779061425122,119,PGA,2025-05-05 12:16:46 UTC
152,15229,0.0595065849332564,244,EURO,2025-05-05 12:16:46 UTC
153,16896,0.0559168537500238,170,EURO,2025-05-05 12:16:46 UTC
154,26651,0.0558649308649831,67,PGA,2025-05-05 12:16:46 UTC
155,6892,0.0485845705058333,501,LIV,2025-05-05 12:16:46 UTC
156,13764,0.0477303740613937,108,EURO,2025-05-05 12:16:46 UTC
157,15193,0.0441605349498001,155,AFR,2025-05-05 12:16:46 UTC
158,26126,0.0423754676695561,276,KFT,2025-05-05 12:16:46 UTC
159,20722,0.0380736985021248,121,PGA,2025-05-05 12:16:46 UTC
160,17786,0.0320418239188052,64,PGA,2025-05-05 12:16:46 UTC
161,15310,0.0318991861263716,131,EURO,2025-05-05 12:16:46 UTC
162,15470,0.0276257042497176,98,PGA,2025-05-05 12:16:46 UTC
163,26193,0.0072065653868625,368,EURO,2025-05-05 12:16:46 UTC
164,21995,-0.0022004254212473,145,PGA,2025-05-05 12:16:46 UTC
165,10201,-0.0086573717051672,141,EURO,2025-05-05 12:16:46 UTC
166,12808,-0.0114976237832506,157,PGA,2025-05-05 12:16:46 UTC
167,28615,-0.0184839441671694,179,EURO,2025-05-05 12:16:46 UTC
168,20954,-0.0230322053312406,116,KFT,2025-05-05 12:16:46 UTC
169,27996,-0.0242008856514255,250,PGA,2025-05-05 12:16:46 UTC
170,32319,-0.0373088776688772,501,AM,2025-05-05 12:16:46 UTC
171,25601,-0.0413657869615574,129,EURO,2025-05-05 12:16:46 UTC
172,12669,-0.0424501875217145,501,LIV,2025-05-05 12:16:46 UTC
173,28159,-0.0426385034435472,162,PGA,2025-05-05 12:16:46 UTC
174,24962,-0.0432291606372559,219,KFT,2025-05-05 12:16:46 UTC
175,13997,-0.0667184679670138,178,PGA,2025-05-05 12:16:46 UTC
176,19840,-0.074547060975453,223,PGA,2025-05-05 12:16:46 UTC
177,15475,-0.0805922135889537,154,PGA,2025-05-05 12:16:46 UTC
178,14698,-0.081875654893917,221,PGA,2025-05-05 12:16:46 UTC
179,17538,-0.0828185925833857,74,PGA,2025-05-05 12:16:46 UTC
180,14007,-0.096223220837419,290,PGA,2025-05-05 12:16:46 UTC
181,14987,-0.0975690397291975,260,EURO,2025-05-05 12:16:46 UTC
182,22087,-0.0992562751034802,242,PGA,2025-05-05 12:16:46 UTC
183,26657,-0.101922086347836,163,PGA,2025-05-05 12:16:46 UTC
184,23482,-0.102921901597226,190,PGA,2025-05-05 12:16:46 UTC
185,24342,-0.114068915502606,137,PGA,2025-05-05 12:16:46 UTC
186,19872,-0.11741022783591,97,PGA,2025-05-05 12:16:46 UTC
187,7334,-0.121069501400411,501,LIV,2025-05-05 12:16:46 UTC
188,21362,-0.123779865410543,153,EURO,2025-05-05 12:16:46 UTC
189,32055,-0.124106144561177,130,KFT,2025-05-05 12:16:46 UTC
190,21688,-0.14751024224663,158,KFT,2025-05-05 12:16:46 UTC
191,20727,-0.148516326090772,220,EURO,2025-05-05 12:16:46 UTC
192,14016,-0.161084123938059,138,EURO,2025-05-05 12:16:46 UTC
193,23656,-0.164028634025556,168,PGA,2025-05-05 12:16:46 UTC
194,11049,-0.16469901222647,380,PGA,2025-05-05 12:16:46 UTC
195,26991,-0.172104234878263,232,EURO,2025-05-05 12:16:46 UTC
196,22985,-0.176926524081879,278,KFT,2025-05-05 12:16:46 UTC
197,14559,-0.182022815795412,420,ASA,2025-05-05 12:16:46 UTC
198,17032,-0.183595830542728,127,PGA,2025-05-05 12:16:46 UTC
199,21646,-0.186697441553883,181,EURO,2025-05-05 12:16:46 UTC
200,12337,-0.186716438351878,501,LIV,2025-05-05 12:16:46 UTC
201,19190,-0.188254087957845,195,PGA,2025-05-05 12:16:46 UTC
202,24304,-0.19365534568705,113,PGA,2025-05-05 12:16:46 UTC
203,22736,-0.19367311926154,225,PGA,2025-05-05 12:16:46 UTC
204,10943,-0.19815093049532,200,PGA,2025-05-05 12:16:46 UTC
205,22465,-0.205664630407546,197,EURO,2025-05-05 12:16:46 UTC
206,30620,-0.216979173169305,249,KFT,2025-05-05 12:16:46 UTC
207,12177,-0.217823797769152,273,EURO,2025-05-05 12:16:46 UTC
208,18635,-0.217926095850001,274,PGA,2025-05-05 12:16:46 UTC
209,15651,-0.230855459878807,210,PGA,2025-05-05 12:16:46 UTC
210,20522,-0.24520960921954,151,EURO,2025-05-05 12:16:46 UTC
211,25002,-0.252669798524187,258,PGA,2025-05-05 12:16:46 UTC
212,24497,-0.258709632797325,203,EURO,2025-05-05 12:16:46 UTC
213,19477,-0.26248113272745,134,PGA,2025-05-05 12:16:46 UTC
214,31343,-0.265718214340269,501,AM,2025-05-05 12:16:46 UTC
215,11451,-0.266040453827017,189,PGA,2025-05-05 12:16:46 UTC
216,30463,-0.267054937310621,349,LIV,2025-05-05 12:16:46 UTC
217,16162,-0.267458731761792,234,KFT,2025-05-05 12:16:46 UTC
218,16652,-0.269472511279065,120,EURO,2025-05-05 12:16:46 UTC
219,16602,-0.271770951842164,501,LIV,2025-05-05 12:16:46 UTC
220,14775,-0.273616523347025,258,EURO,2025-05-05 12:16:46 UTC
221,18187,-0.278528884568753,318,PGA,2025-05-05 12:16:46 UTC
222,18517,-0.278560500210022,150,EURO,2025-05-05 12:16:46 UTC
223,4818,-0.279197884898116,501,CHAMP,2025-05-05 12:16:46 UTC
224,18761,-0.296613968836483,341,PGA,2025-05-05 12:16:46 UTC
225,15326,-0.322428763293796,222,EURO,2025-05-05 12:16:46 UTC
226,29827,-0.324485882285797,501,AM,2025-05-05 12:16:46 UTC
227,17357,-0.327285398535513,166,EURO,2025-05-05 12:16:46 UTC
228,30445,-0.333276063119855,214,EURO,2025-05-05 12:16:46 UTC
229,11019,-0.335544337838315,501,LIV,2025-05-05 12:16:46 UTC
230,14975,-0.337879941560841,233,EURO,2025-05-05 12:16:46 UTC
231,7033,-0.341521359575929,443,EURO,2025-05-05 12:16:46 UTC
232,22002,-0.350746495935335,272,PGA,2025-05-05 12:16:46 UTC
233,27811,-0.353025781063838,247,EURO,2025-05-05 12:16:46 UTC
234,15330,-0.361263055194715,270,PGA,2025-05-05 12:16:46 UTC
235,7960,-0.365616046567155,185,PGA,2025-05-05 12:16:46 UTC
236,23733,-0.368851747065288,196,EURO,2025-05-05 12:16:46 UTC
237,19846,-0.373699258481579,289,KFT,2025-05-05 12:16:46 UTC
238,20766,-0.378092870378609,147,EURO,2025-05-05 12:16:46 UTC
239,24185,-0.379799438872442,156,EURO,2025-05-05 12:16:46 UTC
240,5665,-0.38002253394442,478,CHAMP,2025-05-05 12:16:46 UTC
241,13485,-0.388698491310287,226,JPN,2025-05-05 12:16:46 UTC
242,14904,-0.394122789587134,297,JPN,2025-05-05 12:16:46 UTC
243,16395,-0.395409434755563,177,PGA,2025-05-05 12:16:46 UTC
244,14196,-0.396761866687219,241,LIV,2025-05-05 12:16:46 UTC
245,29770,-0.397462431771883,201,PGA,2025-05-05 12:16:46 UTC
246,22050,-0.404312454387227,205,KFT,2025-05-05 12:16:46 UTC
247,19232,-0.406855169765945,282,ASA,2025-05-05 12:16:46 UTC
248,19844,-0.415716670811099,321,ASA,2025-05-05 12:16:46 UTC
249,7452,-0.416465993535449,501,LIV,2025-05-05 12:16:46 UTC
250,18869,-0.418583343408908,245,KFT,2025-05-05 12:16:46 UTC
251,9842,-0.419992316409412,287,EURO,2025-05-05 12:16:46 UTC
252,21943,-0.42399138121578,187,KFT,2025-05-05 12:16:46 UTC
253,11952,-0.424675784238179,429,LIV,2025-05-05 12:16:46 UTC
254,12734,-0.425010441724642,294,EURO,2025-05-05 12:16:46 UTC
255,22608,-0.425577440323936,312,EURO,2025-05-05 12:16:46 UTC
256,26660,-0.427716274967709,255,PGA,2025-05-05 12:16:46 UTC
257,18027,-0.431089274398788,462,EURO,2025-05-05 12:16:46 UTC
258,18524,-0.433492362432434,143,ASA,2025-05-05 12:16:46 UTC
259,10418,-0.437819357474016,410,EURO,2025-05-05 12:16:46 UTC
260,12522,-0.438795878843376,340,EURO,2025-05-05 12:16:46 UTC
261,14373,-0.440116839061617,184,ASA,2025-05-05 12:16:46 UTC
262,16757,-0.452211384450293,399,KFT,2025-05-05 12:16:46 UTC
263,19960,-0.46026129980751,61,PGA,2025-05-05 12:16:46 UTC
264,21236,-0.461715937255607,263,PGA,2025-05-05 12:16:46 UTC
265,8605,-0.461813021206581,501,LIV,2025-05-05 12:16:46 UTC
266,25362,-0.464645312025701,230,EURO,2025-05-05 12:16:46 UTC
267,17381,-0.474319598083934,208,PGA,2025-05-05 12:16:46 UTC
268,28270,-0.479324291874169,50,PGA,2025-05-05 12:16:46 UTC
269,17639,-0.479433641397838,228,PGA,2025-05-05 12:16:46 UTC
270,19865,-0.483064297600166,377,PGA,2025-05-05 12:16:46 UTC
271,11117,-0.485168779934692,367,KFT,2025-05-05 12:16:46 UTC
272,24956,-0.4947699923572,394,KFT,2025-05-05 12:16:46 UTC
273,4871,-0.494793906043676,501,CHAMP,2025-05-05 12:16:46 UTC
274,15756,-0.496020185617496,286,ASA,2025-05-05 12:16:46 UTC
275,12920,-0.500375732869773,335,PGA,2025-05-05 12:16:46 UTC
276,26953,-0.500831285981061,501,AM,2025-05-05 12:16:46 UTC
277,27420,-0.504572715430735,212,PGA,2025-05-05 12:16:46 UTC
278,31251,-0.505435334500918,268,KFT,2025-05-05 12:16:46 UTC
279,12321,-0.51042946354422,292,EURO,2025-05-05 12:16:46 UTC
280,23610,-0.519652781199513,239,EURO,2025-05-05 12:16:46 UTC
281,11397,-0.522439913956745,311,EURO,2025-05-05 12:16:46 UTC
282,27780,-0.52509945513571,281,PGA,2025-05-05 12:16:46 UTC
283,24369,-0.52596406924128,329,EURO,2025-05-05 12:16:46 UTC
284,20984,-0.527395872804157,333,JPN,2025-05-05 12:16:46 UTC
285,24837,-0.530528088891087,350,PGA,2025-05-05 12:16:46 UTC
286,23542,-0.531283065849995,378,PGA,2025-05-05 12:16:46 UTC
287,25131,-0.531837898605361,176,EURO,2025-05-05 12:16:46 UTC
288,15274,-0.532386162776137,316,ASA,2025-05-05 12:16:46 UTC
289,19898,-0.534716049451331,211,EURO,2025-05-05 12:16:46 UTC
290,7489,-0.539163766595405,328,PGA,2025-05-05 12:16:46 UTC
291,14209,-0.545518089574241,496,LIV,2025-05-05 12:16:46 UTC
292,12413,-0.55634648018652,175,ASA,2025-05-05 12:16:46 UTC
293,20085,-0.561651883116869,336,EURO,2025-05-05 12:16:46 UTC
294,9586,-0.563057413750034,334,PGA,2025-05-05 12:16:46 UTC
295,8480,-0.563220231978539,236,PGA,2025-05-05 12:16:46 UTC
296,24343,-0.570329062847229,235,KFT,2025-05-05 12:16:46 UTC
297,19538,-0.571513854472553,346,ASA,2025-05-05 12:16:46 UTC
298,25213,-0.57228241951685,363,EURO,2025-05-05 12:16:46 UTC
299,18722,-0.57486158537613,343,EURO,2025-05-05 12:16:46 UTC
300,13470,-0.578215376510585,149,PGA,2025-05-05 12:16:46 UTC
301,22259,-0.581932945244674,172,EURO,2025-05-05 12:16:46 UTC
302,8820,-0.584523021585842,385,PGA,2025-05-05 12:16:46 UTC
303,22986,-0.585576817271882,366,KFT,2025-05-05 12:16:46 UTC
304,24481,-0.601583344907335,424,KFT,2025-05-05 12:16:46 UTC
305,31188,-0.603894847766011,501,AM,2025-05-05 12:16:46 UTC
306,12988,-0.604165446907405,218,EURO,2025-05-05 12:16:46 UTC
307,29197,-0.606107239856596,501,PTA,2025-05-05 12:16:46 UTC
308,25611,-0.606851201959828,428,EURO,2025-05-05 12:16:46 UTC
309,16433,-0.610764022178837,308,PGA,2025-05-05 12:16:46 UTC
310,21875,-0.614330773524026,224,PGA,2025-05-05 12:16:46 UTC
311,20448,-0.617852438249505,256,EURO,2025-05-05 12:16:46 UTC
312,874,-0.62000013276101,501,CHAMP,2025-05-05 12:16:46 UTC
313,28016,-0.620182899578253,338,KFT,2025-05-05 12:16:46 UTC
314,1547,-0.620648954516855,501,LIV,2025-05-05 12:16:46 UTC
315,27947,-0.622116658394872,501,AM,2025-05-05 12:16:46 UTC
316,17813,-0.628010609336468,206,EURO,2025-05-05 12:16:46 UTC
317,13127,-0.628096896409156,320,PGA,2025-05-05 12:16:46 UTC
318,5994,-0.628697598754753,501,LIV,2025-05-05 12:16:46 UTC
319,14018,-0.631965991343866,339,EURO,2025-05-05 12:16:46 UTC
320,13497,-0.634048481062446,198,PGA,2025-05-05 12:16:46 UTC
321,16796,-0.63419283433373,501,KFT,2025-05-05 12:16:46 UTC
322,21412,-0.635105854000126,182,PGA,2025-05-05 12:16:46 UTC
323,31955,-0.635859197220219,501,AM,2025-05-05 12:16:46 UTC
324,28268,-0.643810551036486,388,JPN,2025-05-05 12:16:46 UTC
325,30767,-0.644162173228708,402,KFT,2025-05-05 12:16:46 UTC
326,15980,-0.646621011100763,192,PGA,2025-05-05 12:16:46 UTC
327,25919,-0.646677351985325,501,LIV,2025-05-05 12:16:46 UTC
328,18105,-0.646772217584973,78,EURO,2025-05-05 12:16:46 UTC
329,19866,-0.64983559473126,501,LIV,2025-05-05 12:16:46 UTC
330,11396,-0.653731465830141,304,EURO,2025-05-05 12:16:46 UTC
331,24298,-0.674689290349944,397,ASA,2025-05-05 12:16:46 UTC
332,22089,-0.675208482158085,237,EURO,2025-05-05 12:16:46 UTC
333,9531,-0.679319929505038,240,EURO,2025-05-05 12:16:46 UTC
334,27900,-0.684410200089632,136,PGA,2025-05-05 12:16:46 UTC
335,25319,-0.686004400785075,491,KFT,2025-05-05 12:16:46 UTC
336,7548,-0.689304486974244,501,LIV,2025-05-05 12:16:46 UTC
337,6950,-0.69285418202029,227,EURO,2025-05-05 12:16:46 UTC
338,13923,-0.698670391824993,440,KOR,2025-05-05 12:16:46 UTC
339,26947,-0.702431915830536,326,EURO,2025-05-05 12:16:46 UTC
340,15852,-0.702480650640132,501,PGA,2025-05-05 12:16:46 UTC
341,13831,-0.705107008406897,310,KFT,2025-05-05 12:16:46 UTC
342,25475,-0.705736105877699,442,KFT,2025-05-05 12:16:46 UTC
343,23502,-0.705853532231302,296,PGA,2025-05-05 12:16:46 UTC
344,30621,-0.712543031679087,383,KFT,2025-05-05 12:16:46 UTC
345,25036,-0.714340097684847,371,KFT,2025-05-05 12:16:46 UTC
346,10873,-0.715560544571731,291,PGA,2025-05-05 12:16:46 UTC
347,7655,-0.715721536756028,501,PGA,2025-05-05 12:16:46 UTC
348,32089,-0.721932471590124,501,AM,2025-05-05 12:16:46 UTC
349,16341,-0.722069947040371,243,PGA,2025-05-05 12:16:46 UTC
350,16563,-0.722243211610134,293,ASA,2025-05-05 12:16:46 UTC
351,26190,-0.722384888655424,404,KFT,2025-05-05 12:16:46 UTC
352,32312,-0.723476016469309,344,KFT,2025-05-05 12:16:46 UTC
353,13139,-0.724803230509473,360,EURO,2025-05-05 12:16:46 UTC
354,21677,-0.728560366968039,357,CHA,2025-05-05 12:16:46 UTC
355,25889,-0.730341883275863,323,CHA,2025-05-05 12:16:46 UTC
356,9133,-0.733015633713099,265,EURO,2025-05-05 12:16:46 UTC
357,25890,-0.733194851350003,493,AFR,2025-05-05 12:16:46 UTC
358,21407,-0.735691322379929,284,EURO,2025-05-05 12:16:46 UTC
359,9643,-0.741677471898926,451,KFT,2025-05-05 12:16:46 UTC
360,18514,-0.749712019703686,283,EURO,2025-05-05 12:16:46 UTC
361,28157,-0.754149705017886,353,EURO,2025-05-05 12:16:46 UTC
362,19869,-0.760199270355312,430,KFT,2025-05-05 12:16:46 UTC
363,15056,-0.766083454605937,427,JPN,2025-05-05 12:16:46 UTC
364,24200,-0.767966583159113,202,EURO,2025-05-05 12:16:46 UTC
365,17747,-0.770015718510775,359,EURO,2025-05-05 12:16:46 UTC
366,25442,-0.773839385117045,269,PGA,2025-05-05 12:16:46 UTC
367,18662,-0.77455357411861,285,KFT,2025-05-05 12:16:46 UTC
368,18174,-0.776934275834949,437,CHA,2025-05-05 12:16:46 UTC
369,28471,-0.782351591332995,331,KFT,2025-05-05 12:16:46 UTC
370,30036737,-0.784068378526686,501,AM,2025-05-05 12:16:46 UTC
371,24354,-0.785807842239757,408,PGA,2025-05-05 12:16:46 UTC
372,15680,-0.78934182817069,288,EURO,2025-05-05 12:16:46 UTC
373,1435,-0.789858326154467,501,LIV,2025-05-05 12:16:46 UTC
374,22535,-0.793557522898576,327,PGA,2025-05-05 12:16:46 UTC
375,16497,-0.796893849510144,161,EURO,2025-05-05 12:16:46 UTC
376,19635,-0.80605943180652,280,EURO,2025-05-05 12:16:46 UTC
377,19224,-0.806071172175689,216,EURO,2025-05-05 12:16:46 UTC
378,32064,-0.807392281148542,501,AM,2025-05-05 12:16:46 UTC
379,16591,-0.809352063311694,499,KFT,2025-05-05 12:16:46 UTC
380,11763,-0.809773845842455,253,EURO,2025-05-05 12:16:46 UTC
381,12530,-0.810226467107157,360,EURO,2025-05-05 12:16:46 UTC
382,14002,-0.813341524964921,358,KFT,2025-05-05 12:16:46 UTC
383,21921,-0.821583982028085,322,JPN,2025-05-05 12:16:46 UTC
384,18933,-0.8233572400346,238,KFT,2025-05-05 12:16:46 UTC
385,19948,-0.827630754540931,501,KFT,2025-05-05 12:16:46 UTC
386,25263,-0.828136616565343,374,PGA,2025-05-05 12:16:46 UTC
387,20780,-0.829533914263979,262,EURO,2025-05-05 12:16:46 UTC
388,7961,-0.830898823453047,435,PGA,2025-05-05 12:16:46 UTC
389,18059,-0.837863993977678,373,KFT,2025-05-05 12:16:46 UTC
390,27762,-0.840292329865799,375,PGA,2025-05-05 12:16:46 UTC
391,23599,-0.842890116312919,248,KFT,2025-05-05 12:16:46 UTC
392,12426,-0.84364972351157,140,EURO,2025-05-05 12:16:46 UTC
393,15596,-0.847408223479084,352,EURO,2025-05-05 12:16:46 UTC
394,29279,-0.849334737521133,228,PGA,2025-05-05 12:16:46 UTC
395,13089,-0.850253078880336,432,EURO,2025-05-05 12:16:46 UTC
396,29971,-0.85093764832421,215,EURO,2025-05-05 12:16:46 UTC
397,12213,-0.854931147443639,422,EURO,2025-05-05 12:16:46 UTC
398,13305,-0.858694785056919,376,PGA,2025-05-05 12:16:46 UTC
399,11955,-0.864184305987294,305,EURO,2025-05-05 12:16:46 UTC
400,16842,-0.866734668795223,372,KFT,2025-05-05 12:16:46 UTC
401,27820,-0.867253147058274,251,PGA,2025-05-05 12:16:46 UTC
402,13498,-0.869933889282583,365,KOR,2025-05-05 12:16:46 UTC
403,31192,-0.870591559899411,398,KFT,2025-05-05 12:16:46 UTC
404,14140,-0.872370878572395,199,PGA,2025-05-05 12:16:46 UTC
405,28542,-0.87703534225859,433,KFT,2025-05-05 12:16:46 UTC
406,23549,-0.880715257765743,469,EURO,2025-05-05 12:16:46 UTC
407,27258,-0.884219200540773,476,EURO,2025-05-05 12:16:46 UTC
408,19899,-0.889293774346154,485,EURO,2025-05-05 12:16:46 UTC
409,20844,-0.891583634868527,393,CHA,2025-05-05 12:16:46 UTC
410,18555,-0.893372990939763,315,CHA,2025-05-05 12:16:46 UTC
411,25963,-0.894630878039157,324,EURO,2025-05-05 12:16:46 UTC
412,26531,-0.896974840393468,465,KFT,2025-05-05 12:16:46 UTC
413,17280,-0.897753956539004,501,KFT,2025-05-05 12:16:46 UTC
414,28473,-0.898552516799617,501,AM,2025-05-05 12:16:46 UTC
415,23234,-0.899382694152312,484,KFT,2025-05-05 12:16:46 UTC
416,21880,-0.901442900348523,438,PGA,2025-05-05 12:16:46 UTC
417,23416,-0.91256864689779,207,EURO,2025-05-05 12:16:46 UTC
418,30029770,-0.915219205474596,501,AM,2025-05-05 12:16:46 UTC
419,7679,-0.91596667870276,453,EURO,2025-05-05 12:16:46 UTC
420,25806,-0.918278388196103,369,KOR,2025-05-05 12:16:46 UTC
421,32593,-0.918520302553926,501,AM,2025-05-05 12:16:46 UTC
422,32152,-0.922468653934792,501,AM,2025-05-05 12:16:46 UTC
423,20353,-0.924219890758414,493,KFT,2025-05-05 12:16:46 UTC
424,26000,-0.92507850491026,391,ASA,2025-05-05 12:16:46 UTC
425,12477,-0.931383845338343,501,PGA,2025-05-05 12:16:46 UTC
426,8571,-0.933085283651609,501,KFT,2025-05-05 12:16:46 UTC
427,26143,-0.933915676292693,392,KFT,2025-05-05 12:16:46 UTC
428,30036168,-0.93429644858058,501,AM,2025-05-05 12:16:46 UTC
429,9099,-0.937274372812952,301,JPN,2025-05-05 12:16:46 UTC
430,19681,-0.941259615718985,351,JPN,2025-05-05 12:16:46 UTC
431,30032657,-0.943957237818334,501,AM,2025-05-05 12:16:46 UTC
432,26617,-0.944376319034443,331,KFT,2025-05-05 12:16:46 UTC
433,3596,-0.946988478498951,501,CHAMP,2025-05-05 12:16:46 UTC
434,21889,-0.948262771249636,501,KFT,2025-05-05 12:16:46 UTC
435,17081,-0.948684345478492,301,EURO,2025-05-05 12:16:46 UTC
436,5716,-0.955509007586612,471,CHAMP,2025-05-05 12:16:46 UTC
437,18536,-0.957059893365742,406,KFT,2025-05-05 12:16:46 UTC
438,29318,-0.959206833549513,314,KFT,2025-05-05 12:16:46 UTC
439,9171,-0.961992243809206,264,PGA,2025-05-05 12:16:46 UTC
440,17570,-0.967386352602966,501,KFT,2025-05-05 12:16:46 UTC
441,18484,-0.976115400256909,501,KOR,2025-05-05 12:16:46 UTC
442,16475,-0.978910706866128,277,EURO,2025-05-05 12:16:46 UTC
443,7578,-0.985914587225153,501,KOR,2025-05-05 12:16:46 UTC
444,14784,-0.9904570038834,407,EURO,2025-05-05 12:16:46 UTC
445,16160,-0.994023897697663,381,JPN,2025-05-05 12:16:46 UTC
446,28276,-0.994572497282317,183,LIV,2025-05-05 12:16:46 UTC
447,18244,-0.998494351307846,501,EURO,2025-05-05 12:16:46 UTC
448,15394,-1.00064786425387,501,KFT,2025-05-05 12:16:46 UTC
449,15191,-1.00550394861439,396,EURO,2025-05-05 12:16:46 UTC
450,14967,-1.0081669580804,384,PGA,2025-05-05 12:16:46 UTC
451,24127,-1.01420137947883,213,EURO,2025-05-05 12:16:46 UTC
452,23892,-1.01762831993807,390,EURO,2025-05-05 12:16:46 UTC
453,14368,-1.01841523078851,501,ASA,2025-05-05 12:16:46 UTC
454,22231,-1.02006578382308,448,EURO,2025-05-05 12:16:46 UTC
455,27597,-1.02021491032856,501,LIV,2025-05-05 12:16:46 UTC
456,29970,-1.02043087852161,501,KFT,2025-05-05 12:16:46 UTC
457,26506,-1.02059240386462,501,CHA,2025-05-05 12:16:46 UTC
458,13367,-1.0228244861728,401,PGA,2025-05-05 12:16:46 UTC
459,8085,-1.0243600809508,309,KFT,2025-05-05 12:16:46 UTC
460,290,-1.02733882722582,501,CHAMP,2025-05-05 12:16:46 UTC
461,19738,-1.02803789563758,501,KFT,2025-05-05 12:16:46 UTC
462,32449,-1.02982284341966,330,EURO,2025-05-05 12:16:46 UTC
463,32550,-1.03335514421466,501,AM,2025-05-05 12:16:46 UTC
464,23708,-1.03619224753228,464,KFT,2025-05-05 12:16:46 UTC
465,6304,-1.04047396268458,501,AFR,2025-05-05 12:16:46 UTC
466,15113,-1.04253556890264,481,EURO,2025-05-05 12:16:46 UTC
467,18994,-1.0437119720115,412,JPN,2025-05-05 12:16:46 UTC
468,15120,-1.04407891927216,501,KFT,2025-05-05 12:16:46 UTC
469,23540,-1.04485449988994,400,PGA,2025-05-05 12:16:46 UTC
470,30033816,-1.04564015155759,501,AM,2025-05-05 12:16:46 UTC
471,12232,-1.04811454100878,266,JPN,2025-05-05 12:16:46 UTC
472,30429,-1.04863652041701,501,KFT,2025-05-05 12:16:46 UTC
473,24091,-1.05057190285917,458,ASA,2025-05-05 12:16:46 UTC
474,30428,-1.05107331916863,501,LIV,2025-05-05 12:16:46 UTC
475,5151,-1.05311866697939,501,CHAMP,2025-05-05 12:16:46 UTC
476,15115,-1.05458754504852,439,EURO,2025-05-05 12:16:46 UTC
477,15499,-1.0561425095752,501,KFT,2025-05-05 12:16:46 UTC
478,12317,-1.05942567684295,447,EURO,2025-05-05 12:16:46 UTC
479,25089,-1.05993052231283,501,CHA,2025-05-05 12:16:46 UTC
480,24093,-1.06184841746755,245,EURO,2025-05-05 12:16:46 UTC
481,11374,-1.06388978961746,501,PGA,2025-05-05 12:16:46 UTC
482,22168,-1.06722335342069,271,CHA,2025-05-05 12:16:46 UTC
483,14050,-1.06804416948297,436,KFT,2025-05-05 12:16:46 UTC
484,25363,-1.06881925323345,403,PGA,2025-05-05 12:16:46 UTC
485,20519,-1.06905064431253,492,EURO,2025-05-05 12:16:46 UTC
486,13374,-1.07088154782873,319,EURO,2025-05-05 12:16:46 UTC
487,13681,-1.07170239423112,501,AFR,2025-05-05 12:16:46 UTC
488,7899,-1.07639970540877,501,PGA,2025-05-05 12:16:46 UTC
489,14663,-1.07948809728191,501,JPN,2025-05-05 12:16:46 UTC
490,11852,-1.08921803898888,425,ASA,2025-05-05 12:16:46 UTC
491,30210,-1.09001296166137,423,AFR,2025-05-05 12:16:46 UTC
492,18149,-1.09089701577333,431,ASA,2025-05-05 12:16:46 UTC
493,31960,-1.0952388221687,501,AM,2025-05-05 12:16:46 UTC
494,21072,-1.10293986934046,452,KOR,2025-05-05 12:16:46 UTC
495,12909,-1.10594523635378,209,PGA,2025-05-05 12:16:46 UTC
496,25588,-1.11209786523308,457,EURO,2025-05-05 12:16:46 UTC
497,30039332,-1.11234251246771,501,AM,2025-05-05 12:16:46 UTC
498,27588,-1.11286530952209,386,EURO,2025-05-05 12:16:46 UTC
499,6252,-1.11499338521935,389,PGA,2025-05-05 12:16:46 UTC
500,21020,-1.1156502556859,501,JPN,2025-05-05 12:16:46 UTC
