dg_id,driving_accuracy,driving_distance,sg_approach,sg_around_green,sg_off_the_tee,sg_putting,sg_total,last_updated
18417,0.075,5.974,1.331,0.252,0.856,0.434,2.873,2025-05-05 17:26:31 UTC
19841,0.005,26.758,0.381,0.237,1.556,0.308,2.482,2025-05-05 17:26:31 UTC
10091,-0.02,21.053,0.839,0.209,0.886,0.342,2.276,2025-05-05 17:26:31 UTC
19195,0.039,14.731,0.525,0.436,1.046,0.18,2.187,2025-05-05 17:26:31 UTC
22085,0.1,-0.737,0.98,0.127,0.627,0.131,1.865,2025-05-05 17:26:31 UTC
18079,-0.002,17.198,0.636,0.092,0.863,0.168,1.76,2025-05-05 17:26:31 UTC
14139,-0.023,7.739,0.776,0.387,0.13,0.328,1.621,2025-05-05 17:26:31 UTC
15466,0.015,6.636,0.715,0.113,0.539,0.178,1.545,2025-05-05 17:26:31 UTC
12294,0.065,-0.367,0.782,0.286,0.421,0.046,1.534,2025-05-05 17:26:31 UTC
14796,0.023,4.238,0.624,0.225,0.434,0.225,1.508,2025-05-05 17:26:31 UTC
14578,0.085,-8.57,0.613,0.272,0.173,0.363,1.421,2025-05-05 17:26:31 UTC
17576,0.07,0.58,0.644,0.078,0.592,0.087,1.402,2025-05-05 17:26:31 UTC
23950,0.008,13.173,0.457,0.038,0.702,0.159,1.356,2025-05-05 17:26:31 UTC
19895,-0.025,9.256,0.778,0.168,0.164,0.223,1.333,2025-05-05 17:26:31 UTC
13562,-0.01,3.189,0.671,0.381,0.181,0.068,1.301,2025-05-05 17:26:31 UTC
17606,0.08,-1.496,0.508,0.181,0.44,0.145,1.274,2025-05-05 17:26:31 UTC
13900,0.039,-0.325,0.62,0.213,0.276,0.063,1.172,2025-05-05 17:26:31 UTC
14636,0.027,6.385,0.325,0.154,0.475,0.192,1.145,2025-05-05 17:26:31 UTC
18634,0.003,4.612,0.364,0.121,0.318,0.334,1.138,2025-05-05 17:26:31 UTC
27364,0.022,6.894,0.48,0.21,0.478,-0.034,1.133,2025-05-05 17:26:31 UTC
18554,0.11,-8.97,0.491,0.138,0.4,0.057,1.087,2025-05-05 17:26:31 UTC
23323,0.023,3.49,0.42,0.12,0.451,0.086,1.077,2025-05-05 17:26:31 UTC
17511,0.07,-2.951,0.829,-0.099,0.293,0.051,1.075,2025-05-05 17:26:31 UTC
18841,0.015,6.294,0.66,-0.137,0.333,0.205,1.061,2025-05-05 17:26:31 UTC
13872,0.033,5.717,0.603,0.142,0.448,-0.137,1.056,2025-05-05 17:26:31 UTC
14838,0.026,-3.979,0.307,0.335,0.132,0.269,1.044,2025-05-05 17:26:31 UTC
23475,0.004,0.759,0.318,0.297,0.188,0.206,1.009,2025-05-05 17:26:31 UTC
17488,0.06,-1.457,-0.054,0.38,0.304,0.36,0.99,2025-05-05 17:26:31 UTC
17064,-0.014,7.593,-0.125,0.187,0.501,0.411,0.975,2025-05-05 17:26:31 UTC
17536,0.022,3.669,0.564,-0.026,0.377,0.059,0.974,2025-05-05 17:26:31 UTC
14609,0.069,-2.393,0.491,0.167,0.368,-0.059,0.967,2025-05-05 17:26:31 UTC
14735,0.009,5.356,0.221,0.131,0.447,0.165,0.965,2025-05-05 17:26:31 UTC
28984,-0.042,15.975,0.068,-0.087,0.693,0.269,0.943,2025-05-05 17:26:31 UTC
16841,-0.063,15.015,-0.003,0.337,0.171,0.421,0.926,2025-05-05 17:26:31 UTC
20770,0.074,-1.766,0.363,0.043,0.522,-0.006,0.922,2025-05-05 17:26:31 UTC
19870,0.023,-4.441,0.206,0.163,-0.058,0.611,0.922,2025-05-05 17:26:31 UTC
9771,-0.003,0.971,0.134,0.265,0.105,0.413,0.917,2025-05-05 17:26:31 UTC
23841,0.033,3.767,0.436,0.034,0.466,-0.019,0.916,2025-05-05 17:26:31 UTC
17543,-0.011,2.063,0.511,0.142,0.123,0.118,0.894,2025-05-05 17:26:31 UTC
17780,0.002,11.04,0.429,-0.195,0.596,0.043,0.872,2025-05-05 17:26:31 UTC
17365,-0.006,11.062,0.42,0.001,0.53,-0.09,0.86,2025-05-05 17:26:31 UTC
10419,0.024,-4.697,0.401,0.195,0.041,0.186,0.824,2025-05-05 17:26:31 UTC
19483,-0.01,7.568,-0.14,0.124,0.13,0.699,0.814,2025-05-05 17:26:31 UTC
24968,0.013,0.33,0.392,0.155,0.122,0.143,0.812,2025-05-05 17:26:31 UTC
26096,0.03,-2.252,0.389,-0.015,0.073,0.359,0.806,2025-05-05 17:26:31 UTC
21554,0.038,-4.813,0.314,0.2,0.077,0.198,0.789,2025-05-05 17:26:31 UTC
11676,0.007,6.427,0.39,0.136,0.356,-0.11,0.771,2025-05-05 17:26:31 UTC
19428,-0.003,5.528,0.584,0.018,0.288,-0.127,0.763,2025-05-05 17:26:31 UTC
14502,0.007,0.434,0.32,0.123,0.165,0.135,0.743,2025-05-05 17:26:31 UTC
15556,-0.016,1.353,0.087,0.322,-0.066,0.387,0.73,2025-05-05 17:26:31 UTC
8825,0.055,-6.897,0.338,0.157,0.051,0.16,0.706,2025-05-05 17:26:31 UTC
14459,-0.054,11.519,0.209,0.171,0.318,0.001,0.699,2025-05-05 17:26:31 UTC
15856,-0.067,1.182,-0.083,0.493,-0.31,0.6,0.699,2025-05-05 17:26:31 UTC
17881,0.018,8.862,0.459,-0.101,0.594,-0.266,0.687,2025-05-05 17:26:31 UTC
14424,-0.067,18.077,0.191,0.11,0.484,-0.102,0.684,2025-05-05 17:26:31 UTC
23604,-0.047,11.3,0.071,0.192,0.145,0.275,0.683,2025-05-05 17:26:31 UTC
29433,-0.014,0.712,0.029,0.125,0.051,0.472,0.677,2025-05-05 17:26:31 UTC
13412,0.013,2.568,0.219,0.077,0.219,0.133,0.649,2025-05-05 17:26:31 UTC
16243,-0.013,6.998,0.372,0.026,0.304,-0.059,0.643,2025-05-05 17:26:31 UTC
6093,0.021,0.161,0.332,0.056,0.147,0.066,0.602,2025-05-05 17:26:31 UTC
7399,0.09,-8.466,0.497,0.028,0.179,-0.11,0.594,2025-05-05 17:26:31 UTC
14577,0.017,1.13,0.019,0.112,0.083,0.376,0.59,2025-05-05 17:26:31 UTC
28635,0.047,-4.662,0.14,0.091,0.17,0.185,0.586,2025-05-05 17:26:31 UTC
21944,-0.009,7.625,-0.037,0.189,0.301,0.132,0.585,2025-05-05 17:26:31 UTC
11276,0.002,-0.068,0.207,0.103,0.07,0.205,0.585,2025-05-05 17:26:31 UTC
25569,0.006,4.7,0.023,0.109,0.22,0.23,0.582,2025-05-05 17:26:31 UTC
23014,-0.027,5.332,0.221,0.145,0.012,0.203,0.582,2025-05-05 17:26:31 UTC
5689,0.063,2.323,-0.032,0.065,0.583,-0.046,0.57,2025-05-05 17:26:31 UTC
26745,-0.017,9.34,0.139,0.0,0.54,-0.11,0.569,2025-05-05 17:26:31 UTC
24550,0.05,-0.976,0.468,0.059,0.359,-0.321,0.565,2025-05-05 17:26:31 UTC
22322,0.023,9.129,-0.276,0.042,0.73,0.033,0.53,2025-05-05 17:26:31 UTC
24766,0.04,1.462,0.373,0.0,0.147,0.006,0.526,2025-05-05 17:26:31 UTC
29767,0.015,-0.473,0.21,0.086,0.105,0.117,0.518,2025-05-05 17:26:31 UTC
14795,0.04,4.17,0.182,-0.101,0.642,-0.218,0.505,2025-05-05 17:26:31 UTC
27194,-0.036,0.88,0.041,0.25,-0.226,0.438,0.502,2025-05-05 17:26:31 UTC
18586,0.046,0.869,0.126,-0.12,0.41,0.081,0.497,2025-05-05 17:26:31 UTC
21891,-0.026,10.823,0.257,0.066,0.381,-0.208,0.495,2025-05-05 17:26:31 UTC
21756,-0.022,-0.817,0.272,0.182,-0.191,0.225,0.488,2025-05-05 17:26:31 UTC
23504,0.049,4.493,0.303,-0.029,0.554,-0.342,0.486,2025-05-05 17:26:31 UTC
13126,0.043,-6.739,0.334,0.083,0.046,0.01,0.473,2025-05-05 17:26:31 UTC
18474,0.02,3.575,0.055,0.098,0.26,0.053,0.466,2025-05-05 17:26:31 UTC
17646,0.012,1.229,0.015,0.091,0.16,0.191,0.458,2025-05-05 17:26:31 UTC
23838,-0.062,15.357,0.138,-0.046,0.16,0.204,0.456,2025-05-05 17:26:31 UTC
27774,-0.066,16.06,0.019,0.038,0.436,-0.042,0.45,2025-05-05 17:26:31 UTC
32330,0.014,9.373,0.155,-0.212,0.535,-0.029,0.449,2025-05-05 17:26:31 UTC
16394,-0.049,5.865,0.261,0.187,-0.162,0.161,0.447,2025-05-05 17:26:31 UTC
23505,0.053,-3.494,0.296,-0.01,0.255,-0.097,0.445,2025-05-05 17:26:31 UTC
22760,0.027,-3.0,0.144,0.033,0.111,0.153,0.441,2025-05-05 17:26:31 UTC
15575,0.015,-4.345,0.541,-0.073,-0.167,0.14,0.441,2025-05-05 17:26:31 UTC
25157,0.05,-1.258,0.318,-0.076,0.175,0.023,0.44,2025-05-05 17:26:31 UTC
16283,-0.015,4.511,-0.072,0.228,0.026,0.255,0.438,2025-05-05 17:26:31 UTC
26653,0.048,1.45,0.179,-0.207,0.429,0.017,0.419,2025-05-05 17:26:31 UTC
15676,-0.044,20.2,-0.186,-0.276,0.693,0.176,0.407,2025-05-05 17:26:31 UTC
23602,-0.047,12.345,0.266,-0.131,0.269,0.0,0.404,2025-05-05 17:26:31 UTC
14509,0.066,-4.608,0.434,-0.073,0.303,-0.275,0.39,2025-05-05 17:26:31 UTC
10104,0.029,-0.235,0.132,0.144,0.141,-0.028,0.39,2025-05-05 17:26:31 UTC
6430,-0.031,5.918,0.2,0.08,0.076,0.026,0.383,2025-05-05 17:26:31 UTC
18580,0.05,-4.991,0.235,0.055,-0.005,0.077,0.362,2025-05-05 17:26:31 UTC
14181,-0.025,6.22,-0.047,-0.01,0.177,0.24,0.361,2025-05-05 17:26:31 UTC
11657,0.051,-7.469,0.567,-0.137,-0.037,-0.047,0.347,2025-05-05 17:26:31 UTC
23465,-0.054,8.54,-0.162,0.109,-0.095,0.492,0.344,2025-05-05 17:26:31 UTC
19729,0.096,-10.731,-0.098,0.048,0.264,0.127,0.34,2025-05-05 17:26:31 UTC
21074,0.018,-0.591,0.065,0.009,0.229,0.026,0.33,2025-05-05 17:26:31 UTC
25908,-0.062,6.129,-0.163,0.107,-0.026,0.412,0.33,2025-05-05 17:26:31 UTC
20706,-0.017,3.952,0.116,0.299,0.06,-0.152,0.323,2025-05-05 17:26:31 UTC
19396,-0.063,11.101,0.047,-0.067,0.15,0.184,0.315,2025-05-05 17:26:31 UTC
26649,-0.031,12.703,0.071,-0.074,0.347,-0.03,0.313,2025-05-05 17:26:31 UTC
28309,-0.02,10.245,-0.155,-0.101,0.39,0.176,0.31,2025-05-05 17:26:31 UTC
12423,0.019,-0.76,0.204,0.088,0.199,-0.186,0.306,2025-05-05 17:26:31 UTC
7398,-0.013,-2.635,0.034,0.128,-0.213,0.353,0.302,2025-05-05 17:26:31 UTC
13944,-0.043,5.596,0.106,0.032,0.113,0.044,0.295,2025-05-05 17:26:31 UTC
7672,0.064,-7.851,0.134,0.03,0.069,0.048,0.281,2025-05-05 17:26:31 UTC
28469,0.02,1.359,0.075,-0.049,0.215,0.036,0.277,2025-05-05 17:26:31 UTC
14792,0.029,-0.838,0.213,-0.088,0.255,-0.111,0.27,2025-05-05 17:26:31 UTC
25094,-0.02,5.866,0.096,-0.054,0.22,0.007,0.269,2025-05-05 17:26:31 UTC
17550,-0.01,5.392,0.113,-0.018,0.164,0.006,0.265,2025-05-05 17:26:31 UTC
26850,-0.032,13.432,-0.403,0.014,0.458,0.196,0.264,2025-05-05 17:26:31 UTC
7108,0.047,-0.393,0.217,0.055,0.141,-0.15,0.262,2025-05-05 17:26:31 UTC
18238,0.085,-6.367,0.027,-0.178,0.328,0.083,0.26,2025-05-05 17:26:31 UTC
27819,-0.003,7.489,0.193,-0.042,0.282,-0.181,0.253,2025-05-05 17:26:31 UTC
14013,0.012,-1.952,0.17,0.108,-0.138,0.105,0.244,2025-05-05 17:26:31 UTC
12577,-0.008,10.522,0.232,-0.246,0.291,-0.049,0.228,2025-05-05 17:26:31 UTC
16333,0.039,-3.697,0.142,-0.037,0.166,-0.043,0.227,2025-05-05 17:26:31 UTC
7649,-0.016,-1.888,0.29,0.153,-0.213,-0.007,0.224,2025-05-05 17:26:31 UTC
27183,0.004,8.959,-0.105,-0.015,0.372,-0.037,0.216,2025-05-05 17:26:31 UTC
16715,0.027,-5.347,0.038,-0.092,-0.061,0.322,0.208,2025-05-05 17:26:31 UTC
18770,0.003,6.089,0.343,-0.19,0.27,-0.216,0.207,2025-05-05 17:26:31 UTC
14704,0.069,-19.993,0.261,0.252,-0.581,0.26,0.192,2025-05-05 17:26:31 UTC
20730,0.027,0.588,0.144,-0.214,0.179,0.07,0.18,2025-05-05 17:26:31 UTC
12422,0.002,7.855,-0.007,-0.08,0.356,-0.088,0.18,2025-05-05 17:26:31 UTC
10158,0.07,-5.438,0.17,-0.187,0.333,-0.139,0.178,2025-05-05 17:26:31 UTC
18424,0.01,4.214,0.121,-0.037,0.276,-0.184,0.177,2025-05-05 17:26:31 UTC
15004,0.011,-0.883,0.242,0.164,-0.114,-0.127,0.164,2025-05-05 17:26:31 UTC
23816,0.001,-0.737,0.138,-0.14,-0.174,0.339,0.162,2025-05-05 17:26:31 UTC
18103,0.011,-9.973,-0.235,0.266,-0.439,0.566,0.158,2025-05-05 17:26:31 UTC
26651,-0.06,12.777,-0.164,0.044,0.176,0.073,0.129,2025-05-05 17:26:31 UTC
15310,-0.052,11.183,0.306,-0.264,0.151,-0.069,0.124,2025-05-05 17:26:31 UTC
17723,0.004,-4.239,0.035,-0.104,-0.057,0.231,0.105,2025-05-05 17:26:31 UTC
16896,-0.01,-0.301,-0.235,0.178,0.03,0.131,0.104,2025-05-05 17:26:31 UTC
12965,0.013,0.601,0.039,-0.032,0.062,0.033,0.101,2025-05-05 17:26:31 UTC
6516,0.057,-11.538,0.269,0.029,-0.165,-0.049,0.084,2025-05-05 17:26:31 UTC
6892,-0.008,0.623,0.048,0.169,0.03,-0.163,0.084,2025-05-05 17:26:31 UTC
17032,-0.046,12.765,-0.037,0.038,0.357,-0.276,0.083,2025-05-05 17:26:31 UTC
22833,0.012,-3.28,0.022,-0.108,-0.104,0.272,0.083,2025-05-05 17:26:31 UTC
13997,0.044,-7.095,0.163,0.125,0.004,-0.217,0.075,2025-05-05 17:26:31 UTC
17786,-0.034,4.256,-0.029,0.17,-0.155,0.089,0.074,2025-05-05 17:26:31 UTC
24342,-0.037,8.065,-0.154,-0.009,0.167,0.069,0.073,2025-05-05 17:26:31 UTC
26657,0.009,7.103,0.059,0.0,0.366,-0.358,0.067,2025-05-05 17:26:31 UTC
7334,0.017,7.52,-0.441,-0.165,0.477,0.18,0.05,2025-05-05 17:26:31 UTC
11889,-0.052,6.522,0.084,-0.017,0.041,-0.061,0.047,2025-05-05 17:26:31 UTC
22465,-0.038,17.469,-0.416,-0.293,0.622,0.122,0.035,2025-05-05 17:26:31 UTC
20722,-0.022,8.337,0.052,-0.255,0.161,0.076,0.035,2025-05-05 17:26:31 UTC
14655,-0.008,5.808,0.044,-0.054,0.157,-0.113,0.034,2025-05-05 17:26:31 UTC
6169,0.045,-13.689,-0.053,0.205,-0.311,0.186,0.027,2025-05-05 17:26:31 UTC
14698,-0.038,11.213,0.103,0.065,0.285,-0.428,0.025,2025-05-05 17:26:31 UTC
21995,-0.043,8.288,-0.058,-0.011,0.054,0.035,0.02,2025-05-05 17:26:31 UTC
28615,-0.017,6.549,-0.233,-0.132,0.213,0.165,0.013,2025-05-05 17:26:31 UTC
15229,-0.007,5.08,-0.137,-0.171,0.276,0.044,0.012,2025-05-05 17:26:31 UTC
23482,0.032,-7.789,0.208,0.081,-0.065,-0.212,0.012,2025-05-05 17:26:31 UTC
12808,0.046,-3.315,0.036,-0.256,0.158,0.071,0.008,2025-05-05 17:26:31 UTC
16602,0.004,6.134,-0.009,-0.01,0.341,-0.316,0.006,2025-05-05 17:26:31 UTC
13508,-0.039,11.335,0.084,-0.129,0.273,-0.225,0.004,2025-05-05 17:26:31 UTC
13965,0.004,-1.173,-0.056,0.119,-0.084,0.024,0.002,2025-05-05 17:26:31 UTC
5768,-0.003,2.067,0.277,0.004,0.131,-0.412,-0.0,2025-05-05 17:26:31 UTC
19872,-0.043,5.682,-0.188,0.084,-0.162,0.264,-0.002,2025-05-05 17:26:31 UTC
11357,-0.147,13.346,0.131,0.151,-0.381,0.091,-0.008,2025-05-05 17:26:31 UTC
21646,0.077,-4.502,-0.011,-0.138,0.271,-0.14,-0.018,2025-05-05 17:26:31 UTC
25601,-0.016,2.514,-0.044,-0.013,0.068,-0.032,-0.021,2025-05-05 17:26:31 UTC
27164,0.028,-5.412,0.002,0.009,-0.164,0.125,-0.028,2025-05-05 17:26:31 UTC
21362,-0.021,10.726,0.111,-0.475,0.387,-0.057,-0.034,2025-05-05 17:26:31 UTC
15475,0.042,-6.56,-0.039,0.186,-0.078,-0.105,-0.037,2025-05-05 17:26:31 UTC
14987,0.063,-6.671,0.015,-0.031,0.147,-0.18,-0.048,2025-05-05 17:26:31 UTC
18628,0.069,-19.815,0.068,0.112,-0.434,0.204,-0.049,2025-05-05 17:26:31 UTC
13764,0.035,-9.117,0.092,0.056,-0.064,-0.134,-0.051,2025-05-05 17:26:31 UTC
17538,-0.03,2.24,-0.105,0.126,-0.191,0.112,-0.058,2025-05-05 17:26:31 UTC
10201,0.002,2.049,-0.374,0.039,0.129,0.142,-0.064,2025-05-05 17:26:31 UTC
20727,-0.029,9.226,-0.437,-0.093,0.341,0.122,-0.067,2025-05-05 17:26:31 UTC
21688,-0.026,3.793,-0.446,0.07,-0.005,0.31,-0.072,2025-05-05 17:26:31 UTC
18761,-0.054,11.623,-0.147,-0.141,0.219,-0.01,-0.08,2025-05-05 17:26:31 UTC
19190,0.003,-1.686,-0.195,-0.005,-0.044,0.161,-0.083,2025-05-05 17:26:31 UTC
32055,0.012,5.203,-0.019,-0.115,0.229,-0.181,-0.085,2025-05-05 17:26:31 UTC
12669,0.033,-4.893,-0.055,0.129,0.003,-0.184,-0.106,2025-05-05 17:26:31 UTC
19840,0.018,-7.625,-0.124,0.003,-0.195,0.209,-0.106,2025-05-05 17:26:31 UTC
26991,0.041,-4.444,-0.266,-0.027,0.069,0.101,-0.123,2025-05-05 17:26:31 UTC
23656,0.068,-5.773,-0.023,-0.233,0.204,-0.074,-0.127,2025-05-05 17:26:31 UTC
15470,-0.038,0.725,-0.331,0.327,-0.421,0.294,-0.131,2025-05-05 17:26:31 UTC
25002,-0.002,-3.396,-0.074,0.041,-0.123,0.012,-0.144,2025-05-05 17:26:31 UTC
11460,0.004,-13.372,0.089,0.28,-0.674,0.155,-0.151,2025-05-05 17:26:31 UTC
6986,0.073,-15.312,-0.168,0.082,-0.247,0.175,-0.157,2025-05-05 17:26:31 UTC
19477,-0.032,5.257,-0.073,-0.12,0.077,-0.051,-0.167,2025-05-05 17:26:31 UTC
20522,-0.021,6.52,-0.127,-0.047,0.256,-0.254,-0.172,2025-05-05 17:26:31 UTC
23733,0.029,2.297,-0.081,-0.046,0.318,-0.366,-0.174,2025-05-05 17:26:31 UTC
22985,0.018,-0.843,0.119,-0.138,0.11,-0.266,-0.175,2025-05-05 17:26:31 UTC
18187,0.057,-4.652,-0.258,-0.09,0.231,-0.079,-0.196,2025-05-05 17:26:31 UTC
30463,-0.045,10.109,-0.171,-0.256,0.117,0.113,-0.198,2025-05-05 17:26:31 UTC
14007,0.018,-5.639,0.101,-0.152,-0.082,-0.07,-0.204,2025-05-05 17:26:31 UTC
26660,-0.02,8.615,0.044,-0.231,0.224,-0.257,-0.219,2025-05-05 17:26:31 UTC
24185,-0.018,8.093,-0.119,-0.006,0.376,-0.471,-0.22,2025-05-05 17:26:31 UTC
11019,0.029,4.98,0.127,-0.127,0.357,-0.586,-0.229,2025-05-05 17:26:31 UTC
14559,0.008,-1.239,-0.287,-0.124,-0.001,0.182,-0.23,2025-05-05 17:26:31 UTC
14775,0.064,-17.027,-0.059,-0.057,-0.401,0.277,-0.241,2025-05-05 17:26:31 UTC
15651,-0.013,6.721,-0.261,-0.271,0.233,0.056,-0.244,2025-05-05 17:26:31 UTC
28159,-0.019,-2.094,-0.013,0.136,-0.413,0.046,-0.244,2025-05-05 17:26:31 UTC
18635,-0.014,-5.641,-0.151,0.211,-0.417,0.11,-0.246,2025-05-05 17:26:31 UTC
12337,-0.002,2.683,-0.203,-0.141,0.008,0.069,-0.267,2025-05-05 17:26:31 UTC
20766,0.028,-1.013,-0.216,-0.31,0.241,0.005,-0.281,2025-05-05 17:26:31 UTC
10943,0.007,-6.6,0.078,-0.0,-0.262,-0.102,-0.285,2025-05-05 17:26:31 UTC
14975,0.107,-14.992,0.097,0.048,-0.084,-0.35,-0.289,2025-05-05 17:26:31 UTC
12177,0.004,-9.249,-0.046,0.071,-0.372,0.046,-0.3,2025-05-05 17:26:31 UTC
7960,-0.013,6.973,-0.385,-0.052,0.23,-0.108,-0.315,2025-05-05 17:26:31 UTC
24497,-0.002,1.816,-0.345,-0.012,-0.068,0.098,-0.327,2025-05-05 17:26:31 UTC
22608,-0.011,2.798,-0.386,-0.118,0.085,0.091,-0.328,2025-05-05 17:26:31 UTC
14016,0.009,-1.976,-0.136,0.073,-0.193,-0.075,-0.33,2025-05-05 17:26:31 UTC
11049,-0.013,-1.873,-0.093,0.265,-0.383,-0.127,-0.337,2025-05-05 17:26:31 UTC
7033,0.04,-11.38,-0.212,0.004,-0.074,-0.055,-0.337,2025-05-05 17:26:31 UTC
11451,0.08,-13.123,-0.248,0.126,-0.156,-0.06,-0.339,2025-05-05 17:26:31 UTC
16395,0.086,-9.694,0.017,-0.159,0.051,-0.27,-0.361,2025-05-05 17:26:31 UTC
17357,-0.008,-0.942,-0.325,0.075,-0.059,-0.054,-0.363,2025-05-05 17:26:31 UTC
15330,0.012,-0.828,-0.04,-0.267,0.102,-0.168,-0.373,2025-05-05 17:26:31 UTC
16757,-0.042,3.965,-0.147,-0.024,-0.039,-0.165,-0.375,2025-05-05 17:26:31 UTC
22002,-0.047,3.94,-0.322,-0.067,-0.138,0.151,-0.375,2025-05-05 17:26:31 UTC
12522,0.002,-2.665,-0.131,-0.059,-0.057,-0.131,-0.378,2025-05-05 17:26:31 UTC
15326,0.033,-7.274,-0.118,-0.047,-0.11,-0.114,-0.39,2025-05-05 17:26:31 UTC
19421,-0.015,8.157,0.018,-0.233,0.199,-0.375,-0.391,2025-05-05 17:26:31 UTC
9842,0.071,-5.417,-0.144,-0.159,0.221,-0.317,-0.398,2025-05-05 17:26:31 UTC
19865,-0.019,4.852,-0.015,-0.223,0.088,-0.249,-0.399,2025-05-05 17:26:31 UTC
23542,-0.024,17.323,-0.433,-0.429,0.505,-0.046,-0.402,2025-05-05 17:26:31 UTC
11952,0.03,-7.26,0.14,0.028,-0.012,-0.56,-0.404,2025-05-05 17:26:31 UTC
21236,-0.066,0.527,-0.127,0.072,-0.296,-0.06,-0.41,2025-05-05 17:26:31 UTC
7452,0.06,-13.243,-0.271,0.186,-0.173,-0.164,-0.422,2025-05-05 17:26:31 UTC
20448,0.026,-5.265,-0.126,-0.056,-0.071,-0.173,-0.426,2025-05-05 17:26:31 UTC
12359,-0.036,1.033,-0.007,0.071,-0.262,-0.232,-0.43,2025-05-05 17:26:31 UTC
19960,0.011,0.244,-0.319,-0.346,0.092,0.133,-0.439,2025-05-05 17:26:31 UTC
14209,-0.015,-1.161,-0.424,0.125,-0.089,-0.054,-0.442,2025-05-05 17:26:31 UTC
25919,-0.05,15.372,-0.335,-0.134,0.277,-0.25,-0.443,2025-05-05 17:26:31 UTC
23610,-0.012,1.877,-0.062,-0.184,0.005,-0.212,-0.452,2025-05-05 17:26:31 UTC
25362,-0.052,5.326,-0.296,0.064,-0.135,-0.094,-0.461,2025-05-05 17:26:31 UTC
16652,-0.013,-3.981,-0.282,0.048,-0.362,0.133,-0.462,2025-05-05 17:26:31 UTC
19898,-0.007,-2.57,-0.167,-0.042,-0.187,-0.071,-0.466,2025-05-05 17:26:31 UTC
18524,0.065,-6.105,-0.226,-0.059,0.189,-0.371,-0.467,2025-05-05 17:26:31 UTC
14196,-0.042,5.044,-0.425,-0.201,-0.024,0.181,-0.468,2025-05-05 17:26:31 UTC
13497,0.006,-1.531,-0.27,0.025,-0.061,-0.18,-0.486,2025-05-05 17:26:31 UTC
17639,0.056,-18.085,0.015,0.058,-0.392,-0.168,-0.488,2025-05-05 17:26:31 UTC
18027,0.059,-6.315,-0.435,-0.113,0.019,0.024,-0.505,2025-05-05 17:26:31 UTC
25131,-0.041,5.541,-0.482,0.002,-0.059,0.031,-0.509,2025-05-05 17:26:31 UTC
12920,-0.012,-6.16,-0.392,0.117,-0.357,0.122,-0.51,2025-05-05 17:26:31 UTC
22050,-0.007,-2.636,-0.362,-0.086,-0.273,0.208,-0.513,2025-05-05 17:26:31 UTC
14666,0.026,-0.567,-0.302,-0.177,0.109,-0.142,-0.513,2025-05-05 17:26:31 UTC
18517,-0.035,0.305,0.029,-0.084,-0.29,-0.172,-0.517,2025-05-05 17:26:31 UTC
5665,-0.021,-1.433,-0.269,0.089,-0.251,-0.099,-0.53,2025-05-05 17:26:31 UTC
12321,-0.003,-6.145,-0.461,0.019,-0.185,0.097,-0.53,2025-05-05 17:26:31 UTC
22535,-0.019,10.037,0.015,-0.221,0.235,-0.565,-0.536,2025-05-05 17:26:31 UTC
17381,0.02,-5.763,-0.334,-0.032,-0.166,-0.019,-0.551,2025-05-05 17:26:31 UTC
12734,0.028,-10.384,-0.319,-0.105,-0.267,0.14,-0.551,2025-05-05 17:26:31 UTC
19538,-0.037,12.842,-0.577,-0.232,0.378,-0.121,-0.552,2025-05-05 17:26:31 UTC
17813,-0.027,-3.706,0.074,0.049,-0.285,-0.391,-0.553,2025-05-05 17:26:31 UTC
27780,-0.046,2.282,-0.252,0.022,-0.3,-0.038,-0.568,2025-05-05 17:26:31 UTC
18722,0.004,-2.401,-0.101,-0.185,-0.072,-0.21,-0.569,2025-05-05 17:26:31 UTC
16433,0.02,-3.073,-0.238,-0.094,-0.104,-0.134,-0.57,2025-05-05 17:26:31 UTC
19866,-0.021,1.855,-0.19,-0.235,-0.141,-0.004,-0.57,2025-05-05 17:26:31 UTC
27420,-0.008,-3.969,-0.272,0.031,-0.302,-0.03,-0.573,2025-05-05 17:26:31 UTC
22259,-0.097,14.869,-0.443,-0.225,0.017,0.077,-0.574,2025-05-05 17:26:31 UTC
18105,0.007,-1.376,-0.356,-0.136,0.013,-0.096,-0.575,2025-05-05 17:26:31 UTC
14018,0.026,-8.191,-0.306,-0.16,-0.149,0.025,-0.59,2025-05-05 17:26:31 UTC
8605,-0.048,-1.582,-0.222,-0.024,-0.355,-0.027,-0.628,2025-05-05 17:26:31 UTC
11397,0.001,-2.782,-0.338,-0.077,-0.172,-0.042,-0.629,2025-05-05 17:26:31 UTC
26947,-0.019,2.789,-0.061,-0.183,-0.04,-0.356,-0.638,2025-05-05 17:26:31 UTC
8480,0.016,-6.266,-0.18,-0.05,-0.189,-0.223,-0.642,2025-05-05 17:26:31 UTC
28157,-0.008,1.774,-0.422,-0.093,0.029,-0.163,-0.649,2025-05-05 17:26:31 UTC
15980,0.019,-11.24,-0.061,0.078,-0.406,-0.267,-0.656,2025-05-05 17:26:31 UTC
16497,-0.016,4.411,-0.249,-0.199,0.019,-0.235,-0.665,2025-05-05 17:26:31 UTC
1547,-0.02,-3.539,-0.163,-0.068,-0.165,-0.271,-0.667,2025-05-05 17:26:31 UTC
7655,0.055,-9.885,-0.054,-0.19,-0.197,-0.227,-0.668,2025-05-05 17:26:31 UTC
22089,0.003,-1.201,-0.14,-0.195,-0.121,-0.225,-0.682,2025-05-05 17:26:31 UTC
5994,0.111,-11.538,-0.004,-0.146,0.073,-0.608,-0.685,2025-05-05 17:26:31 UTC
13470,-0.003,-3.813,-0.148,0.076,-0.341,-0.277,-0.69,2025-05-05 17:26:31 UTC
25213,-0.026,-9.768,-0.137,0.117,-0.704,0.034,-0.691,2025-05-05 17:26:31 UTC
7489,0.078,-14.408,-0.039,-0.001,-0.286,-0.389,-0.715,2025-05-05 17:26:31 UTC
13139,-0.064,3.748,-0.479,0.009,-0.262,0.009,-0.722,2025-05-05 17:26:31 UTC
14373,0.038,-18.953,-0.378,-0.153,-0.593,0.399,-0.724,2025-05-05 17:26:31 UTC
11955,-0.054,4.561,-0.234,0.057,-0.145,-0.417,-0.738,2025-05-05 17:26:31 UTC
11396,0.063,-13.167,-0.276,-0.0,-0.256,-0.207,-0.739,2025-05-05 17:26:31 UTC
13127,-0.032,2.787,-0.59,-0.029,-0.175,0.052,-0.742,2025-05-05 17:26:31 UTC
16563,0.03,-5.544,-0.573,0.065,0.035,-0.271,-0.744,2025-05-05 17:26:31 UTC
9586,0.017,-9.877,-0.374,0.133,-0.473,-0.03,-0.744,2025-05-05 17:26:31 UTC
23416,-0.016,5.895,-0.619,-0.135,0.169,-0.168,-0.754,2025-05-05 17:26:31 UTC
6950,-0.018,-0.914,-0.219,-0.052,-0.076,-0.411,-0.757,2025-05-05 17:26:31 UTC
18174,0.002,-2.268,-0.261,-0.121,-0.101,-0.286,-0.769,2025-05-05 17:26:31 UTC
18514,-0.004,-5.41,-0.414,-0.148,-0.294,0.086,-0.77,2025-05-05 17:26:31 UTC
9531,0.005,-10.849,-0.077,0.106,-0.416,-0.385,-0.772,2025-05-05 17:26:31 UTC
29971,0.032,-0.077,-0.285,-0.317,0.156,-0.327,-0.773,2025-05-05 17:26:31 UTC
19635,-0.087,12.281,-0.459,-0.079,0.105,-0.344,-0.778,2025-05-05 17:26:31 UTC
12988,-0.023,-7.298,-0.317,-0.065,-0.489,0.093,-0.778,2025-05-05 17:26:31 UTC
8820,0.061,-18.199,-0.547,0.062,-0.547,0.248,-0.784,2025-05-05 17:26:31 UTC
30428,-0.04,8.397,-0.538,-0.238,0.174,-0.186,-0.789,2025-05-05 17:26:31 UTC
23549,-0.02,2.464,-0.336,-0.274,-0.041,-0.148,-0.798,2025-05-05 17:26:31 UTC
10873,-0.074,2.209,-0.179,-0.063,-0.432,-0.124,-0.798,2025-05-05 17:26:31 UTC
11763,0.013,-10.702,-0.39,0.08,-0.376,-0.115,-0.801,2025-05-05 17:26:31 UTC
23892,0.061,-3.706,-0.436,-0.374,0.297,-0.291,-0.805,2025-05-05 17:26:31 UTC
7548,0.04,-13.302,-0.129,-0.063,-0.338,-0.279,-0.809,2025-05-05 17:26:31 UTC
20780,0.0,-6.513,-0.401,0.042,-0.359,-0.092,-0.811,2025-05-05 17:26:31 UTC
13831,0.006,-13.151,-0.053,-0.003,-0.546,-0.209,-0.811,2025-05-05 17:26:31 UTC
9133,-0.022,-7.924,-0.297,-0.027,-0.437,-0.051,-0.812,2025-05-05 17:26:31 UTC
14140,-0.03,5.178,-0.529,-0.206,0.061,-0.148,-0.822,2025-05-05 17:26:31 UTC
25363,0.034,-0.772,-0.212,-0.359,0.171,-0.425,-0.824,2025-05-05 17:26:31 UTC
13089,0.024,-7.133,-0.228,-0.072,-0.17,-0.381,-0.85,2025-05-05 17:26:31 UTC
19948,-0.042,-3.719,-0.446,0.071,-0.573,0.094,-0.853,2025-05-05 17:26:31 UTC
18244,-0.026,5.378,-0.618,-0.291,0.23,-0.177,-0.857,2025-05-05 17:26:31 UTC
16475,-0.051,7.758,-0.462,-0.151,0.008,-0.252,-0.857,2025-05-05 17:26:31 UTC
19899,-0.036,2.285,-0.465,-0.167,-0.129,-0.102,-0.863,2025-05-05 17:26:31 UTC
1435,0.023,-12.895,-0.365,0.15,-0.427,-0.244,-0.886,2025-05-05 17:26:31 UTC
24127,0.014,-2.735,-0.483,0.004,-0.057,-0.359,-0.895,2025-05-05 17:26:31 UTC
7961,0.053,-15.165,-0.054,-0.107,-0.453,-0.287,-0.901,2025-05-05 17:26:31 UTC
18536,-0.057,3.605,-0.353,-0.203,-0.266,-0.092,-0.913,2025-05-05 17:26:31 UTC
15191,0.053,-3.772,-0.439,-0.312,0.186,-0.352,-0.917,2025-05-05 17:26:31 UTC
19224,-0.04,-0.954,-0.717,-0.094,-0.333,0.226,-0.917,2025-05-05 17:26:31 UTC
15596,-0.022,-5.747,-0.585,-0.059,-0.486,0.207,-0.923,2025-05-05 17:26:31 UTC
12317,0.058,-7.789,-0.447,-0.185,-0.014,-0.28,-0.924,2025-05-05 17:26:31 UTC
13367,0.028,-7.824,-0.232,-0.05,-0.238,-0.406,-0.926,2025-05-05 17:26:31 UTC
21880,-0.046,10.822,-0.286,-0.323,0.164,-0.485,-0.929,2025-05-05 17:26:31 UTC
29279,-0.049,2.372,-0.034,-0.197,-0.297,-0.402,-0.93,2025-05-05 17:26:31 UTC
14002,-0.073,0.304,-0.472,0.056,-0.606,0.086,-0.936,2025-05-05 17:26:31 UTC
19738,-0.062,15.818,-0.607,-0.262,0.317,-0.391,-0.944,2025-05-05 17:26:31 UTC
15852,0.041,-13.89,-0.213,-0.269,-0.526,0.055,-0.952,2025-05-05 17:26:31 UTC
12530,-0.021,-2.197,-0.352,-0.234,-0.338,-0.031,-0.955,2025-05-05 17:26:31 UTC
20353,0.009,-3.591,-0.14,-0.234,-0.114,-0.474,-0.962,2025-05-05 17:26:31 UTC
12426,-0.008,-0.907,-0.137,-0.239,-0.155,-0.439,-0.971,2025-05-05 17:26:31 UTC
15680,0.026,-14.696,-0.372,-0.202,-0.566,0.168,-0.973,2025-05-05 17:26:31 UTC
21412,-0.117,1.572,-0.526,0.077,-0.79,0.252,-0.987,2025-05-05 17:26:31 UTC
14784,-0.028,1.321,-0.549,-0.096,-0.165,-0.185,-0.994,2025-05-05 17:26:31 UTC
28276,-0.038,7.173,-0.125,-0.474,0.154,-0.557,-1.001,2025-05-05 17:26:31 UTC
13305,-0.032,-0.643,-0.344,-0.117,-0.292,-0.253,-1.005,2025-05-05 17:26:31 UTC
25442,-0.096,-4.295,-0.69,0.152,-0.943,0.472,-1.008,2025-05-05 17:26:31 UTC
17081,0.021,-7.815,-0.261,-0.394,-0.391,0.028,-1.017,2025-05-05 17:26:31 UTC
16549,-0.052,-1.201,-0.624,0.005,-0.579,0.142,-1.057,2025-05-05 17:26:31 UTC
22231,-0.031,0.394,-0.52,-0.178,-0.237,-0.129,-1.064,2025-05-05 17:26:31 UTC
27597,-0.033,1.673,-0.759,-0.099,-0.2,-0.007,-1.065,2025-05-05 17:26:31 UTC
24093,-0.045,6.536,-0.692,-0.192,-0.017,-0.178,-1.08,2025-05-05 17:26:31 UTC
5716,-0.015,-2.276,-0.251,-0.076,-0.238,-0.521,-1.086,2025-05-05 17:26:31 UTC
27598,-0.066,3.443,-0.444,-0.163,-0.257,-0.231,-1.095,2025-05-05 17:26:31 UTC
27588,-0.051,8.501,-0.547,-0.39,-0.039,-0.121,-1.097,2025-05-05 17:26:31 UTC
25771,-0.061,5.675,-0.568,-0.115,-0.287,-0.132,-1.101,2025-05-05 17:26:31 UTC
9252,0.06,-9.776,-0.367,-0.18,-0.239,-0.322,-1.107,2025-05-05 17:26:31 UTC
13374,0.025,-11.702,-0.513,-0.067,-0.342,-0.196,-1.117,2025-05-05 17:26:31 UTC
20519,-0.077,3.768,-0.188,-0.162,-0.365,-0.403,-1.12,2025-05-05 17:26:31 UTC
7899,0.027,-8.821,-0.347,-0.143,-0.256,-0.39,-1.136,2025-05-05 17:26:31 UTC
7679,0.074,-24.851,-0.302,-0.141,-0.768,0.071,-1.139,2025-05-05 17:26:31 UTC
25888,0.038,-11.66,-0.558,-0.245,-0.279,-0.07,-1.151,2025-05-05 17:26:31 UTC
20190,-0.061,1.955,-0.425,-0.147,-0.366,-0.22,-1.158,2025-05-05 17:26:31 UTC
25588,0.006,-2.983,-0.473,-0.225,-0.226,-0.252,-1.177,2025-05-05 17:26:31 UTC
12909,-0.057,2.715,-0.497,-0.166,-0.348,-0.169,-1.179,2025-05-05 17:26:31 UTC
5754,0.068,-16.239,-0.581,-0.157,-0.19,-0.257,-1.186,2025-05-05 17:26:31 UTC
15113,0.059,-19.9,-0.339,-0.151,-0.654,-0.043,-1.187,2025-05-05 17:26:31 UTC
15473,0.017,-14.195,-0.504,0.061,-0.677,-0.083,-1.202,2025-05-05 17:26:31 UTC
18579,0.019,-14.654,-0.519,0.062,-0.586,-0.171,-1.214,2025-05-05 17:26:31 UTC
28270,-0.122,-1.002,-0.228,0.045,-1.333,0.296,-1.219,2025-05-05 17:26:31 UTC
26213,-0.044,-1.209,-0.662,-0.069,-0.373,-0.118,-1.222,2025-05-05 17:26:31 UTC
9171,-0.043,-11.749,-0.28,0.051,-0.853,-0.143,-1.225,2025-05-05 17:26:31 UTC
26562,0.006,-3.422,-0.833,-0.145,-0.171,-0.077,-1.226,2025-05-05 17:26:31 UTC
11374,0.0,-3.699,-0.673,-0.217,-0.254,-0.086,-1.229,2025-05-05 17:26:31 UTC
26008,-0.028,1.273,-0.538,-0.336,-0.062,-0.3,-1.236,2025-05-05 17:26:31 UTC
23236,-0.045,-1.884,-0.668,-0.261,-0.456,0.148,-1.237,2025-05-05 17:26:31 UTC
14050,0.006,-11.223,-0.41,-0.092,-0.639,-0.102,-1.242,2025-05-05 17:26:31 UTC
19364,-0.036,-0.693,-0.749,-0.055,-0.331,-0.118,-1.253,2025-05-05 17:26:31 UTC
19208,0.011,-8.412,-0.537,-0.074,-0.462,-0.19,-1.263,2025-05-05 17:26:31 UTC
9675,-0.028,-2.388,-0.592,-0.105,-0.343,-0.248,-1.288,2025-05-05 17:26:31 UTC
17266,-0.055,6.618,-0.659,-0.149,-0.156,-0.329,-1.292,2025-05-05 17:26:31 UTC
23112,-0.013,-0.644,-0.741,-0.138,-0.168,-0.264,-1.312,2025-05-05 17:26:31 UTC
8117,-0.017,-11.283,-0.23,-0.224,-0.718,-0.149,-1.322,2025-05-05 17:26:31 UTC
17718,-0.025,-0.99,-0.61,0.048,-0.32,-0.47,-1.352,2025-05-05 17:26:31 UTC
17068,-0.059,8.054,-0.697,-0.275,-0.084,-0.296,-1.352,2025-05-05 17:26:31 UTC
10033,0.037,-24.723,-0.515,-0.105,-0.906,0.171,-1.355,2025-05-05 17:26:31 UTC
14967,-0.033,0.299,-0.634,-0.355,-0.336,-0.031,-1.356,2025-05-05 17:26:31 UTC
6762,0.033,-17.739,-0.592,0.039,-0.822,-0.014,-1.389,2025-05-05 17:26:31 UTC
19455,-0.074,4.489,-0.582,-0.187,-0.57,-0.076,-1.414,2025-05-05 17:26:31 UTC
7955,-0.075,-0.393,-0.349,-0.222,-0.585,-0.27,-1.427,2025-05-05 17:26:31 UTC
13821,-0.032,-6.181,-0.411,-0.252,-0.473,-0.299,-1.436,2025-05-05 17:26:31 UTC
14973,-0.004,-5.068,-0.897,-0.195,-0.338,-0.04,-1.47,2025-05-05 17:26:31 UTC
4052,-0.019,-7.521,-0.497,-0.051,-0.428,-0.507,-1.484,2025-05-05 17:26:31 UTC
15592,0.088,-9.158,-0.656,-0.313,0.024,-0.548,-1.492,2025-05-05 17:26:31 UTC
11826,-0.013,-9.002,-0.349,-0.224,-0.718,-0.21,-1.5,2025-05-05 17:26:31 UTC
16421,-0.026,-2.424,-1.152,-0.135,-0.24,0.027,-1.501,2025-05-05 17:26:31 UTC
6252,-0.045,-16.156,-0.528,0.308,-1.266,-0.023,-1.509,2025-05-05 17:26:31 UTC
19806,-0.018,-4.44,-0.499,-0.234,-0.343,-0.438,-1.515,2025-05-05 17:26:31 UTC
27870,-0.068,4.347,-0.49,-0.264,-0.469,-0.293,-1.515,2025-05-05 17:26:31 UTC
13530,0.057,-13.174,-0.7,-0.202,-0.245,-0.385,-1.533,2025-05-05 17:26:31 UTC
25138,-0.049,-0.915,-0.918,-0.011,-0.383,-0.224,-1.535,2025-05-05 17:26:31 UTC
29348,-0.085,5.22,-0.518,-0.365,-0.412,-0.246,-1.54,2025-05-05 17:26:31 UTC
14926,-0.095,-3.09,-0.652,0.192,-0.862,-0.266,-1.588,2025-05-05 17:26:31 UTC
12258,-0.05,-1.625,-0.667,-0.201,-0.48,-0.248,-1.596,2025-05-05 17:26:31 UTC
10886,-0.057,-8.191,-0.647,-0.13,-0.936,0.116,-1.597,2025-05-05 17:26:31 UTC
11328,0.021,-15.081,-0.762,-0.039,-0.665,-0.163,-1.629,2025-05-05 17:26:31 UTC
24657,-0.006,-6.605,-0.703,-0.347,-0.446,-0.135,-1.631,2025-05-05 17:26:31 UTC
27554,-0.078,8.098,-0.871,-0.34,-0.237,-0.207,-1.654,2025-05-05 17:26:31 UTC
13344,0.008,-9.04,-0.367,-0.269,-0.419,-0.624,-1.679,2025-05-05 17:26:31 UTC
7887,-0.056,0.765,-0.681,-0.283,-0.36,-0.367,-1.69,2025-05-05 17:26:31 UTC
7457,-0.008,-8.482,-0.972,-0.165,-0.465,-0.107,-1.709,2025-05-05 17:26:31 UTC
8182,-0.025,-4.151,-1.358,-0.015,-0.23,-0.113,-1.717,2025-05-05 17:26:31 UTC
24052,-0.033,-6.258,-0.593,-0.258,-0.613,-0.254,-1.718,2025-05-05 17:26:31 UTC
12650,-0.002,-12.555,-0.793,-0.234,-0.748,0.039,-1.735,2025-05-05 17:26:31 UTC
8045,-0.025,-0.877,-0.789,-0.25,-0.347,-0.35,-1.736,2025-05-05 17:26:31 UTC
20846,-0.009,-7.1,-0.806,-0.241,-0.476,-0.241,-1.764,2025-05-05 17:26:31 UTC
19637,-0.015,-4.958,-0.849,-0.211,-0.484,-0.221,-1.765,2025-05-05 17:26:31 UTC
6893,-0.055,2.809,-0.773,-0.179,-0.283,-0.532,-1.767,2025-05-05 17:26:31 UTC
20084,-0.082,15.9,-1.217,-0.258,-0.042,-0.258,-1.774,2025-05-05 17:26:31 UTC
23781,-0.059,-0.83,-1.056,-0.178,-0.626,0.077,-1.783,2025-05-05 17:26:31 UTC
7301,0.0,-9.806,-0.536,-0.141,-0.523,-0.585,-1.785,2025-05-05 17:26:31 UTC
12425,0.017,-20.365,-1.253,0.207,-1.112,0.362,-1.795,2025-05-05 17:26:31 UTC
9396,-0.041,4.424,-0.552,-0.468,-0.244,-0.539,-1.803,2025-05-05 17:26:31 UTC
6149,0.069,-28.223,-0.433,-0.101,-0.976,-0.294,-1.804,2025-05-05 17:26:31 UTC
4163,-0.013,-20.094,-0.683,0.15,-1.296,0.005,-1.824,2025-05-05 17:26:31 UTC
20704,0.055,-23.71,-0.414,-0.056,-0.858,-0.501,-1.829,2025-05-05 17:26:31 UTC
12821,-0.113,5.818,-0.882,-0.065,-0.672,-0.247,-1.867,2025-05-05 17:26:31 UTC
7293,-0.075,0.996,-0.698,-0.15,-0.634,-0.418,-1.9,2025-05-05 17:26:31 UTC
12318,-0.067,2.067,-1.288,-0.298,-0.356,0.04,-1.902,2025-05-05 17:26:31 UTC
16897,-0.066,3.889,-0.928,-0.209,-0.668,-0.104,-1.909,2025-05-05 17:26:31 UTC
15164,-0.041,1.208,-0.696,-0.238,-0.379,-0.609,-1.922,2025-05-05 17:26:31 UTC
24660,-0.055,-14.815,-0.298,-0.323,-1.346,0.039,-1.929,2025-05-05 17:26:31 UTC
14120,-0.043,-4.608,-0.64,-0.21,-0.77,-0.313,-1.933,2025-05-05 17:26:31 UTC
16409,-0.081,8.698,-0.917,-0.222,-0.3,-0.51,-1.949,2025-05-05 17:26:31 UTC
23163,-0.029,-0.908,-0.764,-0.412,-0.449,-0.33,-1.954,2025-05-05 17:26:31 UTC
16400,-0.018,2.808,-1.04,-0.514,-0.154,-0.266,-1.974,2025-05-05 17:26:31 UTC
10423,-0.075,8.344,-0.835,-0.464,-0.232,-0.454,-1.985,2025-05-05 17:26:31 UTC
7820,-0.01,-6.772,-0.919,-0.176,-0.376,-0.536,-2.007,2025-05-05 17:26:31 UTC
14409,-0.027,-8.044,-0.922,-0.313,-0.678,-0.131,-2.043,2025-05-05 17:26:31 UTC
17508,-0.03,-2.483,-0.892,-0.199,-0.46,-0.529,-2.08,2025-05-05 17:26:31 UTC
16566,-0.048,8.282,-1.081,-0.611,-0.145,-0.252,-2.089,2025-05-05 17:26:31 UTC
13731,-0.046,-1.444,-0.958,-0.304,-0.445,-0.455,-2.162,2025-05-05 17:26:31 UTC
13281,-0.014,-12.771,-1.133,-0.007,-0.819,-0.222,-2.18,2025-05-05 17:26:31 UTC
11061,0.052,-20.159,-1.139,-0.103,-0.774,-0.173,-2.189,2025-05-05 17:26:31 UTC
23016,-0.073,0.646,-1.108,-0.093,-0.626,-0.371,-2.199,2025-05-05 17:26:31 UTC
16363,-0.052,-14.072,-0.853,-0.038,-1.357,0.044,-2.205,2025-05-05 17:26:31 UTC
8300,-0.071,-5.239,-1.246,-0.069,-0.924,-0.05,-2.288,2025-05-05 17:26:31 UTC
12819,-0.079,8.128,-1.042,-0.224,-0.388,-0.667,-2.321,2025-05-05 17:26:31 UTC
15016,-0.037,-10.796,-0.817,-0.079,-1.24,-0.189,-2.324,2025-05-05 17:26:31 UTC
5647,-0.044,-7.47,-1.259,-0.291,-0.789,-0.258,-2.598,2025-05-05 17:26:31 UTC
15634,-0.1,-1.889,-1.387,-0.098,-1.141,0.025,-2.6,2025-05-05 17:26:31 UTC
18241,-0.134,-8.307,-1.048,-0.045,-1.597,-0.014,-2.703,2025-05-05 17:26:31 UTC
11641,-0.108,-6.357,-1.071,-0.155,-1.148,-0.357,-2.731,2025-05-05 17:26:31 UTC
7881,-0.057,-10.159,-1.253,-0.236,-0.999,-0.272,-2.759,2025-05-05 17:26:31 UTC
14706,-0.096,-3.935,-1.2,-0.623,-1.43,-0.299,-3.551,2025-05-05 17:26:31 UTC
7567,-0.049,-7.68,-1.778,-0.527,-1.092,-0.31,-3.707,2025-05-05 17:26:31 UTC
