id,season,gameType,gameNumber,gameDate,easternStartTime,gameStateId,venue,venueLocation,awayTeamId,awayTeamName,awayScore,awayShots,homeTeamId,homeTeamName,homeScore,homeShots,shootoutInUse,otInUse,gameOutcome,regPeriods
2024021225,20242025,2,1225,2025-04-06,2025-04-06T17:30:00,7,Little Caesars Arena,Detroit,13,Panthers,1,33,17,Red Wings,2,24,True,True,REG,3
2024021226,20242025,2,1226,2025-04-06,2025-04-06T18:00:00,7,KeyBank Center,Buffalo,6,Bruins,3,20,7,Sabres,6,37,True,True,REG,3
2024021227,20242025,2,1227,2025-04-06,2025-04-06T18:00:00,7,United Center,Chicago,5,Penguins,1,29,16,Blackhawks,3,31,True,True,REG,3
2024021228,20242025,2,1228,2025-04-06,2025-04-06T19:00:00,7,Bridgestone Arena,Nashville,8,Canadiens,2,17,18,Predators,1,37,True,True,REG,3
2024021229,20242025,2,1229,2025-04-06,2025-04-06T22:00:00,7,Rogers Arena,Vancouver,54,Golden Knights,3,35,23,Canucks,2,21,True,True,REG,3
2024021230,20242025,2,1230,2025-04-07,2025-04-07T19:00:00,7,Madison Square Garden,New York,14,Lightning,5,23,3,Rangers,1,39,True,True,REG,3
2024021231,20242025,2,1231,2025-04-07,2025-04-07T19:30:00,7,Canada Life Centre,Winnipeg,19,Blues,1,15,52,Jets,3,26,True,True,REG,3
2024021232,20242025,2,1232,2025-04-07,2025-04-07T22:30:00,7,Honda Center,Anaheim,22,Oilers,2,47,24,Ducks,3,21,True,True,REG,3
2024021233,20242025,2,1233,2025-04-07,2025-04-07T22:30:00,7,Crypto.com Arena,Los Angeles,55,Kraken,2,28,26,Kings,1,29,True,True,REG,3
2024021234,20242025,2,1234,2025-04-07,2025-04-07T22:30:00,7,SAP Center at San Jose,San Jose,20,Flames,3,32,28,Sharks,2,31,True,True,REG,3
2024021235,20242025,2,1235,2025-04-08,2025-04-08T19:00:00,7,KeyBank Center,Buffalo,12,Hurricanes,0,33,7,Sabres,3,18,True,True,REG,3
2024021236,20242025,2,1236,2025-04-08,2025-04-08T19:00:00,7,Centre Bell,Montreal,17,Red Wings,1,36,8,Canadiens,4,21,True,True,REG,3
2024021237,20242025,2,1237,2025-04-08,2025-04-08T19:00:00,7,Amerant Bank Arena,Sunrise,10,Maple Leafs,1,18,13,Panthers,3,37,True,True,REG,3
2024021238,20242025,2,1238,2025-04-08,2025-04-08T19:00:00,7,Prudential Center,Newark,6,Bruins,7,25,1,Devils,2,21,True,True,REG,3
2024021239,20242025,2,1239,2025-04-08,2025-04-08T19:00:00,7,Nationwide Arena,Columbus,9,Senators,2,35,29,Blue Jackets,5,35,True,True,REG,3
2024021240,20242025,2,1240,2025-04-08,2025-04-08T19:00:00,7,PPG Paints Arena,Pittsburgh,16,Blackhawks,0,26,5,Penguins,5,27,True,True,REG,3
2024021241,20242025,2,1241,2025-04-08,2025-04-08T20:00:00,7,Bridgestone Arena,Nashville,2,Islanders,6,22,18,Predators,7,32,True,True,OT,3
2024021242,20242025,2,1242,2025-04-08,2025-04-08T20:00:00,7,American Airlines Center,Dallas,23,Canucks,6,32,25,Stars,5,28,True,True,OT,3
2024021243,20242025,2,1243,2025-04-08,2025-04-08T21:00:00,7,Delta Center,Salt Lake City,55,Kraken,1,19,59,Utah Hockey Club,7,41,True,True,REG,3
2024021244,20242025,2,1244,2025-04-08,2025-04-08T21:30:00,7,Ball Arena,Denver,54,Golden Knights,2,21,21,Avalanche,3,36,True,True,SO,3
2024021245,20242025,2,1245,2025-04-09,2025-04-09T19:00:00,7,Amalie Arena,Tampa,10,Maple Leafs,4,31,14,Lightning,3,28,True,True,OT,3
2024021246,20242025,2,1246,2025-04-09,2025-04-09T19:30:00,7,Madison Square Garden,New York,4,Flyers,8,30,3,Rangers,5,29,True,True,REG,3
2024021247,20242025,2,1247,2025-04-09,2025-04-09T20:00:00,7,Xcel Energy Center,St. Paul,28,Sharks,7,31,30,Wild,8,44,True,True,OT,3
2024021248,20242025,2,1248,2025-04-09,2025-04-09T22:00:00,7,Rogers Place,Edmonton,19,Blues,3,26,22,Oilers,4,23,True,True,REG,3
2024021249,20242025,2,1249,2025-04-09,2025-04-09T22:00:00,7,Honda Center,Anaheim,20,Flames,3,39,24,Ducks,4,23,True,True,OT,3
2024021250,20242025,2,1250,2025-04-10,2025-04-10T19:00:00,7,TD Garden,Boston,16,Blackhawks,5,21,6,Bruins,2,33,True,True,REG,3
2024021251,20242025,2,1251,2025-04-10,2025-04-10T19:00:00,7,Amerant Bank Arena,Sunrise,17,Red Wings,1,23,13,Panthers,4,31,True,True,REG,3
2024021252,20242025,2,1252,2025-04-10,2025-04-10T19:30:00,7,Capital One Arena,Washington,12,Hurricanes,4,34,15,Capitals,5,28,True,True,SO,3
2024021253,20242025,2,1253,2025-04-10,2025-04-10T19:00:00,7,Nationwide Arena,Columbus,7,Sabres,2,41,29,Blue Jackets,3,30,True,True,REG,3
2024021254,20242025,2,1254,2025-04-10,2025-04-10T19:30:00,7,UBS Arena,Elmont,3,Rangers,9,32,2,Islanders,2,46,True,True,REG,3
2024021255,20242025,2,1255,2025-04-10,2025-04-10T20:00:00,7,American Airlines Center,Dallas,52,Jets,4,35,25,Stars,0,25,True,True,REG,3
2024021256,20242025,2,1256,2025-04-10,2025-04-10T21:00:00,7,Ball Arena,Denver,23,Canucks,4,30,21,Avalanche,1,32,True,True,REG,3
2024021257,20242025,2,1257,2025-04-10,2025-04-10T21:00:00,7,Delta Center,Salt Lake City,18,Predators,4,31,59,Utah Hockey Club,3,42,True,True,SO,3
2024021258,20242025,2,1258,2025-04-10,2025-04-10T22:00:00,7,T-Mobile Arena,Paradise,55,Kraken,1,25,54,Golden Knights,2,25,True,True,REG,3
2024021259,20242025,2,1259,2025-04-10,2025-04-10T22:00:00,7,Crypto.com Arena,Los Angeles,24,Ducks,1,25,26,Kings,6,29,True,True,REG,3
2024021260,20242025,2,1260,2025-04-11,2025-04-11T19:00:00,7,Canadian Tire Centre,Ottawa,8,Canadiens,2,22,9,Senators,5,34,True,True,REG,3
2024021261,20242025,2,1261,2025-04-11,2025-04-11T19:00:00,7,Amalie Arena,Tampa,17,Red Wings,4,26,14,Lightning,3,21,True,True,OT,3
2024021262,20242025,2,1262,2025-04-11,2025-04-11T19:00:00,7,Prudential Center,Newark,5,Penguins,4,24,1,Devils,2,28,True,True,REG,3
2024021263,20242025,2,1263,2025-04-11,2025-04-11T21:30:00,7,Rogers Place,Edmonton,28,Sharks,2,24,22,Oilers,4,34,True,True,REG,3
2024021264,20242025,2,1264,2025-04-11,2025-04-11T22:00:00,7,Scotiabank Saddledome,Calgary,30,Wild,2,18,20,Flames,4,32,True,True,REG,3
2024021265,20242025,2,1265,2025-04-12,2025-04-12T12:30:00,7,Wells Fargo Center,Philadelphia,2,Islanders,3,40,4,Flyers,4,22,True,True,SO,3
2024021266,20242025,2,1266,2025-04-12,2025-04-12T15:00:00,7,Lenovo Center,Raleigh,3,Rangers,3,31,12,Hurricanes,7,28,True,True,REG,3
2024021267,20242025,2,1267,2025-04-12,2025-04-12T16:00:00,7,Crypto.com Arena,Los Angeles,21,Avalanche,4,26,26,Kings,5,33,True,True,REG,3
2024021268,20242025,2,1268,2025-04-12,2025-04-12T18:00:00,7,Amerant Bank Arena,Sunrise,7,Sabres,2,28,13,Panthers,3,34,True,True,SO,3
2024021269,20242025,2,1269,2025-04-12,2025-04-12T19:00:00,7,Scotiabank Arena,Toronto,8,Canadiens,0,15,10,Maple Leafs,1,35,True,True,OT,3
2024021270,20242025,2,1270,2025-04-12,2025-04-12T12:30:00,7,Nationwide Arena,Columbus,15,Capitals,0,22,29,Blue Jackets,7,26,True,True,REG,3
2024021271,20242025,2,1271,2025-04-12,2025-04-12T19:00:00,7,United Center,Chicago,52,Jets,5,42,16,Blackhawks,4,32,True,True,SO,3
2024021272,20242025,2,1272,2025-04-12,2025-04-12T20:00:00,7,American Airlines Center,Dallas,59,Utah Hockey Club,5,34,25,Stars,3,24,True,True,REG,3
2024021273,20242025,2,1273,2025-04-12,2025-04-12T22:00:00,7,Rogers Arena,Vancouver,30,Wild,3,33,23,Canucks,2,14,True,True,OT,3
2024021274,20242025,2,1274,2025-04-12,2025-04-12T22:00:00,7,T-Mobile Arena,Paradise,18,Predators,3,17,54,Golden Knights,5,29,True,True,REG,3
2024021275,20242025,2,1275,2025-04-12,2025-04-12T22:00:00,7,Climate Pledge Arena,Seattle,19,Blues,3,23,55,Kraken,4,18,True,True,SO,3
2024021276,20242025,2,1276,2025-04-13,2025-04-13T13:00:00,7,Canadian Tire Centre,Ottawa,4,Flyers,3,32,9,Senators,4,25,True,True,OT,3
2024021277,20242025,2,1277,2025-04-13,2025-04-13T13:00:00,7,Prudential Center,Newark,2,Islanders,1,23,1,Devils,0,25,True,True,REG,3
2024021278,20242025,2,1278,2025-04-13,2025-04-13T15:30:00,7,PPG Paints Arena,Pittsburgh,6,Bruins,4,32,5,Penguins,1,24,True,True,REG,3
2024021279,20242025,2,1279,2025-04-13,2025-04-13T17:00:00,7,Lenovo Center,Raleigh,10,Maple Leafs,4,20,12,Hurricanes,1,26,True,True,REG,3
2024021280,20242025,2,1280,2025-04-13,2025-04-13T18:00:00,7,Amalie Arena,Tampa,7,Sabres,4,25,14,Lightning,7,31,True,True,REG,3
2024021281,20242025,2,1281,2025-04-13,2025-04-13T18:00:00,7,Capital One Arena,Washington,29,Blue Jackets,4,23,15,Capitals,1,31,True,True,REG,3
2024021282,20242025,2,1282,2025-04-13,2025-04-13T19:00:00,7,Canada Life Centre,Winnipeg,22,Oilers,4,39,52,Jets,1,18,True,True,REG,3
2024021283,20242025,2,1283,2025-04-13,2025-04-13T20:00:00,7,Scotiabank Saddledome,Calgary,28,Sharks,2,30,20,Flames,5,30,True,True,REG,3
2024021284,20242025,2,1284,2025-04-13,2025-04-13T22:00:00,7,Honda Center,Anaheim,21,Avalanche,4,25,24,Ducks,2,21,True,True,REG,3
2024021285,20242025,2,1285,2025-04-14,2025-04-14T19:00:00,7,Centre Bell,Montreal,16,Blackhawks,4,25,8,Canadiens,3,21,True,True,SO,3
2024021286,20242025,2,1286,2025-04-14,2025-04-14T19:00:00,7,Little Caesars Arena,Detroit,25,Stars,4,28,17,Red Wings,6,37,True,True,REG,3
2024021287,20242025,2,1287,2025-04-14,2025-04-14T19:00:00,7,Amerant Bank Arena,Sunrise,3,Rangers,5,25,13,Panthers,3,30,True,True,REG,3
2024021288,20242025,2,1288,2025-04-14,2025-04-14T20:00:00,7,Bridgestone Arena,Nashville,59,Utah Hockey Club,7,36,18,Predators,3,31,True,True,REG,3
2024021289,20242025,2,1289,2025-04-14,2025-04-14T22:00:00,7,Rogers Place,Edmonton,26,Kings,5,36,22,Oilers,0,21,True,True,REG,3
2024021290,20242025,2,1290,2025-04-14,2025-04-14T22:00:00,7,Rogers Arena,Vancouver,28,Sharks,1,16,23,Canucks,2,37,True,True,OT,3
2024021291,20242025,2,1291,2025-04-15,2025-04-15T19:00:00,7,TD Garden,Boston,1,Devils,5,26,6,Bruins,4,24,True,True,OT,3
2024021292,20242025,2,1292,2025-04-15,2025-04-15T19:00:00,7,KeyBank Center,Buffalo,10,Maple Leafs,4,32,7,Sabres,0,35,True,True,REG,3
2024021293,20242025,2,1293,2025-04-15,2025-04-15T19:00:00,7,Canadian Tire Centre,Ottawa,16,Blackhawks,4,16,9,Senators,3,37,True,True,OT,3
2024021294,20242025,2,1294,2025-04-15,2025-04-15T19:30:00,7,Amalie Arena,Tampa,13,Panthers,1,24,14,Lightning,5,31,True,True,REG,3
2024021295,20242025,2,1295,2025-04-15,2025-04-15T19:00:00,7,Wells Fargo Center,Philadelphia,29,Blue Jackets,3,34,4,Flyers,0,29,True,True,REG,3
2024021296,20242025,2,1296,2025-04-15,2025-04-15T19:30:00,7,UBS Arena,Elmont,15,Capitals,3,36,2,Islanders,1,33,True,True,REG,3
2024021297,20242025,2,1297,2025-04-15,2025-04-15T20:00:00,7,Enterprise Center,St. Louis,59,Utah Hockey Club,1,23,19,Blues,6,29,True,True,REG,3
2024021298,20242025,2,1298,2025-04-15,2025-04-15T20:00:00,7,Xcel Energy Center,St. Paul,24,Ducks,2,29,30,Wild,3,40,True,True,OT,3
2024021299,20242025,2,1299,2025-04-15,2025-04-15T21:00:00,7,Scotiabank Saddledome,Calgary,54,Golden Knights,4,42,20,Flames,5,28,True,True,SO,3
2024021300,20242025,2,1300,2025-04-15,2025-04-15T22:30:00,7,Climate Pledge Arena,Seattle,26,Kings,6,24,55,Kraken,5,34,True,True,REG,3
2024021301,20242025,2,1301,2025-04-16,2025-04-16T19:00:00,7,Centre Bell,Montreal,12,Hurricanes,2,29,8,Canadiens,4,22,True,True,REG,3
2024021302,20242025,2,1302,2025-04-16,2025-04-16T19:00:00,7,Canada Life Centre,Winnipeg,24,Ducks,1,31,52,Jets,2,44,True,True,OT,3
2024021303,20242025,2,1303,2025-04-16,2025-04-16T19:30:00,7,Prudential Center,Newark,17,Red Wings,5,27,1,Devils,2,30,True,True,REG,3
2024021304,20242025,2,1304,2025-04-16,2025-04-16T20:00:00,7,Bridgestone Arena,Nashville,25,Stars,1,30,18,Predators,5,34,True,True,REG,3
2024021305,20242025,2,1305,2025-04-16,2025-04-16T22:00:00,7,Rogers Arena,Vancouver,54,Golden Knights,4,31,23,Canucks,1,17,True,True,REG,3
2024021306,20242025,2,1306,2025-04-16,2025-04-16T22:30:00,7,SAP Center at San Jose,San Jose,22,Oilers,3,28,28,Sharks,0,18,True,True,REG,3
2024021307,20242025,2,1307,2025-04-17,2025-04-17T19:00:00,7,KeyBank Center,Buffalo,4,Flyers,4,24,7,Sabres,5,31,True,True,REG,3
2024021308,20242025,2,1308,2025-04-17,2025-04-17T19:00:00,7,Scotiabank Arena,Toronto,17,Red Wings,3,34,10,Maple Leafs,4,20,True,True,OT,3
2024021309,20242025,2,1309,2025-04-17,2025-04-17T19:00:00,7,Canadian Tire Centre,Ottawa,12,Hurricanes,5,33,9,Senators,7,32,True,True,REG,3
2024021310,20242025,2,1310,2025-04-17,2025-04-17T19:00:00,7,Madison Square Garden,New York,14,Lightning,0,27,3,Rangers,4,22,True,True,REG,3
2024021311,20242025,2,1311,2025-04-17,2025-04-17T19:00:00,7,PPG Paints Arena,Pittsburgh,15,Capitals,2,20,5,Penguins,5,38,True,True,REG,3
2024021312,20242025,2,1312,2025-04-17,2025-04-17T19:00:00,7,Nationwide Arena,Columbus,2,Islanders,1,37,29,Blue Jackets,6,26,True,True,REG,3
2024030111,20242025,3,111,2025-04-20,2025-04-20T19:00:00,7,Scotiabank Arena,Toronto,9,Senators,2,33,10,Maple Leafs,6,24,False,True,REG,3
2024030112,20242025,3,112,2025-04-22,2025-04-22T19:30:00,7,Scotiabank Arena,Toronto,9,Senators,2,28,10,Maple Leafs,3,21,False,True,OT,3
2024030113,20242025,3,113,2025-04-24,2025-04-24T19:00:00,7,Canadian Tire Centre,Ottawa,10,Maple Leafs,3,20,9,Senators,2,20,False,True,OT,3
2024030114,20242025,3,114,2025-04-26,2025-04-26T19:00:00,7,Canadian Tire Centre,Ottawa,10,Maple Leafs,3,34,9,Senators,4,21,False,True,OT,3
2024030115,20242025,3,115,2025-04-29,2025-04-29T19:00:00,7,Scotiabank Arena,Toronto,9,Senators,4,19,10,Maple Leafs,0,29,False,True,REG,3
2024030116,20242025,3,116,2025-05-01,2025-05-01T19:00:00,7,Canadian Tire Centre,Ottawa,10,Maple Leafs,4,23,9,Senators,2,23,False,True,REG,3
2024030121,20242025,3,121,2025-04-22,2025-04-22T20:30:00,7,Amalie Arena,Tampa,13,Panthers,6,17,14,Lightning,2,22,False,True,REG,3
2024030122,20242025,3,122,2025-04-24,2025-04-24T18:30:00,7,Amalie Arena,Tampa,13,Panthers,2,23,14,Lightning,0,19,False,True,REG,3
2024030123,20242025,3,123,2025-04-26,2025-04-26T13:00:00,7,Amerant Bank Arena,Sunrise,14,Lightning,5,22,13,Panthers,1,34,False,True,REG,3
2024030124,20242025,3,124,2025-04-28,2025-04-28T19:00:00,7,Amerant Bank Arena,Sunrise,14,Lightning,2,20,13,Panthers,4,23,False,True,REG,3
2024030125,20242025,3,125,2025-04-30,2025-04-30T19:30:00,7,Amalie Arena,Tampa,13,Panthers,6,31,14,Lightning,3,29,False,True,REG,3
2024030131,20242025,3,131,2025-04-21,2025-04-21T19:00:00,7,Capital One Arena,Washington,8,Canadiens,2,35,15,Capitals,3,32,False,True,OT,3
2024030132,20242025,3,132,2025-04-23,2025-04-23T19:00:00,7,Capital One Arena,Washington,8,Canadiens,1,26,15,Capitals,3,32,False,True,REG,3
2024030133,20242025,3,133,2025-04-25,2025-04-25T19:00:00,7,Centre Bell,Montreal,15,Capitals,3,21,8,Canadiens,6,40,False,True,REG,3
2024030134,20242025,3,134,2025-04-27,2025-04-27T18:30:00,7,Centre Bell,Montreal,15,Capitals,5,26,8,Canadiens,2,18,False,True,REG,3
2024030135,20242025,3,135,2025-04-30,2025-04-30T19:00:00,7,Capital One Arena,Washington,8,Canadiens,1,29,15,Capitals,4,28,False,True,REG,3
2024030141,20242025,3,141,2025-04-20,2025-04-20T15:00:00,7,Lenovo Center,Raleigh,1,Devils,1,24,12,Hurricanes,4,45,False,True,REG,3
2024030142,20242025,3,142,2025-04-22,2025-04-22T18:00:00,7,Lenovo Center,Raleigh,1,Devils,1,26,12,Hurricanes,3,28,False,True,REG,3
2024030143,20242025,3,143,2025-04-25,2025-04-25T20:00:00,7,Prudential Center,Newark,12,Hurricanes,2,27,1,Devils,3,37,False,True,OT,3
2024030144,20242025,3,144,2025-04-27,2025-04-27T15:30:00,7,Prudential Center,Newark,12,Hurricanes,5,29,1,Devils,2,22,False,True,REG,3
2024030145,20242025,3,145,2025-04-29,2025-04-29T19:30:00,7,Lenovo Center,Raleigh,1,Devils,4,35,12,Hurricanes,5,54,False,True,OT,3
2024030151,20242025,3,151,2025-04-19,2025-04-19T18:00:00,7,Canada Life Centre,Winnipeg,19,Blues,3,17,52,Jets,5,26,False,True,REG,3
2024030152,20242025,3,152,2025-04-21,2025-04-21T19:30:00,7,Canada Life Centre,Winnipeg,19,Blues,1,22,52,Jets,2,22,False,True,REG,3
2024030153,20242025,3,153,2025-04-24,2025-04-24T21:30:00,7,Enterprise Center,St. Louis,52,Jets,2,19,19,Blues,7,28,False,True,REG,3
2024030154,20242025,3,154,2025-04-27,2025-04-27T13:00:00,7,Enterprise Center,St. Louis,52,Jets,1,31,19,Blues,5,24,False,True,REG,3
2024030155,20242025,3,155,2025-04-30,2025-04-30T21:30:00,7,Canada Life Centre,Winnipeg,19,Blues,3,19,52,Jets,5,26,False,True,REG,3
2024030156,20242025,3,156,2025-05-02,2025-05-02T20:00:00,7,Enterprise Center,St. Louis,52,Jets,2,23,19,Blues,5,27,False,True,REG,3
2024030157,20242025,3,157,2025-05-04,2025-05-04T19:00:00,7,Canada Life Centre,Winnipeg,19,Blues,3,29,52,Jets,4,47,False,True,OT,3
2024030161,20242025,3,161,2025-04-19,2025-04-19T20:30:00,7,American Airlines Center,Dallas,21,Avalanche,5,25,25,Stars,1,24,False,True,REG,3
2024030162,20242025,3,162,2025-04-21,2025-04-21T21:30:00,7,American Airlines Center,Dallas,21,Avalanche,3,37,25,Stars,4,39,False,True,OT,3
2024030163,20242025,3,163,2025-04-23,2025-04-23T21:30:00,7,Ball Arena,Denver,25,Stars,2,28,21,Avalanche,1,28,False,True,OT,3
2024030164,20242025,3,164,2025-04-26,2025-04-26T21:30:00,7,Ball Arena,Denver,25,Stars,0,23,21,Avalanche,4,48,False,True,REG,3
2024030165,20242025,3,165,2025-04-28,2025-04-28T21:30:00,7,American Airlines Center,Dallas,21,Avalanche,2,28,25,Stars,6,27,False,True,REG,3
2024030166,20242025,3,166,2025-05-01,2025-05-01T21:30:00,7,Ball Arena,Denver,25,Stars,4,26,21,Avalanche,7,48,False,True,REG,3
2024030167,20242025,3,167,2025-05-03,2025-05-03T20:00:00,7,American Airlines Center,Dallas,21,Avalanche,2,27,25,Stars,4,19,False,True,REG,3
2024030171,20242025,3,171,2025-04-20,2025-04-20T22:00:00,7,T-Mobile Arena,Paradise,30,Wild,2,20,54,Golden Knights,4,27,False,True,REG,3
2024030172,20242025,3,172,2025-04-22,2025-04-22T23:00:00,7,T-Mobile Arena,Paradise,30,Wild,5,17,54,Golden Knights,2,32,False,True,REG,3
2024030173,20242025,3,173,2025-04-24,2025-04-24T21:00:00,7,Xcel Energy Center,St. Paul,54,Golden Knights,2,32,30,Wild,5,31,False,True,REG,3
2024030174,20242025,3,174,2025-04-26,2025-04-26T16:00:00,7,Xcel Energy Center,St. Paul,54,Golden Knights,4,46,30,Wild,3,32,False,True,OT,3
2024030175,20242025,3,175,2025-04-29,2025-04-29T21:30:00,7,T-Mobile Arena,Paradise,30,Wild,2,22,54,Golden Knights,3,32,False,True,OT,3
2024030176,20242025,3,176,2025-05-01,2025-05-01T19:30:00,7,Xcel Energy Center,St. Paul,54,Golden Knights,3,24,30,Wild,2,31,False,True,REG,3
2024030181,20242025,3,181,2025-04-21,2025-04-21T22:00:00,7,Crypto.com Arena,Los Angeles,22,Oilers,5,25,26,Kings,6,30,False,True,REG,3
2024030182,20242025,3,182,2025-04-23,2025-04-23T22:00:00,7,Crypto.com Arena,Los Angeles,22,Oilers,2,26,26,Kings,6,31,False,True,REG,3
2024030183,20242025,3,183,2025-04-25,2025-04-25T22:00:00,7,Rogers Place,Edmonton,26,Kings,4,28,22,Oilers,7,37,False,True,REG,3
2024030184,20242025,3,184,2025-04-27,2025-04-27T21:30:00,7,Rogers Place,Edmonton,26,Kings,3,41,22,Oilers,4,48,False,True,OT,3
2024030185,20242025,3,185,2025-04-29,2025-04-29T22:00:00,7,Crypto.com Arena,Los Angeles,22,Oilers,3,46,26,Kings,1,22,False,True,REG,3
2024030186,20242025,3,186,2025-05-01,2025-05-01T22:00:00,7,Rogers Place,Edmonton,26,Kings,4,27,22,Oilers,6,29,False,True,REG,3
2024030211,20242025,3,211,2025-05-05,2025-05-05T20:00:00,7,Scotiabank Arena,Toronto,13,Panthers,4,29,10,Maple Leafs,5,30,False,True,REG,3
2024030212,20242025,3,212,2025-05-07,2025-05-07T19:00:00,7,Scotiabank Arena,Toronto,13,Panthers,3,28,10,Maple Leafs,4,20,False,True,REG,3
2024030213,20242025,3,213,2025-05-09,2025-05-09T19:00:00,7,Amerant Bank Arena,Sunrise,10,Maple Leafs,4,31,13,Panthers,5,36,False,True,OT,3
2024030214,20242025,3,214,2025-05-11,2025-05-11T19:30:00,7,Amerant Bank Arena,Sunrise,10,Maple Leafs,0,23,13,Panthers,2,37,False,True,REG,3
2024030215,20242025,3,215,2025-05-14,2025-05-14T19:00:00,7,Scotiabank Arena,Toronto,13,Panthers,6,32,10,Maple Leafs,1,32,False,True,REG,3
2024030216,20242025,3,216,2025-05-16,2025-05-16T20:00:00,7,Amerant Bank Arena,Sunrise,10,Maple Leafs,2,17,13,Panthers,0,22,False,True,REG,3
2024030217,20242025,3,217,2025-05-18,2025-05-18T19:30:00,7,Scotiabank Arena,Toronto,13,Panthers,6,34,10,Maple Leafs,1,20,False,True,REG,3
2024030221,20242025,3,221,2025-05-06,2025-05-06T19:00:00,7,Capital One Arena,Washington,12,Hurricanes,2,33,15,Capitals,1,14,False,True,OT,3
2024030222,20242025,3,222,2025-05-08,2025-05-08T19:00:00,7,Capital One Arena,Washington,12,Hurricanes,1,28,15,Capitals,3,21,False,True,REG,3
2024030223,20242025,3,223,2025-05-10,2025-05-10T18:00:00,7,Lenovo Center,Raleigh,15,Capitals,0,21,12,Hurricanes,4,28,False,True,REG,3
2024030224,20242025,3,224,2025-05-12,2025-05-12T19:00:00,7,Lenovo Center,Raleigh,15,Capitals,2,21,12,Hurricanes,5,38,False,True,REG,3
2024030225,20242025,3,225,2025-05-15,2025-05-15T19:00:00,7,Capital One Arena,Washington,12,Hurricanes,3,22,15,Capitals,1,19,False,True,REG,3
2024030231,20242025,3,231,2025-05-07,2025-05-07T21:30:00,7,Canada Life Centre,Winnipeg,25,Stars,3,24,52,Jets,2,31,False,True,REG,3
2024030232,20242025,3,232,2025-05-09,2025-05-09T21:30:00,7,Canada Life Centre,Winnipeg,25,Stars,0,21,52,Jets,4,25,False,True,REG,3
2024030233,20242025,3,233,2025-05-11,2025-05-11T16:30:00,7,American Airlines Center,Dallas,52,Jets,2,26,25,Stars,5,26,False,True,REG,3
2024030234,20242025,3,234,2025-05-13,2025-05-13T20:00:00,7,American Airlines Center,Dallas,52,Jets,1,32,25,Stars,3,24,False,True,REG,3
2024030235,20242025,3,235,2025-05-15,2025-05-15T21:30:00,7,Canada Life Centre,Winnipeg,25,Stars,0,22,52,Jets,4,35,False,True,REG,3
2024030236,20242025,3,236,2025-05-17,2025-05-17T20:00:00,7,American Airlines Center,Dallas,52,Jets,1,23,25,Stars,2,20,False,True,OT,3
2024030241,20242025,3,241,2025-05-06,2025-05-06T21:30:00,7,T-Mobile Arena,Paradise,22,Oilers,4,28,54,Golden Knights,2,17,False,True,REG,3
2024030242,20242025,3,242,2025-05-08,2025-05-08T21:30:00,7,T-Mobile Arena,Paradise,22,Oilers,5,37,54,Golden Knights,4,32,False,True,OT,3
2024030243,20242025,3,243,2025-05-10,2025-05-10T21:00:00,7,Rogers Place,Edmonton,54,Golden Knights,4,24,22,Oilers,3,20,False,True,REG,3
2024030244,20242025,3,244,2025-05-12,2025-05-12T21:30:00,7,Rogers Place,Edmonton,54,Golden Knights,0,23,22,Oilers,3,32,False,True,REG,3
2024030245,20242025,3,245,2025-05-14,2025-05-14T21:30:00,7,T-Mobile Arena,Paradise,22,Oilers,1,33,54,Golden Knights,0,24,False,True,OT,3
2024030311,20242025,3,311,2025-05-20,2025-05-20T20:00:00,7,Lenovo Center,Raleigh,13,Panthers,5,20,12,Hurricanes,2,33,False,True,REG,3
2024030312,20242025,3,312,2025-05-22,2025-05-22T20:00:00,7,Lenovo Center,Raleigh,13,Panthers,5,21,12,Hurricanes,0,17,False,True,REG,3
2024030313,20242025,3,313,2025-05-24,2025-05-24T20:00:00,7,Amerant Bank Arena,Sunrise,12,Hurricanes,2,25,13,Panthers,6,28,False,True,REG,3
2024030314,20242025,3,314,2025-05-26,2025-05-26T20:00:00,7,Amerant Bank Arena,Sunrise,12,Hurricanes,3,28,13,Panthers,0,20,False,True,REG,3
2024030315,20242025,3,315,2025-05-28,2025-05-28T20:00:00,7,Lenovo Center,Raleigh,13,Panthers,5,25,12,Hurricanes,3,23,False,True,REG,3
2024030321,20242025,3,321,2025-05-21,2025-05-21T20:00:00,7,American Airlines Center,Dallas,22,Oilers,3,27,25,Stars,6,28,False,True,REG,3
2024030322,20242025,3,322,2025-05-23,2025-05-23T20:00:00,7,American Airlines Center,Dallas,22,Oilers,3,25,25,Stars,0,25,False,True,REG,3
2024030323,20242025,3,323,2025-05-25,2025-05-25T15:00:00,7,Rogers Place,Edmonton,25,Stars,1,34,22,Oilers,6,24,False,True,REG,3
2024030324,20242025,3,324,2025-05-27,2025-05-27T20:00:00,7,Rogers Place,Edmonton,25,Stars,1,29,22,Oilers,4,33,False,True,REG,3
2024030325,20242025,3,325,2025-05-29,2025-05-29T20:00:00,7,American Airlines Center,Dallas,22,Oilers,6,23,25,Stars,3,17,False,True,REG,3
2024030411,20242025,3,411,2025-06-04,2025-06-04T20:00:00,7,Rogers Place,Edmonton,13,Panthers,3,32,22,Oilers,4,46,False,True,OT,3
2024030412,20242025,3,412,2025-06-06,2025-06-06T20:00:00,7,Rogers Place,Edmonton,13,Panthers,5,42,22,Oilers,4,46,False,True,OT,3
2024030413,20242025,3,413,2025-06-09,2025-06-09T20:00:00,7,Amerant Bank Arena,Sunrise,22,Oilers,1,33,13,Panthers,6,31,False,True,REG,3
2024030414,20242025,3,414,2025-06-12,2025-06-12T20:00:00,1,Amerant Bank Arena,Sunrise,22,Oilers,0,,13,Panthers,0,,False,True,,3
2024030415,20242025,3,415,2025-06-14,2025-06-14T20:00:00,1,Rogers Place,Edmonton,13,Panthers,0,,22,Oilers,0,,False,True,,3
2024030416,20242025,3,416,2025-06-17,2025-06-17T20:00:00,1,Amerant Bank Arena,Sunrise,22,Oilers,0,,13,Panthers,0,,False,True,,3
2024030417,20242025,3,417,2025-06-20,2025-06-20T20:00:00,1,Rogers Place,Edmonton,13,Panthers,0,,22,Oilers,0,,False,True,,3
2024190001,20242025,19,1,2025-02-12,2025-02-12T20:00:00,7,Centre Bell,Montreal,60,Canada,4,28,66,Sweden,3,26,True,True,OT,3
2024190002,20242025,19,2,2025-02-13,2025-02-13T20:00:00,7,Centre Bell,Montreal,67,USA,6,32,62,Finland,1,21,True,True,REG,3
2024190003,20242025,19,3,2025-02-15,2025-02-15T13:00:00,7,Centre Bell,Montreal,62,Finland,4,21,66,Sweden,3,24,True,True,OT,3
2024190004,20242025,19,4,2025-02-15,2025-02-15T20:00:00,7,Centre Bell,Montreal,67,USA,3,23,60,Canada,1,26,True,True,REG,3
2024190005,20242025,19,5,2025-02-17,2025-02-17T13:00:00,7,TD Garden,Boston,60,Canada,5,28,62,Finland,3,26,True,True,REG,3
2024190006,20242025,19,6,2025-02-17,2025-02-17T20:00:00,7,TD Garden,Boston,66,Sweden,2,23,67,USA,1,33,True,True,REG,3
2024200007,20242025,20,7,2025-02-20,2025-02-20T20:00:00,7,TD Garden,Boston,60,Canada,3,27,67,USA,2,33,False,True,OT,3
