clinchIndicator,conferenceAbbrev,conferenceHomeSequence,conferenceL10Sequence,conferenceName,conferenceRoadSequence,conferenceSequence,date,divisionAbbrev,divisionHomeSequence,divisionL10Sequence,divisionName,divisionRoadSequence,divisionSequence,gameTypeId,gamesPlayed,goalDifferential,goalDifferentialPctg,goalAgainst,goalFor,goalsForPctg,homeGamesPlayed,homeGoalDifferential,homeGoalsAgainst,homeGoalsFor,homeLosses,homeOtLosses,homePoints,homeRegulationPlusOtWins,homeRegulationWins,homeTies,homeWins,l10GamesPlayed,l10GoalDifferential,l10GoalsAgainst,l10GoalsFor,l10Losses,l10OtLosses,l10Points,l10RegulationPlusOtWins,l10RegulationWins,l10Ties,l10Wins,leagueHomeSequence,leagueL10Sequence,leagueRoadSequence,leagueSequence,losses,otLosses,placeName,pointPctg,points,regulationPlusOtWinPctg,regulationPlusOtWins,regulationWinPctg,regulationWins,roadGamesPlayed,roadGoalDifferential,roadGoalsAgainst,roadGoalsFor,roadLosses,roadOtLosses,roadPoints,roadRegulationPlusOtWins,roadRegulationWins,roadTies,roadWins,seasonId,shootoutLosses,shootoutWins,streakCode,streakCount,teamName,teamCommonName,teamAbbrev,teamLogo,ties,waiversSequence,wildcardSequence,winPctg,wins,teamID
p,W,2,6,Western,1,1,2025-04-17,C,1,3,Central,1,1,2,82,86,1.04878,191,277,3.378049,41,58,81,139,7,4,64,30,25,0,30,10,9,19,28,3,0,14,6,5,0,7,2,9,3,1,22,4,Winnipeg,0.707317,116,0.658537,54,0.52439,43,41,28,110,138,15,0,52,24,18,0,26,20242025,1,2,W,1,Winnipeg Jets,Jets,WPG,https://assets.nhle.com/logos/nhl/svg/WPG_light.svg,0,32,0,0.682927,56,
z,E,3,12,Eastern,1,1,2025-04-17,M,2,6,Metropolitan,1,1,2,82,56,0.682927,232,288,3.512195,41,34,119,153,9,6,58,24,22,0,26,10,-17,44,27,6,0,8,3,3,0,4,7,24,1,2,22,9,Washington,0.676829,111,0.597561,49,0.52439,43,41,22,113,135,13,3,53,25,21,0,25,20242025,3,2,L,1,Washington Capitals,Capitals,WSH,https://assets.nhle.com/logos/nhl/svg/WSH_secondary_light.svg,0,31,0,0.621951,51,
y,W,3,7,Western,3,2,2025-04-17,P,2,4,Pacific,1,1,2,82,56,0.682927,219,275,3.353659,41,47,100,147,9,3,61,29,28,0,29,10,3,25,28,2,2,14,6,5,0,6,5,11,5,3,22,10,Vegas,0.670732,110,0.597561,49,0.560976,46,41,9,119,128,13,7,49,20,18,0,21,20242025,5,1,W,1,Vegas Golden Knights,Golden Knights,VGK,https://assets.nhle.com/logos/nhl/svg/VGK_light.svg,0,30,0,0.609756,50,
y,E,7,1,Eastern,2,2,2025-04-17,A,4,1,Atlantic,1,1,2,82,37,0.45122,231,268,3.268293,41,25,104,129,13,1,55,27,22,0,27,10,17,15,32,1,0,18,9,6,0,9,11,1,2,4,26,4,Toronto,0.658537,108,0.621951,51,0.5,41,41,12,127,139,13,3,53,24,19,0,25,20242025,2,1,W,5,Toronto Maple Leafs,Maple Leafs,TOR,https://assets.nhle.com/logos/nhl/svg/TOR_light.svg,0,29,0,0.634146,52,
x,W,4,13,Western,7,3,2025-04-17,C,2,7,Central,4,2,2,82,53,0.646341,224,277,3.378049,41,38,103,141,10,3,59,27,22,0,28,10,-6,37,31,5,2,8,3,3,0,3,6,25,10,5,26,6,Dallas,0.646341,106,0.585366,48,0.5,41,41,15,121,136,16,3,47,21,19,0,22,20242025,2,2,L,4,Dallas Stars,Stars,DAL,https://assets.nhle.com/logos/nhl/svg/DAL_light.svg,0,28,0,0.609756,50,
x,W,1,1,Western,11,4,2025-04-17,P,1,1,Pacific,5,2,2,82,44,0.536585,206,250,3.04878,41,59,84,143,6,4,66,30,27,0,31,10,22,21,43,2,0,16,8,8,0,8,1,2,18,6,25,9,Los Angeles,0.640244,105,0.573171,47,0.52439,43,41,-15,122,107,19,5,39,17,16,0,17,20242025,3,1,L,1,Los Angeles Kings,Kings,LAK,https://assets.nhle.com/logos/nhl/svg/LAK_light.svg,0,27,0,0.585366,48,
x,E,2,7,Eastern,7,3,2025-04-17,A,1,6,Atlantic,4,2,2,82,75,0.914634,219,294,3.585366,41,68,93,161,8,4,62,28,27,0,29,10,8,27,35,2,3,13,5,5,0,5,4,14,17,7,27,8,Tampa Bay,0.621951,102,0.54878,45,0.5,41,41,7,126,133,19,4,40,17,14,0,18,20242025,3,2,L,1,Tampa Bay Lightning,Lightning,TBL,https://assets.nhle.com/logos/nhl/svg/TBL_light.svg,0,26,0,0.573171,47,
x,W,5,9,Western,6,5,2025-04-17,C,3,5,Central,3,3,2,82,43,0.52439,234,277,3.378049,41,30,115,145,12,3,55,24,19,0,26,10,5,28,33,4,1,11,3,3,0,5,12,19,9,8,29,4,Colorado,0.621951,102,0.54878,45,0.487805,40,41,13,119,132,17,1,47,21,21,0,23,20242025,3,4,W,1,Colorado Avalanche,Avalanche,COL,https://assets.nhle.com/logos/nhl/svg/COL_light.svg,0,25,0,0.597561,49,
x,W,6,4,Western,4,6,2025-04-17,P,3,3,Pacific,2,3,2,82,23,0.280488,236,259,3.158537,41,13,121,134,13,3,53,25,18,0,25,10,3,23,26,3,0,14,7,6,0,7,13,7,7,9,29,5,Edmonton,0.615854,101,0.585366,48,0.439024,36,41,10,115,125,16,2,48,23,18,0,23,20242025,1,0,W,1,Edmonton Oilers,Oilers,EDM,https://assets.nhle.com/logos/nhl/svg/EDM_light.svg,0,24,0,0.585366,48,
x,E,1,15,Eastern,11,4,2025-04-17,M,1,8,Metropolitan,5,2,2,82,33,0.402439,233,266,3.243902,41,54,101,155,9,1,63,31,29,0,31,10,-7,41,34,6,1,7,3,3,0,3,3,29,22,10,30,5,Carolina,0.603659,99,0.573171,47,0.512195,42,41,-21,132,111,21,4,36,16,13,0,16,20242025,3,0,L,3,Carolina Hurricanes,Hurricanes,CAR,https://assets.nhle.com/logos/nhl/svg/CAR_light.svg,0,23,0,0.573171,47,
x,E,6,16,Eastern,5,5,2025-04-17,A,3,8,Atlantic,2,3,2,82,29,0.353659,223,252,3.073171,41,31,99,130,12,2,56,23,20,0,27,10,-8,29,21,6,1,7,2,2,0,3,10,30,15,11,31,4,Florida,0.597561,98,0.5,41,0.45122,37,41,-2,124,122,19,2,42,18,17,0,20,20242025,0,6,L,2,Florida Panthers,Panthers,FLA,https://assets.nhle.com/logos/nhl/svg/FLA_light.svg,0,22,0,0.573171,47,
x,E,4,4,Eastern,6,6,2025-04-17,A,2,3,Atlantic,3,4,2,82,9,0.109756,234,243,2.963415,41,26,113,139,11,3,57,26,21,0,27,10,6,26,32,2,2,14,6,5,0,6,8,10,16,12,30,7,Ottawa,0.591463,97,0.536585,44,0.426829,35,41,-17,121,104,19,4,40,18,14,0,18,20242025,2,1,W,1,Ottawa Senators,Senators,OTT,https://assets.nhle.com/logos/nhl/svg/OTT_light.svg,0,21,1,0.54878,45,
x,W,9,8,Western,2,7,2025-04-17,C,5,4,Central,2,4,2,82,-11,-0.134146,239,228,2.780488,41,-13,124,111,17,2,46,21,15,0,22,10,-3,35,32,3,2,12,5,1,0,5,21,15,4,13,30,7,Minnesota,0.591463,97,0.512195,42,0.402439,33,41,2,115,117,13,5,51,21,18,0,23,20242025,3,3,W,2,Minnesota Wild,Wild,MIN,https://assets.nhle.com/logos/nhl/svg/MIN_light.svg,0,20,1,0.54878,45,
x,W,8,3,Western,9,8,2025-04-17,C,4,1,Central,6,5,2,82,21,0.256098,233,254,3.097561,41,24,110,134,14,3,51,22,18,0,24,10,11,25,36,2,1,15,7,5,0,7,16,5,12,14,30,8,St. Louis,0.585366,96,0.487805,40,0.390244,32,41,-3,123,120,16,5,45,18,14,0,20,20242025,2,4,W,1,St. Louis Blues,Blues,STL,https://assets.nhle.com/logos/nhl/svg/STL_light.svg,0,19,2,0.536585,44,
e,W,7,2,Western,10,9,2025-04-17,P,4,2,Pacific,4,4,2,82,-13,-0.158537,238,225,2.743902,41,9,113,122,12,6,52,19,18,0,23,10,11,24,35,1,2,16,5,5,0,7,14,4,14,15,27,14,Calgary,0.585366,96,0.439024,36,0.378049,31,41,-22,125,103,15,8,44,17,13,0,18,20242025,2,5,W,4,Calgary Flames,Flames,CGY,https://assets.nhle.com/logos/nhl/svg/CGY_light.svg,0,18,3,0.5,41,
x,E,13,11,Eastern,3,7,2025-04-17,M,5,5,Metropolitan,2,3,2,82,20,0.243902,222,242,2.95122,41,5,113,118,17,5,43,18,17,0,19,10,-4,32,28,5,0,10,4,3,0,5,24,21,6,16,33,7,New Jersey,0.554878,91,0.487805,40,0.439024,36,41,15,109,124,16,2,48,22,19,0,23,20242025,2,2,L,1,New Jersey Devils,Devils,NJD,https://assets.nhle.com/logos/nhl/svg/NJD_light.svg,0,17,0,0.512195,42,
x,E,8,2,Eastern,8,8,2025-04-17,A,5,2,Atlantic,5,5,2,82,-20,-0.243902,265,245,2.987805,41,-1,126,125,12,6,52,22,16,0,23,10,8,21,29,1,2,16,7,6,0,7,15,3,19,17,31,11,Montréal,0.554878,91,0.463415,38,0.365854,30,41,-19,139,120,19,5,39,16,14,0,17,20242025,4,2,W,1,Montréal Canadiens,Canadiens,MTL,https://assets.nhle.com/logos/nhl/svg/MTL_light.svg,0,16,2,0.487805,40,
e,W,13,11,Western,5,10,2025-04-17,P,6,6,Pacific,3,5,2,82,-17,-0.207317,253,236,2.878049,41,-16,128,112,16,8,42,17,16,0,17,10,-4,34,30,4,2,10,4,2,0,4,27,22,8,18,30,14,Vancouver,0.54878,90,0.426829,35,0.341463,28,41,-1,125,124,14,6,48,18,12,0,21,20242025,2,3,L,1,Vancouver Canucks,Canucks,VAN,https://assets.nhle.com/logos/nhl/svg/VAN_light.svg,0,15,4,0.463415,38,
e,W,11,5,Western,8,11,2025-04-17,C,6,2,Central,5,6,2,82,-10,-0.121951,251,241,2.939024,41,-1,119,118,15,8,44,18,15,0,18,10,11,27,38,2,2,14,6,6,0,6,23,8,11,19,31,13,Utah,0.542683,89,0.45122,37,0.365854,30,41,-9,132,123,16,5,45,19,15,0,20,20242025,4,1,L,1,Utah Hockey Club,Utah Hockey Club,UTA,https://assets.nhle.com/logos/nhl/svg/UTA_20242025-20242025_light.svg,0,14,5,0.463415,38,
e,E,5,3,Eastern,14,9,2025-04-17,M,3,1,Metropolitan,8,4,2,82,5,0.060976,268,273,3.329268,41,41,124,165,10,5,57,22,20,0,26,10,13,26,39,3,0,14,7,7,0,7,9,6,27,20,33,9,Columbus,0.542683,89,0.414634,34,0.365854,30,41,-36,144,108,23,4,32,12,10,0,14,20242025,1,6,W,6,Columbus Blue Jackets,Blue Jackets,CBJ,https://assets.nhle.com/logos/nhl/svg/CBJ_light.svg,0,13,3,0.487805,40,
e,E,10,5,Eastern,10,10,2025-04-17,A,7,4,Atlantic,6,6,2,82,-21,-0.256098,259,238,2.902439,41,3,125,128,16,3,47,22,19,0,22,10,2,28,30,2,2,14,6,5,0,6,18,12,21,21,35,8,Detroit,0.52439,86,0.439024,36,0.365854,30,41,-24,134,110,19,5,39,14,11,0,17,20242025,0,3,OT,1,Detroit Red Wings,Red Wings,DET,https://assets.nhle.com/logos/nhl/svg/DET_light.svg,0,12,4,0.47561,39,
e,E,15,8,Eastern,4,11,2025-04-17,M,7,2,Metropolitan,3,5,2,82,1,0.012195,255,256,3.121951,41,-8,127,119,19,3,41,18,16,0,19,10,3,39,42,4,1,11,5,4,0,5,28,16,13,22,36,7,NY Rangers,0.518293,85,0.463415,38,0.426829,35,41,9,128,137,17,4,44,20,19,0,20,20242025,0,1,W,2,New York Rangers,Rangers,NYR,https://assets.nhle.com/logos/nhl/svg/NYR_light.svg,0,11,5,0.47561,39,
e,E,14,13,Eastern,9,12,2025-04-17,M,6,7,Metropolitan,4,6,2,82,-36,-0.439024,260,224,2.731707,41,-16,131,115,17,5,43,17,15,0,19,10,-15,41,26,5,2,8,3,3,0,3,26,26,20,23,35,12,NY Islanders,0.5,82,0.402439,33,0.341463,28,41,-20,129,109,18,7,39,16,13,0,16,20242025,3,2,L,2,New York Islanders,Islanders,NYI,https://assets.nhle.com/logos/nhl/svg/NYI_light.svg,0,10,6,0.426829,35,
e,E,12,9,Eastern,13,13,2025-04-17,M,4,3,Metropolitan,7,7,2,82,-50,-0.609756,293,243,2.963415,41,-12,144,132,15,5,47,20,13,0,21,10,-2,32,30,4,1,11,5,4,0,5,20,17,26,24,36,12,Pittsburgh,0.487805,80,0.402439,33,0.292683,24,41,-38,149,111,21,7,33,13,11,0,13,20242025,6,1,W,1,Pittsburgh Penguins,Penguins,PIT,https://assets.nhle.com/logos/nhl/svg/PIT_light.svg,0,9,7,0.414634,34,
e,W,10,14,Western,12,12,2025-04-17,P,5,7,Pacific,6,6,2,82,-42,-0.512195,263,221,2.695122,41,-5,128,123,18,2,44,19,16,0,21,10,-14,36,22,5,2,8,2,1,0,3,22,27,23,25,37,10,Anaheim,0.487805,80,0.378049,31,0.292683,24,41,-37,135,98,19,8,36,12,8,0,14,20242025,2,4,OT,2,Anaheim Ducks,Ducks,ANA,https://assets.nhle.com/logos/nhl/svg/ANA_light.svg,0,8,6,0.426829,35,
e,E,9,6,Eastern,15,14,2025-04-17,A,6,5,Atlantic,7,7,2,82,-20,-0.243902,289,269,3.280488,41,10,134,144,15,3,49,19,18,0,23,10,5,33,38,3,1,13,5,5,0,6,17,13,28,26,39,7,Buffalo,0.481707,79,0.390244,32,0.353659,29,41,-30,155,125,24,4,30,13,11,0,13,20242025,2,4,W,1,Buffalo Sabres,Sabres,BUF,https://assets.nhle.com/logos/nhl/svg/BUF_light.svg,0,7,8,0.439024,36,
e,W,14,10,Western,13,13,2025-04-17,P,7,5,Pacific,7,7,2,82,-18,-0.219512,265,247,3.012195,41,0,125,125,18,5,41,17,14,0,18,10,2,29,31,5,0,10,4,4,0,5,30,20,24,27,41,6,Seattle,0.463415,76,0.402439,33,0.341463,28,41,-18,140,122,23,1,35,16,14,0,17,20242025,3,2,L,1,Seattle Kraken,Kraken,SEA,https://assets.nhle.com/logos/nhl/svg/SEA_light.svg,0,6,7,0.426829,35,
e,E,11,14,Eastern,16,15,2025-04-17,A,8,7,Atlantic,8,8,2,82,-50,-0.609756,272,222,2.707317,41,3,117,120,14,7,47,20,15,0,20,10,-4,36,32,6,1,7,3,3,0,3,19,28,29,28,39,10,Boston,0.463415,76,0.402439,33,0.317073,26,41,-53,155,102,25,3,29,13,11,0,13,20242025,1,0,OT,1,Boston Bruins,Bruins,BOS,https://assets.nhle.com/logos/nhl/svg/BOS_light.svg,0,5,9,0.402439,33,
e,E,16,10,Eastern,12,16,2025-04-17,M,8,4,Metropolitan,6,8,2,82,-48,-0.585366,286,238,2.902439,41,-12,134,122,20,1,41,17,14,0,20,10,-1,39,38,4,1,11,4,4,0,5,29,18,25,29,39,10,Philadelphia,0.463415,76,0.329268,27,0.256098,21,41,-36,152,116,19,9,35,10,7,0,13,20242025,3,6,L,2,Philadelphia Flyers,Flyers,PHI,https://assets.nhle.com/logos/nhl/svg/PHI_light.svg,0,4,10,0.402439,33,
e,W,12,15,Western,15,14,2025-04-17,C,7,8,Central,7,7,2,82,-60,-0.731707,274,214,2.609756,41,-6,129,123,18,3,43,19,15,0,20,10,-12,42,30,7,0,6,2,1,0,3,25,31,31,30,44,8,Nashville,0.414634,68,0.341463,28,0.292683,24,41,-54,145,91,26,5,25,9,9,0,10,20242025,0,2,W,1,Nashville Predators,Predators,NSH,https://assets.nhle.com/logos/nhl/svg/NSH_light.svg,0,3,8,0.365854,30,
e,W,15,12,Western,16,15,2025-04-17,C,8,6,Central,8,8,2,82,-70,-0.853659,296,226,2.756098,41,-23,146,123,20,6,36,15,13,0,15,10,-7,37,30,4,2,10,3,2,0,4,31,23,32,31,46,11,Chicago,0.371951,61,0.280488,23,0.243902,20,41,-47,150,103,26,5,25,8,7,0,10,20242025,4,2,W,2,Chicago Blackhawks,Blackhawks,CHI,https://assets.nhle.com/logos/nhl/svg/CHI_light.svg,0,2,9,0.304878,25,
e,W,16,16,Western,14,16,2025-04-17,P,8,8,Pacific,8,8,2,82,-105,-1.280488,315,210,2.560976,41,-45,149,104,27,2,26,11,9,0,12,10,-24,45,21,7,3,3,0,0,0,0,32,32,30,32,50,12,San Jose,0.317073,52,0.219512,18,0.170732,14,41,-60,166,106,23,10,26,7,5,0,8,20242025,5,2,L,1,San Jose Sharks,Sharks,SJS,https://assets.nhle.com/logos/nhl/svg/SJS_light.svg,0,1,10,0.243902,20,
p,E,1,4,Eastern,4,1,2024-04-18,M,1,4,Metropolitan,1,1,2,82,53,0.646341,229,282,3.439024,41,32,110,142,11,0,60,27,24,0,30,10,6,30,36,3,0,14,5,5,0,7,2,6,5,1,23,4,NY Rangers,0.695122,114,0.621951,51,0.52439,43,41,21,119,140,12,4,54,24,19,0,25,20232024,3,4,W,2,New York Rangers,Rangers,NYR,https://assets.nhle.com/logos/nhl/svg/NYR_light.svg,0,32,0,0.670732,55,
z,W,6,2,Western,1,1,2024-04-18,C,3,2,Central,1,1,2,82,64,0.780488,234,298,3.634146,41,31,124,155,11,4,56,23,16,0,26,10,16,18,34,2,0,16,7,7,0,8,8,3,1,2,21,9,Dallas,0.689024,113,0.585366,48,0.487805,40,41,33,110,143,10,5,57,25,24,0,26,20232024,2,4,W,2,Dallas Stars,Stars,DAL,https://assets.nhle.com/logos/nhl/svg/DAL_light.svg,0,31,0,0.634146,52,
x,E,2,2,Eastern,5,2,2024-04-18,M,2,2,Metropolitan,2,2,2,82,63,0.768293,216,279,3.402439,41,35,101,136,10,4,58,27,22,0,27,10,11,21,32,3,0,14,7,7,0,7,5,4,6,3,23,7,Carolina,0.676829,111,0.609756,50,0.536585,44,41,28,115,143,13,3,53,23,22,0,25,20232024,5,2,L,1,Carolina Hurricanes,Hurricanes,CAR,https://assets.nhle.com/logos/nhl/svg/CAR_light.svg,0,30,0,0.634146,52,
x,W,4,1,Western,2,2,2024-04-18,C,2,1,Central,2,2,2,82,60,0.731707,199,259,3.158537,41,39,98,137,11,3,57,27,26,0,27,10,16,22,38,2,0,16,8,7,0,8,6,2,7,4,24,6,Winnipeg,0.670732,110,0.634146,52,0.560976,46,41,21,101,122,13,3,53,25,20,0,25,20232024,1,0,W,8,Winnipeg Jets,Jets,WPG,https://assets.nhle.com/logos/nhl/svg/WPG_light.svg,0,29,0,0.634146,52,
y,E,5,5,Eastern,1,3,2024-04-18,A,3,1,Atlantic,1,1,2,82,68,0.829268,200,268,3.268293,41,24,105,129,13,2,54,24,19,0,26,10,11,23,34,3,1,13,5,4,0,6,11,7,2,5,24,6,Florida,0.670732,110,0.597561,49,0.512195,42,41,44,95,139,11,4,56,25,23,0,26,20232024,2,3,W,4,Florida Panthers,Panthers,FLA,https://assets.nhle.com/logos/nhl/svg/FLA_light.svg,0,28,0,0.634146,52,
y,W,3,7,Western,4,3,2024-04-18,P,2,3,Pacific,1,1,2,82,56,0.682927,223,279,3.402439,41,45,99,144,9,5,59,27,24,0,27,10,-3,31,28,4,1,11,5,5,0,5,4,16,9,6,23,9,Vancouver,0.664634,109,0.609756,50,0.536585,44,41,11,124,135,14,4,50,23,20,0,23,20232024,2,0,L,1,Vancouver Canucks,Canucks,VAN,https://assets.nhle.com/logos/nhl/svg/VAN_light.svg,0,27,0,0.609756,50,
x,E,4,6,Eastern,2,4,2024-04-18,A,2,2,Atlantic,2,2,2,82,43,0.52439,224,267,3.256098,41,27,111,138,11,6,54,22,20,0,24,10,2,24,26,4,0,12,5,4,0,6,10,11,3,7,20,15,Boston,0.664634,109,0.52439,43,0.439024,36,41,16,113,129,9,9,55,21,16,0,23,20232024,3,4,L,2,Boston Bruins,Bruins,BOS,https://assets.nhle.com/logos/nhl/svg/BOS_20232024_light.svg,0,26,0,0.573171,47,
x,W,1,10,Western,7,4,2024-04-18,C,1,5,Central,4,3,2,82,50,0.609756,254,304,3.707317,41,61,112,173,9,1,63,30,27,0,31,10,-6,40,34,4,2,10,4,4,0,4,1,20,13,8,25,7,Colorado,0.652439,107,0.585366,48,0.512195,42,41,-11,142,131,16,6,44,18,15,0,19,20232024,2,2,W,1,Colorado Avalanche,Avalanche,COL,https://assets.nhle.com/logos/nhl/svg/COL_light.svg,0,25,0,0.609756,50,
x,W,2,9,Western,6,5,2024-04-18,P,1,5,Pacific,3,2,2,82,57,0.695122,237,294,3.585366,41,64,106,170,9,4,60,27,24,0,28,10,1,31,32,4,2,10,4,4,0,4,3,19,12,9,27,6,Edmonton,0.634146,104,0.573171,47,0.47561,39,41,-7,131,124,18,2,44,20,15,0,21,20232024,1,2,L,2,Edmonton Oilers,Oilers,EDM,https://assets.nhle.com/logos/nhl/svg/EDM_light.svg,0,24,0,0.597561,49,
x,E,10,10,Eastern,3,5,2024-04-18,A,5,6,Atlantic,3,3,2,82,40,0.487805,263,303,3.695122,41,15,141,156,15,4,48,17,12,0,22,10,1,36,37,4,1,11,5,4,0,5,19,17,4,10,26,10,Toronto,0.621951,102,0.5,41,0.402439,33,41,25,122,147,11,6,54,24,21,0,24,20232024,2,5,L,2,Toronto Maple Leafs,Maple Leafs,TOR,https://assets.nhle.com/logos/nhl/svg/TOR_light.svg,0,23,0,0.560976,46,
x,W,9,11,Western,3,6,2024-04-18,C,5,6,Central,3,4,2,82,21,0.256098,248,269,3.280488,41,9,126,135,16,2,48,23,18,0,23,10,-5,38,33,5,1,9,3,3,0,4,18,23,8,11,30,5,Nashville,0.603659,99,0.536585,44,0.463415,38,41,12,122,134,14,3,51,21,20,0,24,20232024,0,3,L,1,Nashville Predators,Predators,NSH,https://assets.nhle.com/logos/nhl/svg/NSH_light.svg,0,22,1,0.573171,47,
x,W,8,3,Western,5,7,2024-04-18,P,4,1,Pacific,2,3,2,82,41,0.5,215,256,3.121951,41,29,104,133,12,7,51,21,18,0,22,10,6,26,32,4,0,12,6,5,0,6,14,8,10,12,27,11,Los Angeles,0.603659,99,0.512195,42,0.45122,37,41,12,111,123,15,4,48,21,19,0,22,20232024,5,2,W,1,Los Angeles Kings,Kings,LAK,https://assets.nhle.com/logos/nhl/svg/LAK_20192020-20232024_light.svg,0,21,0,0.536585,44,
x,E,3,8,Eastern,7,6,2024-04-18,A,1,4,Atlantic,4,4,2,82,23,0.280488,268,291,3.54878,41,32,125,157,11,5,55,24,21,0,25,10,6,32,38,4,1,11,5,5,0,5,9,14,14,13,29,8,Tampa Bay,0.597561,98,0.512195,42,0.45122,37,41,-9,143,134,18,3,43,18,16,0,20,20232024,1,3,W,1,Tampa Bay Lightning,Lightning,TBL,https://assets.nhle.com/logos/nhl/svg/TBL_light.svg,0,20,1,0.54878,45,
x,W,5,5,Western,9,8,2024-04-18,P,3,2,Pacific,4,4,2,82,22,0.268293,245,267,3.256098,41,34,104,138,12,2,56,24,21,0,27,10,4,31,35,4,0,12,6,4,0,6,7,10,17,14,29,8,Vegas,0.597561,98,0.5,41,0.414634,34,41,-12,141,129,17,6,42,17,13,0,18,20232024,2,4,L,1,Vegas Golden Knights,Golden Knights,VGK,https://assets.nhle.com/logos/nhl/svg/VGK_light.svg,0,19,2,0.54878,45,
x,E,6,1,Eastern,9,7,2024-04-18,M,3,1,Metropolitan,5,3,2,82,-17,-0.207317,263,246,3.0,41,-2,127,125,10,10,52,21,16,0,21,10,9,22,31,1,1,17,8,6,0,8,13,1,18,15,27,16,NY Islanders,0.573171,94,0.463415,38,0.353659,29,41,-15,136,121,17,6,42,17,13,0,18,20232024,5,1,W,2,New York Islanders,Islanders,NYI,https://assets.nhle.com/logos/nhl/svg/NYI_light.svg,0,18,0,0.47561,39,
,W,7,6,Western,11,9,2024-04-18,C,4,4,Central,6,5,2,82,-11,-0.134146,250,239,2.914634,41,14,117,131,14,2,52,23,20,0,25,10,-2,33,31,3,2,12,4,3,0,5,12,12,22,16,33,6,St. Louis,0.560976,92,0.463415,38,0.378049,31,41,-25,133,108,19,4,40,15,11,0,18,20232024,2,5,OT,1,St. Louis Blues,Blues,STL,https://assets.nhle.com/logos/nhl/svg/STL_light.svg,0,17,3,0.52439,43,
x,E,8,11,Eastern,11,8,2024-04-18,M,4,5,Metropolitan,6,4,2,82,-37,-0.45122,257,220,2.682927,41,-4,122,118,12,7,51,19,16,0,22,10,-7,28,21,4,2,10,4,4,0,4,16,21,21,17,31,11,Washington,0.554878,91,0.439024,36,0.390244,32,41,-33,135,102,19,4,40,17,16,0,18,20232024,5,4,W,3,Washington Capitals,Capitals,WSH,https://assets.nhle.com/logos/nhl/svg/WSH_secondary_light.svg,0,16,2,0.487805,40,
,E,7,7,Eastern,12,9,2024-04-18,A,4,3,Atlantic,6,5,2,82,4,0.04878,274,278,3.390244,41,24,124,148,13,5,51,22,17,0,23,10,-1,34,33,3,2,12,4,2,0,5,15,13,23,18,32,9,Detroit,0.554878,91,0.463415,38,0.329268,27,41,-20,150,130,19,4,40,16,10,0,18,20232024,1,3,W,3,Detroit Red Wings,Red Wings,DET,https://assets.nhle.com/logos/nhl/svg/DET_light.svg,0,15,3,0.5,41,
,E,9,3,Eastern,14,10,2024-04-18,M,5,3,Metropolitan,7,5,2,82,4,0.04878,251,255,3.109756,41,11,121,132,14,4,50,22,20,0,23,10,8,35,43,2,2,14,6,5,0,6,17,5,26,19,32,12,Pittsburgh,0.536585,88,0.439024,36,0.390244,32,41,-7,130,123,18,8,38,14,12,0,15,20232024,3,2,L,1,Pittsburgh Penguins,Penguins,PIT,https://assets.nhle.com/logos/nhl/svg/PIT_light.svg,0,14,4,0.463415,38,
,W,10,12,Western,8,10,2024-04-18,C,6,7,Central,5,6,2,82,-12,-0.146341,263,251,3.060976,41,-4,131,127,16,5,45,17,15,0,20,10,-4,32,28,6,0,8,4,4,0,4,20,24,16,20,34,9,Minnesota,0.530488,87,0.439024,36,0.390244,32,41,-8,132,124,18,4,42,19,17,0,19,20232024,3,3,L,1,Minnesota Wild,Wild,MIN,https://assets.nhle.com/logos/nhl/svg/MIN_light.svg,0,13,4,0.47561,39,
,E,11,16,Eastern,8,11,2024-04-18,M,6,8,Metropolitan,4,6,2,82,-26,-0.317073,261,235,2.865854,41,-13,125,112,17,4,44,18,16,0,20,10,-18,41,23,6,2,6,2,2,0,2,22,31,15,21,33,11,Philadelphia,0.530488,87,0.414634,34,0.365854,30,41,-13,136,123,16,7,43,16,14,0,18,20232024,3,4,L,1,Philadelphia Flyers,Flyers,PHI,https://assets.nhle.com/logos/nhl/svg/PHI_light.svg,0,12,5,0.463415,38,
,E,13,9,Eastern,10,12,2024-04-18,A,7,5,Atlantic,5,6,2,82,2,0.02439,244,246,3.0,41,10,115,125,19,1,43,19,17,0,21,10,2,28,30,4,1,11,5,5,0,5,25,15,19,22,37,6,Buffalo,0.512195,84,0.45122,37,0.402439,33,41,-8,129,121,18,5,41,18,16,0,18,20232024,1,2,W,1,Buffalo Sabres,Sabres,BUF,https://assets.nhle.com/logos/nhl/svg/BUF_light.svg,0,11,6,0.47561,39,
,E,15,15,Eastern,6,13,2024-04-18,M,8,7,Metropolitan,3,7,2,82,-19,-0.231707,283,264,3.219512,41,-22,151,129,21,3,37,17,14,0,17,10,-10,39,29,6,1,7,3,3,0,3,28,29,11,23,39,5,New Jersey,0.493902,81,0.463415,38,0.402439,33,41,3,132,135,18,2,44,21,19,0,21,20232024,2,0,L,2,New Jersey Devils,Devils,NJD,https://assets.nhle.com/logos/nhl/svg/NJD_light.svg,0,10,7,0.463415,38,
,W,12,8,Western,12,11,2024-04-18,P,5,4,Pacific,6,5,2,82,-18,-0.219512,271,253,3.085366,41,-5,130,125,19,1,43,21,17,0,21,10,-2,35,33,5,0,10,5,4,0,5,24,18,25,24,39,5,Calgary,0.493902,81,0.463415,38,0.390244,32,41,-13,141,128,20,4,38,17,15,0,17,20232024,4,0,W,1,Calgary Flames,Flames,CGY,https://assets.nhle.com/logos/nhl/svg/CGY_light.svg,0,9,5,0.463415,38,
,W,13,13,Western,10,12,2024-04-18,P,6,6,Pacific,5,6,2,82,-19,-0.231707,236,217,2.646341,41,-4,117,113,18,6,40,15,14,0,17,10,-4,28,24,6,0,8,4,4,0,4,26,25,20,25,35,13,Seattle,0.493902,81,0.378049,31,0.341463,28,41,-15,119,104,17,7,41,16,14,0,17,20232024,4,3,W,1,Seattle Kraken,Kraken,SEA,https://assets.nhle.com/logos/nhl/svg/SEA_light.svg,0,8,6,0.414634,34,
,E,12,12,Eastern,15,14,2024-04-18,A,6,7,Atlantic,8,7,2,82,-26,-0.317073,281,255,3.109756,41,-9,145,136,18,2,44,18,14,0,21,10,-8,30,22,5,0,10,3,2,0,5,23,22,27,26,41,4,Ottawa,0.47561,78,0.390244,32,0.304878,25,41,-17,136,119,23,2,34,14,11,0,16,20232024,0,5,W,1,Ottawa Senators,Senators,OTT,https://assets.nhle.com/logos/nhl/svg/OTT_light.svg,0,7,8,0.45122,37,
,W,11,4,Western,13,13,2024-04-18,C,7,3,Central,7,7,2,82,-18,-0.219512,274,256,3.121951,41,4,132,136,19,0,44,21,17,0,22,10,5,38,43,4,0,12,6,4,0,6,21,9,28,27,41,5,Arizona,0.469512,77,0.414634,34,0.341463,28,41,-22,142,120,22,5,33,13,11,0,14,20232024,0,2,W,1,Arizona Coyotes,Coyotes,ARI,https://assets.nhle.com/logos/nhl/svg/ARI_20202021-20232024_light.svg,0,6,7,0.439024,36,
,E,16,14,Eastern,13,15,2024-04-18,A,8,8,Atlantic,7,8,2,82,-53,-0.646341,289,236,2.878049,41,-20,139,119,20,5,37,14,11,0,16,10,-7,43,36,4,4,8,2,2,0,2,29,27,24,28,36,16,Montréal,0.463415,76,0.317073,26,0.243902,20,41,-33,150,117,16,11,39,12,9,0,14,20232024,8,4,OT,4,Montréal Canadiens,Canadiens,MTL,https://assets.nhle.com/logos/nhl/svg/MTL_light.svg,0,5,9,0.365854,30,
,E,14,13,Eastern,16,16,2024-04-18,M,7,6,Metropolitan,8,8,2,82,-63,-0.768293,300,237,2.890244,41,-12,137,125,19,5,39,15,14,0,17,10,-4,34,30,6,0,8,3,3,0,4,27,26,30,29,43,12,Columbus,0.402439,66,0.292683,24,0.256098,21,41,-51,163,112,24,7,27,9,7,0,10,20232024,2,3,W,1,Columbus Blue Jackets,Blue Jackets,CBJ,https://assets.nhle.com/logos/nhl/svg/CBJ_light.svg,0,4,10,0.329268,27,
,W,15,14,Western,14,14,2024-04-18,P,7,7,Pacific,7,7,2,82,-91,-1.109756,295,204,2.487805,41,-40,140,100,26,3,27,11,9,0,12,10,-9,36,27,6,1,7,3,3,0,3,31,28,29,30,50,5,Anaheim,0.359756,59,0.317073,26,0.256098,21,41,-51,155,104,24,2,32,15,12,0,15,20232024,2,1,W,1,Anaheim Ducks,Ducks,ANA,https://assets.nhle.com/logos/nhl/svg/ANA_20132014-20232024_light.svg,0,3,8,0.329268,27,
,W,14,16,Western,16,15,2024-04-18,C,8,8,Central,8,8,2,82,-111,-1.353659,290,179,2.182927,41,-28,128,100,21,4,36,15,12,0,16,10,-14,33,19,7,1,5,2,2,0,2,30,32,32,31,53,6,Chicago,0.317073,52,0.268293,22,0.207317,17,41,-83,162,79,32,2,16,7,5,0,7,20232024,1,1,OT,1,Chicago Blackhawks,Blackhawks,CHI,https://assets.nhle.com/logos/nhl/svg/CHI_light.svg,0,2,9,0.280488,23,
,W,16,15,Western,15,16,2024-04-18,P,8,8,Pacific,8,8,2,82,-150,-1.829268,331,181,2.207317,41,-71,164,93,25,5,27,11,9,0,11,10,-15,37,22,6,1,7,3,2,0,3,32,30,31,32,54,9,San Jose,0.286585,47,0.219512,18,0.170732,14,41,-79,167,88,29,4,20,7,5,0,8,20232024,5,1,L,3,San Jose Sharks,Sharks,SJS,https://assets.nhle.com/logos/nhl/svg/SJS_20082009-20232024_light.svg,0,1,10,0.231707,19,
p,E,1,1,Eastern,1,1,2023-04-14,A,1,1,Atlantic,1,1,2,82,128,1.560976,177,305,3.719512,41,71,74,145,4,3,71,32,28,0,34,10,11,23,34,1,0,18,7,5,0,9,1,2,1,1,12,5,Boston,0.823171,135,0.743902,61,0.658537,54,41,57,103,160,8,2,64,29,26,0,31,20222023,3,4,W,8,Boston Bruins,Bruins,BOS,https://assets.nhle.com/logos/nhl/svg/BOS_20082009-20222023_light.svg,0,32,0,0.792683,65,
y,E,4,10,Eastern,4,2,2023-04-14,M,1,5,Metropolitan,3,1,2,82,53,0.646341,213,266,3.243902,41,34,103,137,10,3,59,27,23,0,28,10,0,25,25,5,0,10,5,4,0,5,4,21,9,2,21,9,Carolina,0.689024,113,0.585366,48,0.47561,39,41,19,110,129,11,6,54,21,16,0,24,20222023,3,4,W,2,Carolina Hurricanes,Hurricanes,CAR,https://assets.nhle.com/logos/nhl/svg/CAR_light.svg,0,31,0,0.634146,52,
x,E,6,4,Eastern,2,3,2023-04-14,M,3,1,Metropolitan,1,2,2,82,65,0.792683,226,291,3.54878,41,30,107,137,13,4,52,24,18,0,24,10,12,28,40,3,0,14,7,6,0,7,11,8,2,3,22,8,New Jersey,0.682927,112,0.609756,50,0.47561,39,41,35,119,154,9,4,60,26,21,0,28,20222023,4,2,W,2,New Jersey Devils,Devils,NJD,https://assets.nhle.com/logos/nhl/svg/NJD_light.svg,0,30,0,0.634146,52,
x,E,3,2,Eastern,6,4,2023-04-14,A,3,2,Atlantic,3,2,2,82,57,0.695122,222,279,3.402439,41,42,105,147,8,6,60,27,22,0,27,10,10,21,31,1,2,16,7,6,0,7,3,5,11,4,21,11,Toronto,0.676829,111,0.597561,49,0.512195,42,41,15,117,132,13,5,51,22,20,0,23,20222023,2,1,W,4,Toronto Maple Leafs,Maple Leafs,TOR,https://assets.nhle.com/logos/nhl/svg/TOR_light.svg,0,29,0,0.609756,50,
z,W,6,4,Western,1,1,2023-04-14,P,3,2,Pacific,1,1,2,82,43,0.52439,229,272,3.317073,41,17,116,133,15,1,51,23,19,0,25,10,7,27,34,1,3,15,5,4,0,6,14,6,3,5,22,9,Vegas,0.676829,111,0.560976,46,0.463415,38,41,26,113,139,7,8,60,23,19,0,26,20222023,4,5,W,2,Vegas Golden Knights,Golden Knights,VGK,https://assets.nhle.com/logos/nhl/svg/VGK_light.svg,0,28,0,0.621951,51,
x,W,5,1,Western,3,2,2023-04-14,P,2,1,Pacific,2,2,2,82,65,0.792683,260,325,3.963415,41,33,126,159,12,6,52,23,19,0,23,10,24,18,42,0,1,19,9,8,0,9,10,1,5,6,23,9,Edmonton,0.664634,109,0.609756,50,0.54878,45,41,32,134,166,11,3,57,27,26,0,27,20222023,4,0,W,9,Edmonton Oilers,Oilers,EDM,https://assets.nhle.com/logos/nhl/svg/EDM_light.svg,0,27,0,0.609756,50,
y,W,7,2,Western,2,3,2023-04-14,C,4,1,Central,1,1,2,82,54,0.658537,226,280,3.414634,41,25,112,137,13,6,50,21,18,0,22,10,14,26,40,1,1,17,8,6,0,8,17,3,4,7,24,7,Colorado,0.664634,109,0.54878,45,0.439024,36,41,29,114,143,11,1,59,24,18,0,29,20222023,3,6,W,2,Colorado Avalanche,Avalanche,COL,https://assets.nhle.com/logos/nhl/svg/COL_light.svg,0,26,0,0.621951,51,
x,W,4,3,Western,5,4,2023-04-14,C,3,2,Central,2,2,2,82,67,0.817073,218,285,3.47561,41,27,115,142,10,9,53,20,18,0,22,10,18,17,35,2,0,16,7,7,0,8,9,4,8,8,21,14,Dallas,0.658537,108,0.52439,43,0.47561,39,41,40,103,143,11,5,55,23,21,0,25,20222023,3,4,W,6,Dallas Stars,Stars,DAL,https://assets.nhle.com/logos/nhl/svg/DAL_light.svg,0,25,0,0.573171,47,
x,E,9,6,Eastern,3,5,2023-04-14,M,4,2,Metropolitan,2,3,2,82,58,0.707317,219,277,3.378049,41,25,116,141,13,5,51,22,18,0,23,10,10,24,34,2,3,13,5,5,0,5,15,11,7,9,22,13,NY Rangers,0.652439,107,0.52439,43,0.45122,37,41,33,103,136,9,8,56,21,19,0,24,20222023,3,4,L,1,New York Rangers,Rangers,NYR,https://assets.nhle.com/logos/nhl/svg/NYR_light.svg,0,24,0,0.573171,47,
x,W,1,11,Western,7,5,2023-04-14,P,1,6,Pacific,4,3,2,82,23,0.280488,257,280,3.414634,41,27,121,148,11,4,56,24,22,0,26,10,2,27,29,5,0,10,5,5,0,5,5,20,13,10,25,10,Los Angeles,0.634146,104,0.5,41,0.45122,37,41,-4,136,132,14,6,48,17,15,0,21,20222023,3,6,W,2,Los Angeles Kings,Kings,LAK,https://assets.nhle.com/logos/nhl/svg/LAK_20192020-20232024_light.svg,0,23,0,0.573171,47,
x,W,3,8,Western,6,6,2023-04-14,C,2,4,Central,3,3,2,82,21,0.256098,225,246,3.0,41,11,112,123,12,4,54,20,16,0,25,10,2,28,30,3,2,12,5,5,0,5,7,14,12,11,25,11,Minnesota,0.628049,103,0.47561,39,0.414634,34,41,10,113,123,13,7,49,19,18,0,21,20222023,6,7,OT,1,Minnesota Wild,Wild,MIN,https://assets.nhle.com/logos/nhl/svg/MIN_light.svg,0,22,0,0.560976,46,
x,W,11,6,Western,4,7,2023-04-14,P,5,4,Pacific,3,4,2,82,33,0.402439,256,289,3.52439,41,10,127,137,17,4,44,20,16,0,20,10,11,25,36,4,0,12,6,6,0,6,21,12,6,12,28,8,Seattle,0.609756,100,0.560976,46,0.45122,37,41,23,129,152,11,4,56,26,21,0,26,20222023,4,0,L,2,Seattle Kraken,Kraken,SEA,https://assets.nhle.com/logos/nhl/svg/SEA_light.svg,0,21,1,0.560976,46,
x,E,2,12,Eastern,11,6,2023-04-14,A,2,7,Atlantic,5,3,2,82,29,0.353659,254,283,3.45122,41,57,108,165,8,5,61,27,25,0,28,10,0,33,33,6,0,8,4,4,0,4,2,24,23,13,30,6,Tampa Bay,0.597561,98,0.52439,43,0.463415,38,41,-28,146,118,22,1,37,16,13,0,18,20222023,2,3,W,1,Tampa Bay Lightning,Lightning,TBL,https://assets.nhle.com/logos/nhl/svg/TBL_light.svg,0,20,0,0.560976,46,
x,W,2,7,Western,11,8,2023-04-14,C,1,3,Central,5,4,2,82,22,0.268293,225,247,3.012195,41,29,103,132,13,2,54,25,22,0,26,10,8,22,30,4,0,12,6,6,0,6,6,13,18,14,33,3,Winnipeg,0.579268,95,0.54878,45,0.439024,36,41,-7,122,115,20,1,41,20,14,0,20,20222023,1,1,L,1,Winnipeg Jets,Jets,WPG,https://assets.nhle.com/logos/nhl/svg/WPG_light.svg,0,19,2,0.560976,46,
x,E,5,8,Eastern,9,7,2023-04-14,M,2,4,Metropolitan,5,4,2,82,21,0.256098,222,243,2.963415,41,32,94,126,13,3,53,25,22,0,25,10,4,24,28,4,1,11,4,4,0,5,8,18,20,15,31,9,NY Islanders,0.567073,93,0.5,41,0.439024,36,41,-11,128,117,18,6,40,16,14,0,17,20222023,5,1,W,1,New York Islanders,Islanders,NYI,https://assets.nhle.com/logos/nhl/svg/NYI_light.svg,0,18,1,0.512195,42,
,W,10,5,Western,8,9,2023-04-14,P,4,3,Pacific,5,5,2,82,8,0.097561,252,260,3.170732,41,1,126,127,16,5,45,20,17,0,20,10,5,27,32,2,2,14,6,5,0,6,20,9,14,16,27,17,Calgary,0.567073,93,0.439024,36,0.378049,31,41,7,126,133,11,12,48,16,14,0,18,20222023,5,2,W,1,Calgary Flames,Flames,CGY,https://assets.nhle.com/logos/nhl/svg/CGY_light.svg,0,17,3,0.463415,38,
x,E,8,5,Eastern,7,8,2023-04-14,A,5,4,Atlantic,4,4,2,82,17,0.207317,273,290,3.536585,41,28,125,153,13,5,51,23,20,0,23,10,12,26,38,3,1,13,6,5,0,6,13,10,17,17,32,8,Florida,0.560976,92,0.487805,40,0.439024,36,41,-11,148,137,19,3,41,17,16,0,19,20222023,1,2,L,1,Florida Panthers,Panthers,FLA,https://assets.nhle.com/logos/nhl/svg/FLA_light.svg,0,16,2,0.512195,42,
,W,8,9,Western,9,10,2023-04-14,C,5,5,Central,4,5,2,82,-9,-0.109756,238,229,2.792683,41,0,117,117,15,4,48,19,15,0,22,10,3,22,25,4,0,12,5,3,0,6,18,15,15,18,32,8,Nashville,0.560976,92,0.439024,36,0.353659,29,41,-9,121,112,17,4,44,17,14,0,20,20222023,2,6,L,1,Nashville Predators,Predators,NSH,https://assets.nhle.com/logos/nhl/svg/NSH_light.svg,0,15,4,0.512195,42,
,E,10,7,Eastern,8,9,2023-04-14,M,5,3,Metropolitan,4,5,2,82,-2,-0.02439,264,262,3.195122,41,15,128,143,13,5,51,22,17,0,23,10,0,31,31,4,1,11,5,5,0,5,16,17,19,19,31,11,Pittsburgh,0.554878,91,0.47561,39,0.378049,31,41,-17,136,119,18,6,40,17,14,0,17,20222023,1,1,OT,1,Pittsburgh Penguins,Penguins,PIT,https://assets.nhle.com/logos/nhl/svg/PIT_light.svg,0,14,3,0.487805,40,
,E,14,3,Eastern,5,10,2023-04-14,A,7,3,Atlantic,2,5,2,82,-4,-0.04878,300,296,3.609756,41,-19,164,145,20,4,38,17,12,0,17,10,5,33,38,2,1,15,5,3,0,7,27,7,10,20,33,7,Buffalo,0.554878,91,0.47561,39,0.365854,30,41,15,136,151,13,3,53,22,18,0,25,20222023,3,3,W,2,Buffalo Sabres,Sabres,BUF,https://assets.nhle.com/logos/nhl/svg/BUF_light.svg,0,13,4,0.512195,42,
,E,7,9,Eastern,13,11,2023-04-14,A,4,5,Atlantic,7,6,2,82,-10,-0.121951,271,261,3.182927,41,28,124,152,14,3,51,23,20,0,24,10,-5,38,33,3,3,11,4,3,0,4,12,19,25,21,35,8,Ottawa,0.52439,86,0.45122,37,0.378049,31,41,-38,147,109,21,5,35,14,11,0,15,20222023,1,2,OT,1,Ottawa Senators,Senators,OTT,https://assets.nhle.com/logos/nhl/svg/OTT_light.svg,0,12,5,0.47561,39,
,W,13,10,Western,10,11,2023-04-14,P,6,5,Pacific,6,6,2,82,-22,-0.268293,298,276,3.365854,41,-10,143,133,20,2,40,16,13,0,19,10,-3,33,30,3,2,12,4,3,0,5,26,16,16,22,37,7,Vancouver,0.506098,83,0.390244,32,0.292683,24,41,-12,155,143,17,5,43,16,11,0,19,20222023,2,6,W,2,Vancouver Canucks,Canucks,VAN,https://assets.nhle.com/logos/nhl/svg/VAN_light.svg,0,11,5,0.463415,38,
,W,12,12,Western,12,12,2023-04-14,C,7,6,Central,6,6,2,82,-38,-0.463415,301,263,3.207317,41,-15,145,130,17,6,42,17,12,0,18,10,-7,40,33,5,1,9,4,2,0,4,24,23,21,23,38,7,St. Louis,0.493902,81,0.414634,34,0.329268,27,41,-23,156,133,21,1,39,17,15,0,19,20222023,3,3,L,3,St. Louis Blues,Blues,STL,https://assets.nhle.com/logos/nhl/svg/STL_light.svg,0,10,6,0.45122,37,
,E,11,11,Eastern,12,12,2023-04-14,A,6,6,Atlantic,6,7,2,82,-39,-0.47561,279,240,2.926829,41,-12,137,125,17,5,43,18,17,0,19,10,-10,41,31,5,1,9,4,4,0,4,22,22,24,24,37,10,Detroit,0.487805,80,0.390244,32,0.341463,28,41,-27,142,115,20,5,37,14,11,0,16,20222023,4,3,L,4,Detroit Red Wings,Red Wings,DET,https://assets.nhle.com/logos/nhl/svg/DET_light.svg,0,9,6,0.426829,35,
,E,12,15,Eastern,10,13,2023-04-14,M,6,7,Metropolitan,6,6,2,82,-10,-0.121951,265,255,3.109756,41,2,127,129,16,7,43,16,14,0,18,10,-11,39,28,6,2,6,2,2,0,2,23,28,22,25,37,10,Washington,0.487805,80,0.402439,33,0.329268,27,41,-12,138,126,21,3,37,17,13,0,17,20222023,4,2,OT,1,Washington Capitals,Capitals,WSH,https://assets.nhle.com/logos/nhl/svg/WSH_secondary_light.svg,0,8,7,0.426829,35,
,E,13,13,Eastern,14,14,2023-04-14,M,7,6,Metropolitan,7,7,2,82,-55,-0.670732,277,222,2.707317,41,-13,136,123,18,5,41,16,15,0,18,10,-14,41,27,6,1,7,3,1,0,3,25,26,26,26,38,13,Philadelphia,0.457317,75,0.353659,29,0.317073,26,41,-42,141,99,20,8,34,13,11,0,13,20222023,1,2,W,2,Philadelphia Flyers,Flyers,PHI,https://assets.nhle.com/logos/nhl/svg/PHI_19992000-20222023_light.svg,0,7,8,0.378049,31,
,W,9,15,Western,16,13,2023-04-14,C,6,8,Central,8,7,2,82,-71,-0.865854,299,228,2.780488,41,-12,142,130,15,5,47,18,13,0,21,10,-24,49,25,7,2,4,1,0,0,1,19,31,32,27,40,14,Arizona,0.426829,70,0.304878,25,0.243902,20,41,-59,157,98,25,9,23,7,7,0,7,20222023,4,3,OT,1,Arizona Coyotes,Coyotes,ARI,https://assets.nhle.com/logos/nhl/svg/ARI_20202021-20232024_light.svg,0,6,7,0.341463,28,
,E,15,14,Eastern,15,15,2023-04-14,A,8,8,Atlantic,8,8,2,82,-75,-0.914634,307,232,2.829268,41,-29,152,123,21,3,37,15,11,0,17,10,-10,39,29,7,0,6,2,2,0,3,28,27,28,28,45,6,Montréal,0.414634,68,0.317073,26,0.256098,21,41,-46,155,109,24,3,31,11,10,0,14,20222023,2,5,L,3,Montréal Canadiens,Canadiens,MTL,https://assets.nhle.com/logos/nhl/svg/MTL_light.svg,0,5,9,0.378049,31,
,W,16,13,Western,13,14,2023-04-14,P,8,7,Pacific,7,7,2,82,-87,-1.060976,321,234,2.853659,41,-55,169,114,22,11,27,8,6,0,8,10,-12,40,28,6,1,7,3,2,0,3,32,25,27,29,44,16,San Jose,0.365854,60,0.256098,21,0.195122,16,41,-32,152,120,22,5,33,13,10,0,14,20222023,6,1,L,5,San Jose Sharks,Sharks,SJS,https://assets.nhle.com/logos/nhl/svg/SJS_20082009-20232024_light.svg,0,4,8,0.268293,22,
,W,14,14,Western,15,15,2023-04-14,C,8,7,Central,7,8,2,82,-97,-1.182927,301,204,2.487805,41,-40,155,115,23,4,32,13,8,0,14,10,-16,43,27,7,1,5,2,2,0,2,30,30,30,30,49,7,Chicago,0.359756,59,0.292683,24,0.219512,18,41,-57,146,89,26,3,27,11,10,0,12,20222023,2,2,OT,1,Chicago Blackhawks,Blackhawks,CHI,https://assets.nhle.com/logos/nhl/svg/CHI_light.svg,0,3,9,0.317073,26,
,E,16,16,Eastern,16,16,2023-04-14,M,8,8,Metropolitan,8,8,2,82,-116,-1.414634,330,214,2.609756,41,-46,160,114,23,2,34,15,9,0,16,10,-27,45,18,6,2,6,2,0,0,2,29,29,31,31,48,9,Columbus,0.359756,59,0.292683,24,0.182927,15,41,-70,170,100,25,7,25,9,6,0,9,20222023,1,1,L,1,Columbus Blue Jackets,Blue Jackets,CBJ,https://assets.nhle.com/logos/nhl/svg/CBJ_light.svg,0,2,10,0.304878,25,
,W,15,16,Western,14,16,2023-04-14,P,7,8,Pacific,8,8,2,82,-129,-1.573171,338,209,2.54878,41,-62,167,105,25,4,28,11,5,0,12,10,-24,47,23,8,2,2,0,0,0,0,31,32,29,32,47,12,Anaheim,0.353659,58,0.243902,20,0.158537,13,41,-67,171,104,22,8,30,9,8,0,11,20222023,3,3,L,2,Anaheim Ducks,Ducks,ANA,https://assets.nhle.com/logos/nhl/svg/ANA_20132014-20232024_light.svg,0,1,10,0.280488,23,
