season,seriesLetter,seriesLogo,neededToWin,length,gameId,gameNumber,gameDate,awayTeamId,awayTeamAbbrev,awayTeamScore,homeTeamId,homeTeamAbbrev,homeTeamScore,gameCenterLink,seriesStatusTopSeedWins,seriesStatusBottomSeedWins,fullCoverageURL,lastPeriodType,roundNumber,seriesLink,bottomSeedId,carousel_bottomSeedWins,topSeedId,carousel_topSeedWins
20202021,a,,4,7,2020030111,1,,2,NYI,4,5,PIT,3,/gamecenter/nyi-vs-pit/2021/05/16/2020030111,0,1,,OT,1,/schedule/playoff-series/2021/series-a/islanders-vs-penguins,2,4,5,2
20202021,a,,4,7,2020030112,2,,2,NYI,1,5,PIT,2,/gamecenter/nyi-vs-pit/2021/05/18/2020030112,1,1,,REG,1,/schedule/playoff-series/2021/series-a/islanders-vs-penguins,2,4,5,2
20202021,a,,4,7,2020030113,3,,5,PIT,5,2,NYI,4,/gamecenter/pit-vs-nyi/2021/05/20/2020030113,2,1,,REG,1,/schedule/playoff-series/2021/series-a/islanders-vs-penguins,2,4,5,2
20202021,a,,4,7,2020030114,4,,5,PIT,1,2,NYI,4,/gamecenter/pit-vs-nyi/2021/05/22/2020030114,2,2,,REG,1,/schedule/playoff-series/2021/series-a/islanders-vs-penguins,2,4,5,2
20202021,a,,4,7,2020030115,5,,2,NYI,3,5,PIT,2,/gamecenter/nyi-vs-pit/2021/05/24/2020030115,2,3,,OT,1,/schedule/playoff-series/2021/series-a/islanders-vs-penguins,2,4,5,2
20202021,a,,4,7,2020030116,6,,5,PIT,3,2,NYI,5,/gamecenter/pit-vs-nyi/2021/05/26/2020030116,2,4,,REG,1,/schedule/playoff-series/2021/series-a/islanders-vs-penguins,2,4,5,2
20202021,b,,4,7,2020030121,1,,6,BOS,2,15,WSH,3,/gamecenter/bos-vs-wsh/2021/05/15/2020030121,1,0,,OT,1,/schedule/playoff-series/2021/series-b/bruins-vs-capitals,6,4,15,1
20202021,b,,4,7,2020030122,2,,6,BOS,4,15,WSH,3,/gamecenter/bos-vs-wsh/2021/05/17/2020030122,1,1,,OT,1,/schedule/playoff-series/2021/series-b/bruins-vs-capitals,6,4,15,1
20202021,b,,4,7,2020030123,3,,15,WSH,2,6,BOS,3,/gamecenter/wsh-vs-bos/2021/05/19/2020030123,1,2,,OT,1,/schedule/playoff-series/2021/series-b/bruins-vs-capitals,6,4,15,1
20202021,b,,4,7,2020030124,4,,15,WSH,1,6,BOS,4,/gamecenter/wsh-vs-bos/2021/05/21/2020030124,1,3,,REG,1,/schedule/playoff-series/2021/series-b/bruins-vs-capitals,6,4,15,1
20202021,b,,4,7,2020030125,5,,6,BOS,3,15,WSH,1,/gamecenter/bos-vs-wsh/2021/05/23/2020030125,1,4,,REG,1,/schedule/playoff-series/2021/series-b/bruins-vs-capitals,6,4,15,1
20202021,c,,4,7,2020030131,1,,18,NSH,2,12,CAR,5,/gamecenter/nsh-vs-car/2021/05/17/2020030131,1,0,,REG,1,/schedule/playoff-series/2021/series-c/predators-vs-hurricanes,18,2,12,4
20202021,c,,4,7,2020030132,2,,18,NSH,0,12,CAR,3,/gamecenter/nsh-vs-car/2021/05/19/2020030132,2,0,,REG,1,/schedule/playoff-series/2021/series-c/predators-vs-hurricanes,18,2,12,4
20202021,c,,4,7,2020030133,3,,12,CAR,4,18,NSH,5,/gamecenter/car-vs-nsh/2021/05/21/2020030133,2,1,,OT,1,/schedule/playoff-series/2021/series-c/predators-vs-hurricanes,18,2,12,4
20202021,c,,4,7,2020030134,4,,12,CAR,3,18,NSH,4,/gamecenter/car-vs-nsh/2021/05/23/2020030134,2,2,,OT,1,/schedule/playoff-series/2021/series-c/predators-vs-hurricanes,18,2,12,4
20202021,c,,4,7,2020030135,5,,18,NSH,2,12,CAR,3,/gamecenter/nsh-vs-car/2021/05/25/2020030135,3,2,,OT,1,/schedule/playoff-series/2021/series-c/predators-vs-hurricanes,18,2,12,4
20202021,c,,4,7,2020030136,6,,12,CAR,4,18,NSH,3,/gamecenter/car-vs-nsh/2021/05/27/2020030136,4,2,,OT,1,/schedule/playoff-series/2021/series-c/predators-vs-hurricanes,18,2,12,4
20202021,d,,4,7,2020030141,1,,14,TBL,5,13,FLA,4,/gamecenter/tbl-vs-fla/2021/05/16/2020030141,0,1,,REG,1,/schedule/playoff-series/2021/series-d/lightning-vs-panthers,14,4,13,2
20202021,d,,4,7,2020030142,2,,14,TBL,3,13,FLA,1,/gamecenter/tbl-vs-fla/2021/05/18/2020030142,0,2,,REG,1,/schedule/playoff-series/2021/series-d/lightning-vs-panthers,14,4,13,2
20202021,d,,4,7,2020030143,3,,13,FLA,6,14,TBL,5,/gamecenter/fla-vs-tbl/2021/05/20/2020030143,1,2,,OT,1,/schedule/playoff-series/2021/series-d/lightning-vs-panthers,14,4,13,2
20202021,d,,4,7,2020030144,4,,13,FLA,2,14,TBL,6,/gamecenter/fla-vs-tbl/2021/05/22/2020030144,1,3,,REG,1,/schedule/playoff-series/2021/series-d/lightning-vs-panthers,14,4,13,2
20202021,d,,4,7,2020030145,5,,14,TBL,1,13,FLA,4,/gamecenter/tbl-vs-fla/2021/05/24/2020030145,2,3,,REG,1,/schedule/playoff-series/2021/series-d/lightning-vs-panthers,14,4,13,2
20202021,d,,4,7,2020030146,6,,13,FLA,0,14,TBL,4,/gamecenter/fla-vs-tbl/2021/05/26/2020030146,2,4,,REG,1,/schedule/playoff-series/2021/series-d/lightning-vs-panthers,14,4,13,2
20202021,e,,4,7,2020030151,1,,19,STL,1,21,COL,4,/gamecenter/stl-vs-col/2021/05/17/2020030151,1,0,,REG,1,/schedule/playoff-series/2021/series-e/blues-vs-avalanche,19,0,21,4
20202021,e,,4,7,2020030152,2,,19,STL,3,21,COL,6,/gamecenter/stl-vs-col/2021/05/19/2020030152,2,0,,REG,1,/schedule/playoff-series/2021/series-e/blues-vs-avalanche,19,0,21,4
20202021,e,,4,7,2020030153,3,,21,COL,5,19,STL,1,/gamecenter/col-vs-stl/2021/05/21/2020030153,3,0,,REG,1,/schedule/playoff-series/2021/series-e/blues-vs-avalanche,19,0,21,4
20202021,e,,4,7,2020030154,4,,21,COL,5,19,STL,2,/gamecenter/col-vs-stl/2021/05/23/2020030154,4,0,,REG,1,/schedule/playoff-series/2021/series-e/blues-vs-avalanche,19,0,21,4
20202021,f,,4,7,2020030161,1,,30,MIN,1,54,VGK,0,/gamecenter/min-vs-vgk/2021/05/16/2020030161,0,1,,OT,1,/schedule/playoff-series/2021/series-f/wild-vs-goldenknights,30,3,54,4
20202021,f,,4,7,2020030162,2,,30,MIN,1,54,VGK,3,/gamecenter/min-vs-vgk/2021/05/18/2020030162,1,1,,REG,1,/schedule/playoff-series/2021/series-f/wild-vs-goldenknights,30,3,54,4
20202021,f,,4,7,2020030163,3,,54,VGK,5,30,MIN,2,/gamecenter/vgk-vs-min/2021/05/20/2020030163,2,1,,REG,1,/schedule/playoff-series/2021/series-f/wild-vs-goldenknights,30,3,54,4
20202021,f,,4,7,2020030164,4,,54,VGK,4,30,MIN,0,/gamecenter/vgk-vs-min/2021/05/22/2020030164,3,1,,REG,1,/schedule/playoff-series/2021/series-f/wild-vs-goldenknights,30,3,54,4
20202021,f,,4,7,2020030165,5,,30,MIN,4,54,VGK,2,/gamecenter/min-vs-vgk/2021/05/24/2020030165,3,2,,REG,1,/schedule/playoff-series/2021/series-f/wild-vs-goldenknights,30,3,54,4
20202021,f,,4,7,2020030166,6,,54,VGK,0,30,MIN,3,/gamecenter/vgk-vs-min/2021/05/26/2020030166,3,3,,REG,1,/schedule/playoff-series/2021/series-f/wild-vs-goldenknights,30,3,54,4
20202021,f,,4,7,2020030167,7,,30,MIN,2,54,VGK,6,/gamecenter/min-vs-vgk/2021/05/28/2020030167,4,3,,REG,1,/schedule/playoff-series/2021/series-f/wild-vs-goldenknights,30,3,54,4
20202021,g,,4,7,2020030171,1,,8,MTL,2,10,TOR,1,/gamecenter/mtl-vs-tor/2021/05/20/2020030171,0,1,,REG,1,/schedule/playoff-series/2021/series-g/canadiens-vs-mapleleafs,8,4,10,3
20202021,g,,4,7,2020030172,2,,8,MTL,1,10,TOR,5,/gamecenter/mtl-vs-tor/2021/05/22/2020030172,1,1,,REG,1,/schedule/playoff-series/2021/series-g/canadiens-vs-mapleleafs,8,4,10,3
20202021,g,,4,7,2020030173,3,,10,TOR,2,8,MTL,1,/gamecenter/tor-vs-mtl/2021/05/24/2020030173,2,1,,REG,1,/schedule/playoff-series/2021/series-g/canadiens-vs-mapleleafs,8,4,10,3
20202021,g,,4,7,2020030174,4,,10,TOR,4,8,MTL,0,/gamecenter/tor-vs-mtl/2021/05/25/2020030174,3,1,,REG,1,/schedule/playoff-series/2021/series-g/canadiens-vs-mapleleafs,8,4,10,3
20202021,g,,4,7,2020030175,5,,8,MTL,4,10,TOR,3,/gamecenter/mtl-vs-tor/2021/05/27/2020030175,3,2,,OT,1,/schedule/playoff-series/2021/series-g/canadiens-vs-mapleleafs,8,4,10,3
20202021,g,,4,7,2020030176,6,,10,TOR,2,8,MTL,3,/gamecenter/tor-vs-mtl/2021/05/29/2020030176,3,3,,OT,1,/schedule/playoff-series/2021/series-g/canadiens-vs-mapleleafs,8,4,10,3
20202021,g,,4,7,2020030177,7,,8,MTL,3,10,TOR,1,/gamecenter/mtl-vs-tor/2021/05/31/2020030177,3,4,,REG,1,/schedule/playoff-series/2021/series-g/canadiens-vs-mapleleafs,8,4,10,3
20202021,h,,4,7,2020030181,1,,52,WPG,4,22,EDM,1,/gamecenter/wpg-vs-edm/2021/05/19/2020030181,0,1,,REG,1,/schedule/playoff-series/2021/series-h/jets-vs-oilers,52,4,22,0
20202021,h,,4,7,2020030182,2,,52,WPG,1,22,EDM,0,/gamecenter/wpg-vs-edm/2021/05/21/2020030182,0,2,,OT,1,/schedule/playoff-series/2021/series-h/jets-vs-oilers,52,4,22,0
20202021,h,,4,7,2020030183,3,,22,EDM,4,52,WPG,5,/gamecenter/edm-vs-wpg/2021/05/23/2020030183,0,3,,OT,1,/schedule/playoff-series/2021/series-h/jets-vs-oilers,52,4,22,0
20202021,h,,4,7,2020030184,4,,22,EDM,3,52,WPG,4,/gamecenter/edm-vs-wpg/2021/05/24/2020030184,0,4,,OT,1,/schedule/playoff-series/2021/series-h/jets-vs-oilers,52,4,22,0
20202021,i,,4,7,2020030211,1,,2,NYI,2,6,BOS,5,/gamecenter/nyi-vs-bos/2021/05/29/2020030211,1,0,,REG,2,/schedule/playoff-series/2021/series-i/islanders-vs-bruins,2,4,6,2
20202021,i,,4,7,2020030212,2,,2,NYI,4,6,BOS,3,/gamecenter/nyi-vs-bos/2021/05/31/2020030212,1,1,,OT,2,/schedule/playoff-series/2021/series-i/islanders-vs-bruins,2,4,6,2
20202021,i,,4,7,2020030213,3,,6,BOS,2,2,NYI,1,/gamecenter/bos-vs-nyi/2021/06/03/2020030213,2,1,,OT,2,/schedule/playoff-series/2021/series-i/islanders-vs-bruins,2,4,6,2
20202021,i,,4,7,2020030214,4,,6,BOS,1,2,NYI,4,/gamecenter/bos-vs-nyi/2021/06/05/2020030214,2,2,,REG,2,/schedule/playoff-series/2021/series-i/islanders-vs-bruins,2,4,6,2
20202021,i,,4,7,2020030215,5,,2,NYI,5,6,BOS,4,/gamecenter/nyi-vs-bos/2021/06/07/2020030215,2,3,,REG,2,/schedule/playoff-series/2021/series-i/islanders-vs-bruins,2,4,6,2
20202021,i,,4,7,2020030216,6,,6,BOS,2,2,NYI,6,/gamecenter/bos-vs-nyi/2021/06/09/2020030216,2,4,,REG,2,/schedule/playoff-series/2021/series-i/islanders-vs-bruins,2,4,6,2
20202021,j,,4,7,2020030221,1,,14,TBL,2,12,CAR,1,/gamecenter/tbl-vs-car/2021/05/30/2020030221,0,1,,REG,2,/schedule/playoff-series/2021/series-j/lightning-vs-hurricanes,14,4,12,1
20202021,j,,4,7,2020030222,2,,14,TBL,2,12,CAR,1,/gamecenter/tbl-vs-car/2021/06/01/2020030222,0,2,,REG,2,/schedule/playoff-series/2021/series-j/lightning-vs-hurricanes,14,4,12,1
20202021,j,,4,7,2020030223,3,,12,CAR,3,14,TBL,2,/gamecenter/car-vs-tbl/2021/06/03/2020030223,1,2,,OT,2,/schedule/playoff-series/2021/series-j/lightning-vs-hurricanes,14,4,12,1
20202021,j,,4,7,2020030224,4,,12,CAR,4,14,TBL,6,/gamecenter/car-vs-tbl/2021/06/05/2020030224,1,3,,REG,2,/schedule/playoff-series/2021/series-j/lightning-vs-hurricanes,14,4,12,1
20202021,j,,4,7,2020030225,5,,14,TBL,2,12,CAR,0,/gamecenter/tbl-vs-car/2021/06/08/2020030225,1,4,,REG,2,/schedule/playoff-series/2021/series-j/lightning-vs-hurricanes,14,4,12,1
20202021,k,,4,7,2020030231,1,,54,VGK,1,21,COL,7,/gamecenter/vgk-vs-col/2021/05/30/2020030231,1,0,,REG,2,/schedule/playoff-series/2021/series-k/goldenknights-vs-avalanche,54,4,21,2
20202021,k,,4,7,2020030232,2,,54,VGK,2,21,COL,3,/gamecenter/vgk-vs-col/2021/06/02/2020030232,2,0,,OT,2,/schedule/playoff-series/2021/series-k/goldenknights-vs-avalanche,54,4,21,2
20202021,k,,4,7,2020030233,3,,21,COL,2,54,VGK,3,/gamecenter/col-vs-vgk/2021/06/04/2020030233,2,1,,REG,2,/schedule/playoff-series/2021/series-k/goldenknights-vs-avalanche,54,4,21,2
20202021,k,,4,7,2020030234,4,,21,COL,1,54,VGK,5,/gamecenter/col-vs-vgk/2021/06/06/2020030234,2,2,,REG,2,/schedule/playoff-series/2021/series-k/goldenknights-vs-avalanche,54,4,21,2
20202021,k,,4,7,2020030235,5,,54,VGK,3,21,COL,2,/gamecenter/vgk-vs-col/2021/06/08/2020030235,2,3,,OT,2,/schedule/playoff-series/2021/series-k/goldenknights-vs-avalanche,54,4,21,2
20202021,k,,4,7,2020030236,6,,21,COL,3,54,VGK,6,/gamecenter/col-vs-vgk/2021/06/10/2020030236,2,4,,REG,2,/schedule/playoff-series/2021/series-k/goldenknights-vs-avalanche,54,4,21,2
20202021,l,,4,7,2020030241,1,,8,MTL,5,52,WPG,3,/gamecenter/mtl-vs-wpg/2021/06/02/2020030241,0,1,,REG,2,/schedule/playoff-series/2021/series-l/canadiens-vs-jets,8,4,52,0
20202021,l,,4,7,2020030242,2,,8,MTL,1,52,WPG,0,/gamecenter/mtl-vs-wpg/2021/06/04/2020030242,0,2,,REG,2,/schedule/playoff-series/2021/series-l/canadiens-vs-jets,8,4,52,0
20202021,l,,4,7,2020030243,3,,52,WPG,1,8,MTL,5,/gamecenter/wpg-vs-mtl/2021/06/06/2020030243,0,3,,REG,2,/schedule/playoff-series/2021/series-l/canadiens-vs-jets,8,4,52,0
20202021,l,,4,7,2020030244,4,,52,WPG,2,8,MTL,3,/gamecenter/wpg-vs-mtl/2021/06/07/2020030244,0,4,,OT,2,/schedule/playoff-series/2021/series-l/canadiens-vs-jets,8,4,52,0
20202021,m,,4,7,2020030311,1,,8,MTL,1,54,VGK,4,/gamecenter/mtl-vs-vgk/2021/06/14/2020030311,1,0,,REG,3,/schedule/playoff-series/2021/series-m/canadiens-vs-goldenknights,8,4,54,2
20202021,m,,4,7,2020030312,2,,8,MTL,3,54,VGK,2,/gamecenter/mtl-vs-vgk/2021/06/16/2020030312,1,1,,REG,3,/schedule/playoff-series/2021/series-m/canadiens-vs-goldenknights,8,4,54,2
20202021,m,,4,7,2020030313,3,,54,VGK,2,8,MTL,3,/gamecenter/vgk-vs-mtl/2021/06/18/2020030313,1,2,,OT,3,/schedule/playoff-series/2021/series-m/canadiens-vs-goldenknights,8,4,54,2
20202021,m,,4,7,2020030314,4,,54,VGK,2,8,MTL,1,/gamecenter/vgk-vs-mtl/2021/06/20/2020030314,2,2,,OT,3,/schedule/playoff-series/2021/series-m/canadiens-vs-goldenknights,8,4,54,2
20202021,m,,4,7,2020030315,5,,8,MTL,4,54,VGK,1,/gamecenter/mtl-vs-vgk/2021/06/22/2020030315,2,3,,REG,3,/schedule/playoff-series/2021/series-m/canadiens-vs-goldenknights,8,4,54,2
20202021,m,,4,7,2020030316,6,,54,VGK,2,8,MTL,3,/gamecenter/vgk-vs-mtl/2021/06/24/2020030316,2,4,,OT,3,/schedule/playoff-series/2021/series-m/canadiens-vs-goldenknights,8,4,54,2
20202021,n,,4,7,2020030321,1,,2,NYI,2,14,TBL,1,/gamecenter/nyi-vs-tbl/2021/06/13/2020030321,0,1,,REG,3,/schedule/playoff-series/2021/series-n/islanders-vs-lightning,2,3,14,4
20202021,n,,4,7,2020030322,2,,2,NYI,2,14,TBL,4,/gamecenter/nyi-vs-tbl/2021/06/15/2020030322,1,1,,REG,3,/schedule/playoff-series/2021/series-n/islanders-vs-lightning,2,3,14,4
20202021,n,,4,7,2020030323,3,,14,TBL,2,2,NYI,1,/gamecenter/tbl-vs-nyi/2021/06/17/2020030323,2,1,,REG,3,/schedule/playoff-series/2021/series-n/islanders-vs-lightning,2,3,14,4
20202021,n,,4,7,2020030324,4,,14,TBL,2,2,NYI,3,/gamecenter/tbl-vs-nyi/2021/06/19/2020030324,2,2,,REG,3,/schedule/playoff-series/2021/series-n/islanders-vs-lightning,2,3,14,4
20202021,n,,4,7,2020030325,5,,2,NYI,0,14,TBL,8,/gamecenter/nyi-vs-tbl/2021/06/21/2020030325,3,2,,REG,3,/schedule/playoff-series/2021/series-n/islanders-vs-lightning,2,3,14,4
20202021,n,,4,7,2020030326,6,,14,TBL,2,2,NYI,3,/gamecenter/tbl-vs-nyi/2021/06/23/2020030326,3,3,,OT,3,/schedule/playoff-series/2021/series-n/islanders-vs-lightning,2,3,14,4
20202021,n,,4,7,2020030327,7,,2,NYI,0,14,TBL,1,/gamecenter/nyi-vs-tbl/2021/06/25/2020030327,4,3,,REG,3,/schedule/playoff-series/2021/series-n/islanders-vs-lightning,2,3,14,4
20202021,o,,4,7,2020030411,1,,8,MTL,1,14,TBL,5,/gamecenter/mtl-vs-tbl/2021/06/28/2020030411,1,0,,REG,4,/schedule/playoff-series/2021/series-o/canadiens-vs-lightning,8,1,14,4
20202021,o,,4,7,2020030412,2,,8,MTL,1,14,TBL,3,/gamecenter/mtl-vs-tbl/2021/06/30/2020030412,2,0,,REG,4,/schedule/playoff-series/2021/series-o/canadiens-vs-lightning,8,1,14,4
20202021,o,,4,7,2020030413,3,,14,TBL,6,8,MTL,3,/gamecenter/tbl-vs-mtl/2021/07/02/2020030413,3,0,,REG,4,/schedule/playoff-series/2021/series-o/canadiens-vs-lightning,8,1,14,4
20202021,o,,4,7,2020030414,4,,14,TBL,2,8,MTL,3,/gamecenter/tbl-vs-mtl/2021/07/05/2020030414,3,1,,OT,4,/schedule/playoff-series/2021/series-o/canadiens-vs-lightning,8,1,14,4
20202021,o,,4,7,2020030415,5,,8,MTL,0,14,TBL,1,/gamecenter/mtl-vs-tbl/2021/07/07/2020030415,4,1,,REG,4,/schedule/playoff-series/2021/series-o/canadiens-vs-lightning,8,1,14,4
20212022,a,,4,7,2021030111,1,,15,WSH,4,13,FLA,2,/gamecenter/wsh-vs-fla/2022/05/03/2021030111,0,1,,REG,1,/schedule/playoff-series/2022/series-a/capitals-vs-panthers,15,2,13,4
20212022,a,,4,7,2021030112,2,,15,WSH,1,13,FLA,5,/gamecenter/wsh-vs-fla/2022/05/05/2021030112,1,1,,REG,1,/schedule/playoff-series/2022/series-a/capitals-vs-panthers,15,2,13,4
20212022,a,,4,7,2021030113,3,,13,FLA,1,15,WSH,6,/gamecenter/fla-vs-wsh/2022/05/07/2021030113,1,2,,REG,1,/schedule/playoff-series/2022/series-a/capitals-vs-panthers,15,2,13,4
20212022,a,,4,7,2021030114,4,,13,FLA,3,15,WSH,2,/gamecenter/fla-vs-wsh/2022/05/09/2021030114,2,2,,OT,1,/schedule/playoff-series/2022/series-a/capitals-vs-panthers,15,2,13,4
20212022,a,,4,7,2021030115,5,,15,WSH,3,13,FLA,5,/gamecenter/wsh-vs-fla/2022/05/11/2021030115,3,2,,REG,1,/schedule/playoff-series/2022/series-a/capitals-vs-panthers,15,2,13,4
20212022,a,,4,7,2021030116,6,,13,FLA,4,15,WSH,3,/gamecenter/fla-vs-wsh/2022/05/13/2021030116,4,2,,OT,1,/schedule/playoff-series/2022/series-a/capitals-vs-panthers,15,2,13,4
20212022,b,,4,7,2021030121,1,,14,TBL,0,10,TOR,5,/gamecenter/tbl-vs-tor/2022/05/02/2021030121,1,0,,REG,1,/schedule/playoff-series/2022/series-b/lightning-vs-mapleleafs,14,4,10,3
20212022,b,,4,7,2021030122,2,,14,TBL,5,10,TOR,3,/gamecenter/tbl-vs-tor/2022/05/04/2021030122,1,1,,REG,1,/schedule/playoff-series/2022/series-b/lightning-vs-mapleleafs,14,4,10,3
20212022,b,,4,7,2021030123,3,,10,TOR,5,14,TBL,2,/gamecenter/tor-vs-tbl/2022/05/06/2021030123,2,1,,REG,1,/schedule/playoff-series/2022/series-b/lightning-vs-mapleleafs,14,4,10,3
20212022,b,,4,7,2021030124,4,,10,TOR,3,14,TBL,7,/gamecenter/tor-vs-tbl/2022/05/08/2021030124,2,2,,REG,1,/schedule/playoff-series/2022/series-b/lightning-vs-mapleleafs,14,4,10,3
20212022,b,,4,7,2021030125,5,,14,TBL,3,10,TOR,4,/gamecenter/tbl-vs-tor/2022/05/10/2021030125,3,2,,REG,1,/schedule/playoff-series/2022/series-b/lightning-vs-mapleleafs,14,4,10,3
20212022,b,,4,7,2021030126,6,,10,TOR,3,14,TBL,4,/gamecenter/tor-vs-tbl/2022/05/12/2021030126,3,3,,OT,1,/schedule/playoff-series/2022/series-b/lightning-vs-mapleleafs,14,4,10,3
20212022,b,,4,7,2021030127,7,,14,TBL,2,10,TOR,1,/gamecenter/tbl-vs-tor/2022/05/14/2021030127,3,4,,REG,1,/schedule/playoff-series/2022/series-b/lightning-vs-mapleleafs,14,4,10,3
20212022,c,,4,7,2021030131,1,,6,BOS,1,12,CAR,5,/gamecenter/bos-vs-car/2022/05/02/2021030131,1,0,,REG,1,/schedule/playoff-series/2022/series-c/bruins-vs-hurricanes,6,3,12,4
20212022,c,,4,7,2021030132,2,,6,BOS,2,12,CAR,5,/gamecenter/bos-vs-car/2022/05/04/2021030132,2,0,,REG,1,/schedule/playoff-series/2022/series-c/bruins-vs-hurricanes,6,3,12,4
20212022,c,,4,7,2021030133,3,,12,CAR,2,6,BOS,4,/gamecenter/car-vs-bos/2022/05/06/2021030133,2,1,,REG,1,/schedule/playoff-series/2022/series-c/bruins-vs-hurricanes,6,3,12,4
20212022,c,,4,7,2021030134,4,,12,CAR,2,6,BOS,5,/gamecenter/car-vs-bos/2022/05/08/2021030134,2,2,,REG,1,/schedule/playoff-series/2022/series-c/bruins-vs-hurricanes,6,3,12,4
20212022,c,,4,7,2021030135,5,,6,BOS,1,12,CAR,5,/gamecenter/bos-vs-car/2022/05/10/2021030135,3,2,,REG,1,/schedule/playoff-series/2022/series-c/bruins-vs-hurricanes,6,3,12,4
20212022,c,,4,7,2021030136,6,,12,CAR,2,6,BOS,5,/gamecenter/car-vs-bos/2022/05/12/2021030136,3,3,,REG,1,/schedule/playoff-series/2022/series-c/bruins-vs-hurricanes,6,3,12,4
20212022,c,,4,7,2021030137,7,,6,BOS,2,12,CAR,3,/gamecenter/bos-vs-car/2022/05/14/2021030137,4,3,,REG,1,/schedule/playoff-series/2022/series-c/bruins-vs-hurricanes,6,3,12,4
20212022,d,,4,7,2021030141,1,,5,PIT,4,3,NYR,3,/gamecenter/pit-vs-nyr/2022/05/03/2021030141,0,1,,OT,1,/schedule/playoff-series/2022/series-d/penguins-vs-rangers,5,3,3,4
20212022,d,,4,7,2021030142,2,,5,PIT,2,3,NYR,5,/gamecenter/pit-vs-nyr/2022/05/05/2021030142,1,1,,REG,1,/schedule/playoff-series/2022/series-d/penguins-vs-rangers,5,3,3,4
20212022,d,,4,7,2021030143,3,,3,NYR,4,5,PIT,7,/gamecenter/nyr-vs-pit/2022/05/07/2021030143,1,2,,REG,1,/schedule/playoff-series/2022/series-d/penguins-vs-rangers,5,3,3,4
20212022,d,,4,7,2021030144,4,,3,NYR,2,5,PIT,7,/gamecenter/nyr-vs-pit/2022/05/09/2021030144,1,3,,REG,1,/schedule/playoff-series/2022/series-d/penguins-vs-rangers,5,3,3,4
20212022,d,,4,7,2021030145,5,,5,PIT,3,3,NYR,5,/gamecenter/pit-vs-nyr/2022/05/11/2021030145,2,3,,REG,1,/schedule/playoff-series/2022/series-d/penguins-vs-rangers,5,3,3,4
20212022,d,,4,7,2021030146,6,,3,NYR,5,5,PIT,3,/gamecenter/nyr-vs-pit/2022/05/13/2021030146,3,3,,REG,1,/schedule/playoff-series/2022/series-d/penguins-vs-rangers,5,3,3,4
20212022,d,,4,7,2021030147,7,,5,PIT,3,3,NYR,4,/gamecenter/pit-vs-nyr/2022/05/15/2021030147,4,3,,OT,1,/schedule/playoff-series/2022/series-d/penguins-vs-rangers,5,3,3,4
20212022,e,,4,7,2021030151,1,,18,NSH,2,21,COL,7,/gamecenter/nsh-vs-col/2022/05/03/2021030151,1,0,,REG,1,/schedule/playoff-series/2022/series-e/predators-vs-avalanche,18,0,21,4
20212022,e,,4,7,2021030152,2,,18,NSH,1,21,COL,2,/gamecenter/nsh-vs-col/2022/05/05/2021030152,2,0,,OT,1,/schedule/playoff-series/2022/series-e/predators-vs-avalanche,18,0,21,4
20212022,e,,4,7,2021030153,3,,21,COL,7,18,NSH,3,/gamecenter/col-vs-nsh/2022/05/07/2021030153,3,0,,REG,1,/schedule/playoff-series/2022/series-e/predators-vs-avalanche,18,0,21,4
20212022,e,,4,7,2021030154,4,,21,COL,5,18,NSH,3,/gamecenter/col-vs-nsh/2022/05/09/2021030154,4,0,,REG,1,/schedule/playoff-series/2022/series-e/predators-vs-avalanche,18,0,21,4
20212022,f,,4,7,2021030161,1,,19,STL,4,30,MIN,0,/gamecenter/stl-vs-min/2022/05/02/2021030161,0,1,,REG,1,/schedule/playoff-series/2022/series-f/blues-vs-wild,19,4,30,2
20212022,f,,4,7,2021030162,2,,19,STL,2,30,MIN,6,/gamecenter/stl-vs-min/2022/05/04/2021030162,1,1,,REG,1,/schedule/playoff-series/2022/series-f/blues-vs-wild,19,4,30,2
20212022,f,,4,7,2021030163,3,,30,MIN,5,19,STL,1,/gamecenter/min-vs-stl/2022/05/06/2021030163,2,1,,REG,1,/schedule/playoff-series/2022/series-f/blues-vs-wild,19,4,30,2
20212022,f,,4,7,2021030164,4,,30,MIN,2,19,STL,5,/gamecenter/min-vs-stl/2022/05/08/2021030164,2,2,,REG,1,/schedule/playoff-series/2022/series-f/blues-vs-wild,19,4,30,2
20212022,f,,4,7,2021030165,5,,19,STL,5,30,MIN,2,/gamecenter/stl-vs-min/2022/05/10/2021030165,2,3,,REG,1,/schedule/playoff-series/2022/series-f/blues-vs-wild,19,4,30,2
20212022,f,,4,7,2021030166,6,,30,MIN,1,19,STL,5,/gamecenter/min-vs-stl/2022/05/12/2021030166,2,4,,REG,1,/schedule/playoff-series/2022/series-f/blues-vs-wild,19,4,30,2
20212022,g,,4,7,2021030171,1,,25,DAL,0,20,CGY,1,/gamecenter/dal-vs-cgy/2022/05/03/2021030171,1,0,,REG,1,/schedule/playoff-series/2022/series-g/stars-vs-flames,25,3,20,4
20212022,g,,4,7,2021030172,2,,25,DAL,2,20,CGY,0,/gamecenter/dal-vs-cgy/2022/05/05/2021030172,1,1,,REG,1,/schedule/playoff-series/2022/series-g/stars-vs-flames,25,3,20,4
20212022,g,,4,7,2021030173,3,,20,CGY,2,25,DAL,4,/gamecenter/cgy-vs-dal/2022/05/07/2021030173,1,2,,REG,1,/schedule/playoff-series/2022/series-g/stars-vs-flames,25,3,20,4
20212022,g,,4,7,2021030174,4,,20,CGY,4,25,DAL,1,/gamecenter/cgy-vs-dal/2022/05/09/2021030174,2,2,,REG,1,/schedule/playoff-series/2022/series-g/stars-vs-flames,25,3,20,4
20212022,g,,4,7,2021030175,5,,25,DAL,1,20,CGY,3,/gamecenter/dal-vs-cgy/2022/05/11/2021030175,3,2,,REG,1,/schedule/playoff-series/2022/series-g/stars-vs-flames,25,3,20,4
20212022,g,,4,7,2021030176,6,,20,CGY,2,25,DAL,4,/gamecenter/cgy-vs-dal/2022/05/13/2021030176,3,3,,REG,1,/schedule/playoff-series/2022/series-g/stars-vs-flames,25,3,20,4
20212022,g,,4,7,2021030177,7,,25,DAL,2,20,CGY,3,/gamecenter/dal-vs-cgy/2022/05/15/2021030177,4,3,,OT,1,/schedule/playoff-series/2022/series-g/stars-vs-flames,25,3,20,4
20212022,h,,4,7,2021030181,1,,26,LAK,4,22,EDM,3,/gamecenter/lak-vs-edm/2022/05/02/2021030181,0,1,,REG,1,/schedule/playoff-series/2022/series-h/kings-vs-oilers,26,3,22,4
20212022,h,,4,7,2021030182,2,,26,LAK,0,22,EDM,6,/gamecenter/lak-vs-edm/2022/05/04/2021030182,1,1,,REG,1,/schedule/playoff-series/2022/series-h/kings-vs-oilers,26,3,22,4
20212022,h,,4,7,2021030183,3,,22,EDM,8,26,LAK,2,/gamecenter/edm-vs-lak/2022/05/06/2021030183,2,1,,REG,1,/schedule/playoff-series/2022/series-h/kings-vs-oilers,26,3,22,4
20212022,h,,4,7,2021030184,4,,22,EDM,0,26,LAK,4,/gamecenter/edm-vs-lak/2022/05/08/2021030184,2,2,,REG,1,/schedule/playoff-series/2022/series-h/kings-vs-oilers,26,3,22,4
20212022,h,,4,7,2021030185,5,,26,LAK,5,22,EDM,4,/gamecenter/lak-vs-edm/2022/05/10/2021030185,2,3,,OT,1,/schedule/playoff-series/2022/series-h/kings-vs-oilers,26,3,22,4
20212022,h,,4,7,2021030186,6,,22,EDM,4,26,LAK,2,/gamecenter/edm-vs-lak/2022/05/12/2021030186,3,3,,REG,1,/schedule/playoff-series/2022/series-h/kings-vs-oilers,26,3,22,4
20212022,h,,4,7,2021030187,7,,26,LAK,0,22,EDM,2,/gamecenter/lak-vs-edm/2022/05/14/2021030187,4,3,,REG,1,/schedule/playoff-series/2022/series-h/kings-vs-oilers,26,3,22,4
20212022,i,,4,7,2021030211,1,,14,TBL,4,13,FLA,1,/gamecenter/tbl-vs-fla/2022/05/17/2021030211,0,1,,REG,2,/schedule/playoff-series/2022/series-i/lightning-vs-panthers,14,4,13,0
20212022,i,,4,7,2021030212,2,,14,TBL,2,13,FLA,1,/gamecenter/tbl-vs-fla/2022/05/19/2021030212,0,2,,REG,2,/schedule/playoff-series/2022/series-i/lightning-vs-panthers,14,4,13,0
20212022,i,,4,7,2021030213,3,,13,FLA,1,14,TBL,5,/gamecenter/fla-vs-tbl/2022/05/22/2021030213,0,3,,REG,2,/schedule/playoff-series/2022/series-i/lightning-vs-panthers,14,4,13,0
20212022,i,,4,7,2021030214,4,,13,FLA,0,14,TBL,2,/gamecenter/fla-vs-tbl/2022/05/23/2021030214,0,4,,REG,2,/schedule/playoff-series/2022/series-i/lightning-vs-panthers,14,4,13,0
20212022,j,,4,7,2021030221,1,,3,NYR,1,12,CAR,2,/gamecenter/nyr-vs-car/2022/05/18/2021030221,1,0,,OT,2,/schedule/playoff-series/2022/series-j/rangers-vs-hurricanes,3,4,12,3
20212022,j,,4,7,2021030222,2,,3,NYR,0,12,CAR,2,/gamecenter/nyr-vs-car/2022/05/20/2021030222,2,0,,REG,2,/schedule/playoff-series/2022/series-j/rangers-vs-hurricanes,3,4,12,3
20212022,j,,4,7,2021030223,3,,12,CAR,1,3,NYR,3,/gamecenter/car-vs-nyr/2022/05/22/2021030223,2,1,,REG,2,/schedule/playoff-series/2022/series-j/rangers-vs-hurricanes,3,4,12,3
20212022,j,,4,7,2021030224,4,,12,CAR,1,3,NYR,4,/gamecenter/car-vs-nyr/2022/05/24/2021030224,2,2,,REG,2,/schedule/playoff-series/2022/series-j/rangers-vs-hurricanes,3,4,12,3
20212022,j,,4,7,2021030225,5,,3,NYR,1,12,CAR,3,/gamecenter/nyr-vs-car/2022/05/26/2021030225,3,2,,REG,2,/schedule/playoff-series/2022/series-j/rangers-vs-hurricanes,3,4,12,3
20212022,j,,4,7,2021030226,6,,12,CAR,2,3,NYR,5,/gamecenter/car-vs-nyr/2022/05/28/2021030226,3,3,,REG,2,/schedule/playoff-series/2022/series-j/rangers-vs-hurricanes,3,4,12,3
20212022,j,,4,7,2021030227,7,,3,NYR,6,12,CAR,2,/gamecenter/nyr-vs-car/2022/05/30/2021030227,3,4,,REG,2,/schedule/playoff-series/2022/series-j/rangers-vs-hurricanes,3,4,12,3
20212022,k,,4,7,2021030231,1,,19,STL,2,21,COL,3,/gamecenter/stl-vs-col/2022/05/17/2021030231,1,0,,OT,2,/schedule/playoff-series/2022/series-k/blues-vs-avalanche,19,2,21,4
20212022,k,,4,7,2021030232,2,,19,STL,4,21,COL,1,/gamecenter/stl-vs-col/2022/05/19/2021030232,1,1,,REG,2,/schedule/playoff-series/2022/series-k/blues-vs-avalanche,19,2,21,4
20212022,k,,4,7,2021030233,3,,21,COL,5,19,STL,2,/gamecenter/col-vs-stl/2022/05/21/2021030233,2,1,,REG,2,/schedule/playoff-series/2022/series-k/blues-vs-avalanche,19,2,21,4
20212022,k,,4,7,2021030234,4,,21,COL,6,19,STL,3,/gamecenter/col-vs-stl/2022/05/23/2021030234,3,1,,REG,2,/schedule/playoff-series/2022/series-k/blues-vs-avalanche,19,2,21,4
20212022,k,,4,7,2021030235,5,,19,STL,5,21,COL,4,/gamecenter/stl-vs-col/2022/05/25/2021030235,3,2,,OT,2,/schedule/playoff-series/2022/series-k/blues-vs-avalanche,19,2,21,4
20212022,k,,4,7,2021030236,6,,21,COL,3,19,STL,2,/gamecenter/col-vs-stl/2022/05/27/2021030236,4,2,,REG,2,/schedule/playoff-series/2022/series-k/blues-vs-avalanche,19,2,21,4
20212022,l,,4,7,2021030241,1,,22,EDM,6,20,CGY,9,/gamecenter/edm-vs-cgy/2022/05/18/2021030241,1,0,,REG,2,/schedule/playoff-series/2022/series-l/oilers-vs-flames,22,4,20,1
20212022,l,,4,7,2021030242,2,,22,EDM,5,20,CGY,3,/gamecenter/edm-vs-cgy/2022/05/20/2021030242,1,1,,REG,2,/schedule/playoff-series/2022/series-l/oilers-vs-flames,22,4,20,1
20212022,l,,4,7,2021030243,3,,20,CGY,1,22,EDM,4,/gamecenter/cgy-vs-edm/2022/05/22/2021030243,1,2,,REG,2,/schedule/playoff-series/2022/series-l/oilers-vs-flames,22,4,20,1
20212022,l,,4,7,2021030244,4,,20,CGY,3,22,EDM,5,/gamecenter/cgy-vs-edm/2022/05/24/2021030244,1,3,,REG,2,/schedule/playoff-series/2022/series-l/oilers-vs-flames,22,4,20,1
20212022,l,,4,7,2021030245,5,,22,EDM,5,20,CGY,4,/gamecenter/edm-vs-cgy/2022/05/26/2021030245,1,4,,OT,2,/schedule/playoff-series/2022/series-l/oilers-vs-flames,22,4,20,1
20212022,m,,4,7,2021030311,1,,14,TBL,2,3,NYR,6,/gamecenter/tbl-vs-nyr/2022/06/01/2021030311,1,0,,REG,3,/schedule/playoff-series/2022/series-m/lightning-vs-rangers,14,4,3,2
20212022,m,,4,7,2021030312,2,,14,TBL,2,3,NYR,3,/gamecenter/tbl-vs-nyr/2022/06/03/2021030312,2,0,,REG,3,/schedule/playoff-series/2022/series-m/lightning-vs-rangers,14,4,3,2
20212022,m,,4,7,2021030313,3,,3,NYR,2,14,TBL,3,/gamecenter/nyr-vs-tbl/2022/06/05/2021030313,2,1,,REG,3,/schedule/playoff-series/2022/series-m/lightning-vs-rangers,14,4,3,2
20212022,m,,4,7,2021030314,4,,3,NYR,1,14,TBL,4,/gamecenter/nyr-vs-tbl/2022/06/07/2021030314,2,2,,REG,3,/schedule/playoff-series/2022/series-m/lightning-vs-rangers,14,4,3,2
20212022,m,,4,7,2021030315,5,,14,TBL,3,3,NYR,1,/gamecenter/tbl-vs-nyr/2022/06/09/2021030315,2,3,,REG,3,/schedule/playoff-series/2022/series-m/lightning-vs-rangers,14,4,3,2
20212022,m,,4,7,2021030316,6,,3,NYR,1,14,TBL,2,/gamecenter/nyr-vs-tbl/2022/06/11/2021030316,2,4,,REG,3,/schedule/playoff-series/2022/series-m/lightning-vs-rangers,14,4,3,2
20212022,n,,4,7,2021030321,1,,22,EDM,6,21,COL,8,/gamecenter/edm-vs-col/2022/05/31/2021030321,1,0,,REG,3,/schedule/playoff-series/2022/series-n/oilers-vs-avalanche,22,0,21,4
20212022,n,,4,7,2021030322,2,,22,EDM,0,21,COL,4,/gamecenter/edm-vs-col/2022/06/02/2021030322,2,0,,REG,3,/schedule/playoff-series/2022/series-n/oilers-vs-avalanche,22,0,21,4
20212022,n,,4,7,2021030323,3,,21,COL,4,22,EDM,2,/gamecenter/col-vs-edm/2022/06/04/2021030323,3,0,,REG,3,/schedule/playoff-series/2022/series-n/oilers-vs-avalanche,22,0,21,4
20212022,n,,4,7,2021030324,4,,21,COL,6,22,EDM,5,/gamecenter/col-vs-edm/2022/06/06/2021030324,4,0,,OT,3,/schedule/playoff-series/2022/series-n/oilers-vs-avalanche,22,0,21,4
20212022,o,,4,7,2021030411,1,,14,TBL,3,21,COL,4,/gamecenter/tbl-vs-col/2022/06/15/2021030411,1,0,,OT,4,/schedule/playoff-series/2022/series-o/lightning-vs-avalanche,14,2,21,4
20212022,o,,4,7,2021030412,2,,14,TBL,0,21,COL,7,/gamecenter/tbl-vs-col/2022/06/18/2021030412,2,0,,REG,4,/schedule/playoff-series/2022/series-o/lightning-vs-avalanche,14,2,21,4
20212022,o,,4,7,2021030413,3,,21,COL,2,14,TBL,6,/gamecenter/col-vs-tbl/2022/06/20/2021030413,2,1,,REG,4,/schedule/playoff-series/2022/series-o/lightning-vs-avalanche,14,2,21,4
20212022,o,,4,7,2021030414,4,,21,COL,3,14,TBL,2,/gamecenter/col-vs-tbl/2022/06/22/2021030414,3,1,,OT,4,/schedule/playoff-series/2022/series-o/lightning-vs-avalanche,14,2,21,4
20212022,o,,4,7,2021030415,5,,14,TBL,3,21,COL,2,/gamecenter/tbl-vs-col/2022/06/24/2021030415,3,2,,REG,4,/schedule/playoff-series/2022/series-o/lightning-vs-avalanche,14,2,21,4
20212022,o,,4,7,2021030416,6,,21,COL,2,14,TBL,1,/gamecenter/col-vs-tbl/2022/06/26/2021030416,4,2,,REG,4,/schedule/playoff-series/2022/series-o/lightning-vs-avalanche,14,2,21,4
20222023,a,,4,7,2022030111,1,,13,FLA,1,6,BOS,3,/gamecenter/fla-vs-bos/2023/04/17/2022030111,1,0,,REG,1,/schedule/playoff-series/2023/series-a/panthers-vs-bruins,13,4,6,3
20222023,a,,4,7,2022030112,2,,13,FLA,6,6,BOS,3,/gamecenter/fla-vs-bos/2023/04/19/2022030112,1,1,,REG,1,/schedule/playoff-series/2023/series-a/panthers-vs-bruins,13,4,6,3
20222023,a,,4,7,2022030113,3,,6,BOS,4,13,FLA,2,/gamecenter/bos-vs-fla/2023/04/21/2022030113,2,1,,REG,1,/schedule/playoff-series/2023/series-a/panthers-vs-bruins,13,4,6,3
20222023,a,,4,7,2022030114,4,,6,BOS,6,13,FLA,2,/gamecenter/bos-vs-fla/2023/04/23/2022030114,3,1,,REG,1,/schedule/playoff-series/2023/series-a/panthers-vs-bruins,13,4,6,3
20222023,a,,4,7,2022030115,5,,13,FLA,4,6,BOS,3,/gamecenter/fla-vs-bos/2023/04/26/2022030115,3,2,,OT,1,/schedule/playoff-series/2023/series-a/panthers-vs-bruins,13,4,6,3
20222023,a,,4,7,2022030116,6,,6,BOS,5,13,FLA,7,/gamecenter/bos-vs-fla/2023/04/28/2022030116,3,3,,REG,1,/schedule/playoff-series/2023/series-a/panthers-vs-bruins,13,4,6,3
20222023,a,,4,7,2022030117,7,,13,FLA,4,6,BOS,3,/gamecenter/fla-vs-bos/2023/04/30/2022030117,3,4,,OT,1,/schedule/playoff-series/2023/series-a/panthers-vs-bruins,13,4,6,3
20222023,b,,4,7,2022030121,1,,14,TBL,7,10,TOR,3,/gamecenter/tbl-vs-tor/2023/04/18/2022030121,0,1,,REG,1,/schedule/playoff-series/2023/series-b/lightning-vs-mapleleafs,14,2,10,4
20222023,b,,4,7,2022030122,2,,14,TBL,2,10,TOR,7,/gamecenter/tbl-vs-tor/2023/04/20/2022030122,1,1,,REG,1,/schedule/playoff-series/2023/series-b/lightning-vs-mapleleafs,14,2,10,4
20222023,b,,4,7,2022030123,3,,10,TOR,4,14,TBL,3,/gamecenter/tor-vs-tbl/2023/04/22/2022030123,2,1,,OT,1,/schedule/playoff-series/2023/series-b/lightning-vs-mapleleafs,14,2,10,4
20222023,b,,4,7,2022030124,4,,10,TOR,5,14,TBL,4,/gamecenter/tor-vs-tbl/2023/04/24/2022030124,3,1,,OT,1,/schedule/playoff-series/2023/series-b/lightning-vs-mapleleafs,14,2,10,4
20222023,b,,4,7,2022030125,5,,14,TBL,4,10,TOR,2,/gamecenter/tbl-vs-tor/2023/04/27/2022030125,3,2,,REG,1,/schedule/playoff-series/2023/series-b/lightning-vs-mapleleafs,14,2,10,4
20222023,b,,4,7,2022030126,6,,10,TOR,2,14,TBL,1,/gamecenter/tor-vs-tbl/2023/04/29/2022030126,4,2,,OT,1,/schedule/playoff-series/2023/series-b/lightning-vs-mapleleafs,14,2,10,4
20222023,c,,4,7,2022030131,1,,2,NYI,1,12,CAR,2,/gamecenter/nyi-vs-car/2023/04/17/2022030131,1,0,,REG,1,/schedule/playoff-series/2023/series-c/islanders-vs-hurricanes,2,2,12,4
20222023,c,,4,7,2022030132,2,,2,NYI,3,12,CAR,4,/gamecenter/nyi-vs-car/2023/04/19/2022030132,2,0,,OT,1,/schedule/playoff-series/2023/series-c/islanders-vs-hurricanes,2,2,12,4
20222023,c,,4,7,2022030133,3,,12,CAR,1,2,NYI,5,/gamecenter/car-vs-nyi/2023/04/21/2022030133,2,1,,REG,1,/schedule/playoff-series/2023/series-c/islanders-vs-hurricanes,2,2,12,4
20222023,c,,4,7,2022030134,4,,12,CAR,5,2,NYI,2,/gamecenter/car-vs-nyi/2023/04/23/2022030134,3,1,,REG,1,/schedule/playoff-series/2023/series-c/islanders-vs-hurricanes,2,2,12,4
20222023,c,,4,7,2022030135,5,,2,NYI,3,12,CAR,2,/gamecenter/nyi-vs-car/2023/04/25/2022030135,3,2,,REG,1,/schedule/playoff-series/2023/series-c/islanders-vs-hurricanes,2,2,12,4
20222023,c,,4,7,2022030136,6,,12,CAR,2,2,NYI,1,/gamecenter/car-vs-nyi/2023/04/28/2022030136,4,2,,OT,1,/schedule/playoff-series/2023/series-c/islanders-vs-hurricanes,2,2,12,4
20222023,d,,4,7,2022030141,1,,3,NYR,5,1,NJD,1,/gamecenter/nyr-vs-njd/2023/04/18/2022030141,0,1,,REG,1,/schedule/playoff-series/2023/series-d/rangers-vs-devils,3,3,1,4
20222023,d,,4,7,2022030142,2,,3,NYR,5,1,NJD,1,/gamecenter/nyr-vs-njd/2023/04/20/2022030142,0,2,,REG,1,/schedule/playoff-series/2023/series-d/rangers-vs-devils,3,3,1,4
20222023,d,,4,7,2022030143,3,,1,NJD,2,3,NYR,1,/gamecenter/njd-vs-nyr/2023/04/22/2022030143,1,2,,OT,1,/schedule/playoff-series/2023/series-d/rangers-vs-devils,3,3,1,4
20222023,d,,4,7,2022030144,4,,1,NJD,3,3,NYR,1,/gamecenter/njd-vs-nyr/2023/04/24/2022030144,2,2,,REG,1,/schedule/playoff-series/2023/series-d/rangers-vs-devils,3,3,1,4
20222023,d,,4,7,2022030145,5,,3,NYR,0,1,NJD,4,/gamecenter/nyr-vs-njd/2023/04/27/2022030145,3,2,,REG,1,/schedule/playoff-series/2023/series-d/rangers-vs-devils,3,3,1,4
20222023,d,,4,7,2022030146,6,,1,NJD,2,3,NYR,5,/gamecenter/njd-vs-nyr/2023/04/29/2022030146,3,3,,REG,1,/schedule/playoff-series/2023/series-d/rangers-vs-devils,3,3,1,4
20222023,d,,4,7,2022030147,7,,3,NYR,0,1,NJD,4,/gamecenter/nyr-vs-njd/2023/05/01/2022030147,4,3,,REG,1,/schedule/playoff-series/2023/series-d/rangers-vs-devils,3,3,1,4
20222023,e,,4,7,2022030151,1,,55,SEA,3,21,COL,1,/gamecenter/sea-vs-col/2023/04/18/2022030151,0,1,,REG,1,/schedule/playoff-series/2023/series-e/kraken-vs-avalanche,55,4,21,3
20222023,e,,4,7,2022030152,2,,55,SEA,2,21,COL,3,/gamecenter/sea-vs-col/2023/04/20/2022030152,1,1,,REG,1,/schedule/playoff-series/2023/series-e/kraken-vs-avalanche,55,4,21,3
20222023,e,,4,7,2022030153,3,,21,COL,6,55,SEA,4,/gamecenter/col-vs-sea/2023/04/22/2022030153,2,1,,REG,1,/schedule/playoff-series/2023/series-e/kraken-vs-avalanche,55,4,21,3
20222023,e,,4,7,2022030154,4,,21,COL,2,55,SEA,3,/gamecenter/col-vs-sea/2023/04/24/2022030154,2,2,,OT,1,/schedule/playoff-series/2023/series-e/kraken-vs-avalanche,55,4,21,3
20222023,e,,4,7,2022030155,5,,55,SEA,3,21,COL,2,/gamecenter/sea-vs-col/2023/04/26/2022030155,2,3,,REG,1,/schedule/playoff-series/2023/series-e/kraken-vs-avalanche,55,4,21,3
20222023,e,,4,7,2022030156,6,,21,COL,4,55,SEA,1,/gamecenter/col-vs-sea/2023/04/28/2022030156,3,3,,REG,1,/schedule/playoff-series/2023/series-e/kraken-vs-avalanche,55,4,21,3
20222023,e,,4,7,2022030157,7,,55,SEA,2,21,COL,1,/gamecenter/sea-vs-col/2023/04/30/2022030157,3,4,,REG,1,/schedule/playoff-series/2023/series-e/kraken-vs-avalanche,55,4,21,3
20222023,f,,4,7,2022030161,1,,30,MIN,3,25,DAL,2,/gamecenter/min-vs-dal/2023/04/17/2022030161,0,1,,OT,1,/schedule/playoff-series/2023/series-f/wild-vs-stars,30,2,25,4
20222023,f,,4,7,2022030162,2,,30,MIN,3,25,DAL,7,/gamecenter/min-vs-dal/2023/04/19/2022030162,1,1,,REG,1,/schedule/playoff-series/2023/series-f/wild-vs-stars,30,2,25,4
20222023,f,,4,7,2022030163,3,,25,DAL,1,30,MIN,5,/gamecenter/dal-vs-min/2023/04/21/2022030163,1,2,,REG,1,/schedule/playoff-series/2023/series-f/wild-vs-stars,30,2,25,4
20222023,f,,4,7,2022030164,4,,25,DAL,3,30,MIN,2,/gamecenter/dal-vs-min/2023/04/23/2022030164,2,2,,REG,1,/schedule/playoff-series/2023/series-f/wild-vs-stars,30,2,25,4
20222023,f,,4,7,2022030165,5,,30,MIN,0,25,DAL,4,/gamecenter/min-vs-dal/2023/04/25/2022030165,3,2,,REG,1,/schedule/playoff-series/2023/series-f/wild-vs-stars,30,2,25,4
20222023,f,,4,7,2022030166,6,,25,DAL,4,30,MIN,1,/gamecenter/dal-vs-min/2023/04/28/2022030166,4,2,,REG,1,/schedule/playoff-series/2023/series-f/wild-vs-stars,30,2,25,4
20222023,g,,4,7,2022030171,1,,52,WPG,5,54,VGK,1,/gamecenter/wpg-vs-vgk/2023/04/18/2022030171,0,1,,REG,1,/schedule/playoff-series/2023/series-g/jets-vs-goldenknights,52,1,54,4
20222023,g,,4,7,2022030172,2,,52,WPG,2,54,VGK,5,/gamecenter/wpg-vs-vgk/2023/04/20/2022030172,1,1,,REG,1,/schedule/playoff-series/2023/series-g/jets-vs-goldenknights,52,1,54,4
20222023,g,,4,7,2022030173,3,,54,VGK,5,52,WPG,4,/gamecenter/vgk-vs-wpg/2023/04/22/2022030173,2,1,,OT,1,/schedule/playoff-series/2023/series-g/jets-vs-goldenknights,52,1,54,4
20222023,g,,4,7,2022030174,4,,54,VGK,4,52,WPG,2,/gamecenter/vgk-vs-wpg/2023/04/24/2022030174,3,1,,REG,1,/schedule/playoff-series/2023/series-g/jets-vs-goldenknights,52,1,54,4
20222023,g,,4,7,2022030175,5,,52,WPG,1,54,VGK,4,/gamecenter/wpg-vs-vgk/2023/04/27/2022030175,4,1,,REG,1,/schedule/playoff-series/2023/series-g/jets-vs-goldenknights,52,1,54,4
20222023,h,,4,7,2022030181,1,,26,LAK,4,22,EDM,3,/gamecenter/lak-vs-edm/2023/04/17/2022030181,0,1,,OT,1,/schedule/playoff-series/2023/series-h/kings-vs-oilers,26,2,22,4
20222023,h,,4,7,2022030182,2,,26,LAK,2,22,EDM,4,/gamecenter/lak-vs-edm/2023/04/19/2022030182,1,1,,REG,1,/schedule/playoff-series/2023/series-h/kings-vs-oilers,26,2,22,4
20222023,h,,4,7,2022030183,3,,22,EDM,2,26,LAK,3,/gamecenter/edm-vs-lak/2023/04/21/2022030183,1,2,,OT,1,/schedule/playoff-series/2023/series-h/kings-vs-oilers,26,2,22,4
20222023,h,,4,7,2022030184,4,,22,EDM,5,26,LAK,4,/gamecenter/edm-vs-lak/2023/04/23/2022030184,2,2,,OT,1,/schedule/playoff-series/2023/series-h/kings-vs-oilers,26,2,22,4
20222023,h,,4,7,2022030185,5,,26,LAK,3,22,EDM,6,/gamecenter/lak-vs-edm/2023/04/25/2022030185,3,2,,REG,1,/schedule/playoff-series/2023/series-h/kings-vs-oilers,26,2,22,4
20222023,h,,4,7,2022030186,6,,22,EDM,5,26,LAK,4,/gamecenter/edm-vs-lak/2023/04/29/2022030186,4,2,,REG,1,/schedule/playoff-series/2023/series-h/kings-vs-oilers,26,2,22,4
20222023,i,,4,7,2022030211,1,,13,FLA,4,10,TOR,2,/gamecenter/fla-vs-tor/2023/05/02/2022030211,0,1,,REG,2,/schedule/playoff-series/2023/series-i/panthers-vs-mapleleafs,13,4,10,1
20222023,i,,4,7,2022030212,2,,13,FLA,3,10,TOR,2,/gamecenter/fla-vs-tor/2023/05/04/2022030212,0,2,,REG,2,/schedule/playoff-series/2023/series-i/panthers-vs-mapleleafs,13,4,10,1
20222023,i,,4,7,2022030213,3,,10,TOR,2,13,FLA,3,/gamecenter/tor-vs-fla/2023/05/07/2022030213,0,3,,OT,2,/schedule/playoff-series/2023/series-i/panthers-vs-mapleleafs,13,4,10,1
20222023,i,,4,7,2022030214,4,,10,TOR,2,13,FLA,1,/gamecenter/tor-vs-fla/2023/05/10/2022030214,1,3,,REG,2,/schedule/playoff-series/2023/series-i/panthers-vs-mapleleafs,13,4,10,1
20222023,i,,4,7,2022030215,5,,13,FLA,3,10,TOR,2,/gamecenter/fla-vs-tor/2023/05/12/2022030215,1,4,,OT,2,/schedule/playoff-series/2023/series-i/panthers-vs-mapleleafs,13,4,10,1
20222023,j,,4,7,2022030221,1,,1,NJD,1,12,CAR,5,/gamecenter/njd-vs-car/2023/05/03/2022030221,1,0,,REG,2,/schedule/playoff-series/2023/series-j/devils-vs-hurricanes,1,1,12,4
20222023,j,,4,7,2022030222,2,,1,NJD,1,12,CAR,6,/gamecenter/njd-vs-car/2023/05/05/2022030222,2,0,,REG,2,/schedule/playoff-series/2023/series-j/devils-vs-hurricanes,1,1,12,4
20222023,j,,4,7,2022030223,3,,12,CAR,4,1,NJD,8,/gamecenter/car-vs-njd/2023/05/07/2022030223,2,1,,REG,2,/schedule/playoff-series/2023/series-j/devils-vs-hurricanes,1,1,12,4
20222023,j,,4,7,2022030224,4,,12,CAR,6,1,NJD,1,/gamecenter/car-vs-njd/2023/05/09/2022030224,3,1,,REG,2,/schedule/playoff-series/2023/series-j/devils-vs-hurricanes,1,1,12,4
20222023,j,,4,7,2022030225,5,,1,NJD,2,12,CAR,3,/gamecenter/njd-vs-car/2023/05/11/2022030225,4,1,,OT,2,/schedule/playoff-series/2023/series-j/devils-vs-hurricanes,1,1,12,4
20222023,k,,4,7,2022030231,1,,55,SEA,5,25,DAL,4,/gamecenter/sea-vs-dal/2023/05/02/2022030231,0,1,,OT,2,/schedule/playoff-series/2023/series-k/kraken-vs-stars,55,3,25,4
20222023,k,,4,7,2022030232,2,,55,SEA,2,25,DAL,4,/gamecenter/sea-vs-dal/2023/05/04/2022030232,1,1,,REG,2,/schedule/playoff-series/2023/series-k/kraken-vs-stars,55,3,25,4
20222023,k,,4,7,2022030233,3,,25,DAL,2,55,SEA,7,/gamecenter/dal-vs-sea/2023/05/07/2022030233,1,2,,REG,2,/schedule/playoff-series/2023/series-k/kraken-vs-stars,55,3,25,4
20222023,k,,4,7,2022030234,4,,25,DAL,6,55,SEA,3,/gamecenter/dal-vs-sea/2023/05/09/2022030234,2,2,,REG,2,/schedule/playoff-series/2023/series-k/kraken-vs-stars,55,3,25,4
20222023,k,,4,7,2022030235,5,,55,SEA,2,25,DAL,5,/gamecenter/sea-vs-dal/2023/05/11/2022030235,3,2,,REG,2,/schedule/playoff-series/2023/series-k/kraken-vs-stars,55,3,25,4
20222023,k,,4,7,2022030236,6,,25,DAL,3,55,SEA,6,/gamecenter/dal-vs-sea/2023/05/13/2022030236,3,3,,REG,2,/schedule/playoff-series/2023/series-k/kraken-vs-stars,55,3,25,4
20222023,k,,4,7,2022030237,7,,55,SEA,1,25,DAL,2,/gamecenter/sea-vs-dal/2023/05/15/2022030237,4,3,,REG,2,/schedule/playoff-series/2023/series-k/kraken-vs-stars,55,3,25,4
20222023,l,,4,7,2022030241,1,,22,EDM,4,54,VGK,6,/gamecenter/edm-vs-vgk/2023/05/03/2022030241,1,0,,REG,2,/schedule/playoff-series/2023/series-l/oilers-vs-goldenknights,22,2,54,4
20222023,l,,4,7,2022030242,2,,22,EDM,5,54,VGK,1,/gamecenter/edm-vs-vgk/2023/05/06/2022030242,1,1,,REG,2,/schedule/playoff-series/2023/series-l/oilers-vs-goldenknights,22,2,54,4
20222023,l,,4,7,2022030243,3,,54,VGK,5,22,EDM,1,/gamecenter/vgk-vs-edm/2023/05/08/2022030243,2,1,,REG,2,/schedule/playoff-series/2023/series-l/oilers-vs-goldenknights,22,2,54,4
20222023,l,,4,7,2022030244,4,,54,VGK,1,22,EDM,4,/gamecenter/vgk-vs-edm/2023/05/10/2022030244,2,2,,REG,2,/schedule/playoff-series/2023/series-l/oilers-vs-goldenknights,22,2,54,4
20222023,l,,4,7,2022030245,5,,22,EDM,3,54,VGK,4,/gamecenter/edm-vs-vgk/2023/05/12/2022030245,3,2,,REG,2,/schedule/playoff-series/2023/series-l/oilers-vs-goldenknights,22,2,54,4
20222023,l,,4,7,2022030246,6,,54,VGK,5,22,EDM,2,/gamecenter/vgk-vs-edm/2023/05/14/2022030246,4,2,,REG,2,/schedule/playoff-series/2023/series-l/oilers-vs-goldenknights,22,2,54,4
20222023,m,,4,7,2022030311,1,,13,FLA,3,12,CAR,2,/gamecenter/fla-vs-car/2023/05/18/2022030311,0,1,,OT,3,/schedule/playoff-series/2023/series-m/panthers-vs-hurricanes,13,4,12,0
20222023,m,,4,7,2022030312,2,,13,FLA,2,12,CAR,1,/gamecenter/fla-vs-car/2023/05/20/2022030312,0,2,,OT,3,/schedule/playoff-series/2023/series-m/panthers-vs-hurricanes,13,4,12,0
20222023,m,,4,7,2022030313,3,,12,CAR,0,13,FLA,1,/gamecenter/car-vs-fla/2023/05/22/2022030313,0,3,,REG,3,/schedule/playoff-series/2023/series-m/panthers-vs-hurricanes,13,4,12,0
20222023,m,,4,7,2022030314,4,,12,CAR,3,13,FLA,4,/gamecenter/car-vs-fla/2023/05/24/2022030314,0,4,,REG,3,/schedule/playoff-series/2023/series-m/panthers-vs-hurricanes,13,4,12,0
20222023,n,,4,7,2022030321,1,,25,DAL,3,54,VGK,4,/gamecenter/dal-vs-vgk/2023/05/19/2022030321,1,0,,OT,3,/schedule/playoff-series/2023/series-n/stars-vs-goldenknights,25,2,54,4
20222023,n,,4,7,2022030322,2,,25,DAL,2,54,VGK,3,/gamecenter/dal-vs-vgk/2023/05/21/2022030322,2,0,,OT,3,/schedule/playoff-series/2023/series-n/stars-vs-goldenknights,25,2,54,4
20222023,n,,4,7,2022030323,3,,54,VGK,4,25,DAL,0,/gamecenter/vgk-vs-dal/2023/05/23/2022030323,3,0,,REG,3,/schedule/playoff-series/2023/series-n/stars-vs-goldenknights,25,2,54,4
20222023,n,,4,7,2022030324,4,,54,VGK,2,25,DAL,3,/gamecenter/vgk-vs-dal/2023/05/25/2022030324,3,1,,OT,3,/schedule/playoff-series/2023/series-n/stars-vs-goldenknights,25,2,54,4
20222023,n,,4,7,2022030325,5,,25,DAL,4,54,VGK,2,/gamecenter/dal-vs-vgk/2023/05/27/2022030325,3,2,,REG,3,/schedule/playoff-series/2023/series-n/stars-vs-goldenknights,25,2,54,4
20222023,n,,4,7,2022030326,6,,54,VGK,6,25,DAL,0,/gamecenter/vgk-vs-dal/2023/05/29/2022030326,4,2,,REG,3,/schedule/playoff-series/2023/series-n/stars-vs-goldenknights,25,2,54,4
20222023,o,,4,7,2022030411,1,,13,FLA,2,54,VGK,5,/gamecenter/fla-vs-vgk/2023/06/03/2022030411,1,0,,REG,4,/schedule/playoff-series/2023/series-o/panthers-vs-goldenknights,13,1,54,4
20222023,o,,4,7,2022030412,2,,13,FLA,2,54,VGK,7,/gamecenter/fla-vs-vgk/2023/06/05/2022030412,2,0,,REG,4,/schedule/playoff-series/2023/series-o/panthers-vs-goldenknights,13,1,54,4
20222023,o,,4,7,2022030413,3,,54,VGK,2,13,FLA,3,/gamecenter/vgk-vs-fla/2023/06/08/2022030413,2,1,,OT,4,/schedule/playoff-series/2023/series-o/panthers-vs-goldenknights,13,1,54,4
20222023,o,,4,7,2022030414,4,,54,VGK,3,13,FLA,2,/gamecenter/vgk-vs-fla/2023/06/10/2022030414,3,1,,REG,4,/schedule/playoff-series/2023/series-o/panthers-vs-goldenknights,13,1,54,4
20222023,o,,4,7,2022030415,5,,13,FLA,3,54,VGK,9,/gamecenter/fla-vs-vgk/2023/06/13/2022030415,4,1,,REG,4,/schedule/playoff-series/2023/series-o/panthers-vs-goldenknights,13,1,54,4
20232024,a,https://assets.nhle.com/logos/playoffs/png/scp-20232024-horizontal-banner-en.png,4,7,2023030111,1,,14,TBL,2,13,FLA,3,/gamecenter/tbl-vs-fla/2024/04/21/2023030111,1,0,,REG,1,/schedule/playoff-series/2024/series-a/lightning-vs-panthers,14,1,13,4
20232024,a,https://assets.nhle.com/logos/playoffs/png/scp-20232024-horizontal-banner-en.png,4,7,2023030112,2,,14,TBL,2,13,FLA,3,/gamecenter/tbl-vs-fla/2024/04/23/2023030112,2,0,,OT,1,/schedule/playoff-series/2024/series-a/lightning-vs-panthers,14,1,13,4
20232024,a,https://assets.nhle.com/logos/playoffs/png/scp-20232024-horizontal-banner-en.png,4,7,2023030113,3,,13,FLA,5,14,TBL,3,/gamecenter/fla-vs-tbl/2024/04/25/2023030113,3,0,,REG,1,/schedule/playoff-series/2024/series-a/lightning-vs-panthers,14,1,13,4
20232024,a,https://assets.nhle.com/logos/playoffs/png/scp-20232024-horizontal-banner-en.png,4,7,2023030114,4,,13,FLA,3,14,TBL,6,/gamecenter/fla-vs-tbl/2024/04/27/2023030114,3,1,,REG,1,/schedule/playoff-series/2024/series-a/lightning-vs-panthers,14,1,13,4
20232024,a,https://assets.nhle.com/logos/playoffs/png/scp-20232024-horizontal-banner-en.png,4,7,2023030115,5,,14,TBL,1,13,FLA,6,/gamecenter/tbl-vs-fla/2024/04/29/2023030115,4,1,,REG,1,/schedule/playoff-series/2024/series-a/lightning-vs-panthers,14,1,13,4
20232024,b,https://assets.nhle.com/logos/playoffs/png/scp-20232024-horizontal-banner-en.png,4,7,2023030121,1,,10,TOR,1,6,BOS,5,/gamecenter/tor-vs-bos/2024/04/20/2023030121,1,0,,REG,1,/schedule/playoff-series/2024/series-b/mapleleafs-vs-bruins,10,3,6,4
20232024,b,https://assets.nhle.com/logos/playoffs/png/scp-20232024-horizontal-banner-en.png,4,7,2023030122,2,,10,TOR,3,6,BOS,2,/gamecenter/tor-vs-bos/2024/04/22/2023030122,1,1,,REG,1,/schedule/playoff-series/2024/series-b/mapleleafs-vs-bruins,10,3,6,4
20232024,b,https://assets.nhle.com/logos/playoffs/png/scp-20232024-horizontal-banner-en.png,4,7,2023030123,3,,6,BOS,4,10,TOR,2,/gamecenter/bos-vs-tor/2024/04/24/2023030123,2,1,,REG,1,/schedule/playoff-series/2024/series-b/mapleleafs-vs-bruins,10,3,6,4
20232024,b,https://assets.nhle.com/logos/playoffs/png/scp-20232024-horizontal-banner-en.png,4,7,2023030124,4,,6,BOS,3,10,TOR,1,/gamecenter/bos-vs-tor/2024/04/27/2023030124,3,1,,REG,1,/schedule/playoff-series/2024/series-b/mapleleafs-vs-bruins,10,3,6,4
20232024,b,https://assets.nhle.com/logos/playoffs/png/scp-20232024-horizontal-banner-en.png,4,7,2023030125,5,,10,TOR,2,6,BOS,1,/gamecenter/tor-vs-bos/2024/04/30/2023030125,3,2,,OT,1,/schedule/playoff-series/2024/series-b/mapleleafs-vs-bruins,10,3,6,4
20232024,b,https://assets.nhle.com/logos/playoffs/png/scp-20232024-horizontal-banner-en.png,4,7,2023030126,6,,6,BOS,1,10,TOR,2,/gamecenter/bos-vs-tor/2024/05/02/2023030126,3,3,,REG,1,/schedule/playoff-series/2024/series-b/mapleleafs-vs-bruins,10,3,6,4
20232024,b,https://assets.nhle.com/logos/playoffs/png/scp-20232024-horizontal-banner-en.png,4,7,2023030127,7,,10,TOR,1,6,BOS,2,/gamecenter/tor-vs-bos/2024/05/04/2023030127,4,3,,OT,1,/schedule/playoff-series/2024/series-b/mapleleafs-vs-bruins,10,3,6,4
20232024,c,https://assets.nhle.com/logos/playoffs/png/scp-20232024-horizontal-banner-en.png,4,7,2023030131,1,,15,WSH,1,3,NYR,4,/gamecenter/wsh-vs-nyr/2024/04/21/2023030131,1,0,,REG,1,/schedule/playoff-series/2024/series-c/capitals-vs-rangers,15,0,3,4
20232024,c,https://assets.nhle.com/logos/playoffs/png/scp-20232024-horizontal-banner-en.png,4,7,2023030132,2,,15,WSH,3,3,NYR,4,/gamecenter/wsh-vs-nyr/2024/04/23/2023030132,2,0,,REG,1,/schedule/playoff-series/2024/series-c/capitals-vs-rangers,15,0,3,4
20232024,c,https://assets.nhle.com/logos/playoffs/png/scp-20232024-horizontal-banner-en.png,4,7,2023030133,3,,3,NYR,3,15,WSH,1,/gamecenter/nyr-vs-wsh/2024/04/26/2023030133,3,0,,REG,1,/schedule/playoff-series/2024/series-c/capitals-vs-rangers,15,0,3,4
20232024,c,https://assets.nhle.com/logos/playoffs/png/scp-20232024-horizontal-banner-en.png,4,7,2023030134,4,,3,NYR,4,15,WSH,2,/gamecenter/nyr-vs-wsh/2024/04/28/2023030134,4,0,,REG,1,/schedule/playoff-series/2024/series-c/capitals-vs-rangers,15,0,3,4
20232024,d,https://assets.nhle.com/logos/playoffs/png/scp-20232024-horizontal-banner-en.png,4,7,2023030141,1,,2,NYI,1,12,CAR,3,/gamecenter/nyi-vs-car/2024/04/20/2023030141,1,0,,REG,1,/schedule/playoff-series/2024/series-d/islanders-vs-hurricanes,2,1,12,4
20232024,d,https://assets.nhle.com/logos/playoffs/png/scp-20232024-horizontal-banner-en.png,4,7,2023030142,2,,2,NYI,3,12,CAR,5,/gamecenter/nyi-vs-car/2024/04/22/2023030142,2,0,,REG,1,/schedule/playoff-series/2024/series-d/islanders-vs-hurricanes,2,1,12,4
20232024,d,https://assets.nhle.com/logos/playoffs/png/scp-20232024-horizontal-banner-en.png,4,7,2023030143,3,,12,CAR,3,2,NYI,2,/gamecenter/car-vs-nyi/2024/04/25/2023030143,3,0,,REG,1,/schedule/playoff-series/2024/series-d/islanders-vs-hurricanes,2,1,12,4
20232024,d,https://assets.nhle.com/logos/playoffs/png/scp-20232024-horizontal-banner-en.png,4,7,2023030144,4,,12,CAR,2,2,NYI,3,/gamecenter/car-vs-nyi/2024/04/27/2023030144,3,1,,OT,1,/schedule/playoff-series/2024/series-d/islanders-vs-hurricanes,2,1,12,4
20232024,d,https://assets.nhle.com/logos/playoffs/png/scp-20232024-horizontal-banner-en.png,4,7,2023030145,5,,2,NYI,3,12,CAR,6,/gamecenter/nyi-vs-car/2024/04/30/2023030145,4,1,,REG,1,/schedule/playoff-series/2024/series-d/islanders-vs-hurricanes,2,1,12,4
20232024,e,https://assets.nhle.com/logos/playoffs/png/scp-20232024-horizontal-banner-en.png,4,7,2023030151,1,,54,VGK,4,25,DAL,3,/gamecenter/vgk-vs-dal/2024/04/22/2023030151,0,1,,REG,1,/schedule/playoff-series/2024/series-e/goldenknights-vs-stars,54,3,25,4
20232024,e,https://assets.nhle.com/logos/playoffs/png/scp-20232024-horizontal-banner-en.png,4,7,2023030152,2,,54,VGK,3,25,DAL,1,/gamecenter/vgk-vs-dal/2024/04/24/2023030152,0,2,,REG,1,/schedule/playoff-series/2024/series-e/goldenknights-vs-stars,54,3,25,4
20232024,e,https://assets.nhle.com/logos/playoffs/png/scp-20232024-horizontal-banner-en.png,4,7,2023030153,3,,25,DAL,3,54,VGK,2,/gamecenter/dal-vs-vgk/2024/04/27/2023030153,1,2,,OT,1,/schedule/playoff-series/2024/series-e/goldenknights-vs-stars,54,3,25,4
20232024,e,https://assets.nhle.com/logos/playoffs/png/scp-20232024-horizontal-banner-en.png,4,7,2023030154,4,,25,DAL,4,54,VGK,2,/gamecenter/dal-vs-vgk/2024/04/29/2023030154,2,2,,REG,1,/schedule/playoff-series/2024/series-e/goldenknights-vs-stars,54,3,25,4
20232024,e,https://assets.nhle.com/logos/playoffs/png/scp-20232024-horizontal-banner-en.png,4,7,2023030155,5,,54,VGK,2,25,DAL,3,/gamecenter/vgk-vs-dal/2024/05/01/2023030155,3,2,,REG,1,/schedule/playoff-series/2024/series-e/goldenknights-vs-stars,54,3,25,4
20232024,e,https://assets.nhle.com/logos/playoffs/png/scp-20232024-horizontal-banner-en.png,4,7,2023030156,6,,25,DAL,0,54,VGK,2,/gamecenter/dal-vs-vgk/2024/05/03/2023030156,3,3,,REG,1,/schedule/playoff-series/2024/series-e/goldenknights-vs-stars,54,3,25,4
20232024,e,https://assets.nhle.com/logos/playoffs/png/scp-20232024-horizontal-banner-en.png,4,7,2023030157,7,,54,VGK,1,25,DAL,2,/gamecenter/vgk-vs-dal/2024/05/05/2023030157,4,3,,REG,1,/schedule/playoff-series/2024/series-e/goldenknights-vs-stars,54,3,25,4
20232024,f,https://assets.nhle.com/logos/playoffs/png/scp-20232024-horizontal-banner-en.png,4,7,2023030161,1,,21,COL,6,52,WPG,7,/gamecenter/col-vs-wpg/2024/04/21/2023030161,1,0,,REG,1,/schedule/playoff-series/2024/series-f/avalanche-vs-jets,21,4,52,1
20232024,f,https://assets.nhle.com/logos/playoffs/png/scp-20232024-horizontal-banner-en.png,4,7,2023030162,2,,21,COL,5,52,WPG,2,/gamecenter/col-vs-wpg/2024/04/23/2023030162,1,1,,REG,1,/schedule/playoff-series/2024/series-f/avalanche-vs-jets,21,4,52,1
20232024,f,https://assets.nhle.com/logos/playoffs/png/scp-20232024-horizontal-banner-en.png,4,7,2023030163,3,,52,WPG,2,21,COL,6,/gamecenter/wpg-vs-col/2024/04/26/2023030163,1,2,,REG,1,/schedule/playoff-series/2024/series-f/avalanche-vs-jets,21,4,52,1
20232024,f,https://assets.nhle.com/logos/playoffs/png/scp-20232024-horizontal-banner-en.png,4,7,2023030164,4,,52,WPG,1,21,COL,5,/gamecenter/wpg-vs-col/2024/04/28/2023030164,1,3,,REG,1,/schedule/playoff-series/2024/series-f/avalanche-vs-jets,21,4,52,1
20232024,f,https://assets.nhle.com/logos/playoffs/png/scp-20232024-horizontal-banner-en.png,4,7,2023030165,5,,21,COL,6,52,WPG,3,/gamecenter/col-vs-wpg/2024/04/30/2023030165,1,4,,REG,1,/schedule/playoff-series/2024/series-f/avalanche-vs-jets,21,4,52,1
20232024,g,https://assets.nhle.com/logos/playoffs/png/scp-20232024-horizontal-banner-en.png,4,7,2023030171,1,,18,NSH,2,23,VAN,4,/gamecenter/nsh-vs-van/2024/04/21/2023030171,1,0,,REG,1,/schedule/playoff-series/2024/series-g/predators-vs-canucks,18,2,23,4
20232024,g,https://assets.nhle.com/logos/playoffs/png/scp-20232024-horizontal-banner-en.png,4,7,2023030172,2,,18,NSH,4,23,VAN,1,/gamecenter/nsh-vs-van/2024/04/23/2023030172,1,1,,REG,1,/schedule/playoff-series/2024/series-g/predators-vs-canucks,18,2,23,4
20232024,g,https://assets.nhle.com/logos/playoffs/png/scp-20232024-horizontal-banner-en.png,4,7,2023030173,3,,23,VAN,2,18,NSH,1,/gamecenter/van-vs-nsh/2024/04/26/2023030173,2,1,,REG,1,/schedule/playoff-series/2024/series-g/predators-vs-canucks,18,2,23,4
20232024,g,https://assets.nhle.com/logos/playoffs/png/scp-20232024-horizontal-banner-en.png,4,7,2023030174,4,,23,VAN,4,18,NSH,3,/gamecenter/van-vs-nsh/2024/04/28/2023030174,3,1,,OT,1,/schedule/playoff-series/2024/series-g/predators-vs-canucks,18,2,23,4
20232024,g,https://assets.nhle.com/logos/playoffs/png/scp-20232024-horizontal-banner-en.png,4,7,2023030175,5,,18,NSH,2,23,VAN,1,/gamecenter/nsh-vs-van/2024/04/30/2023030175,3,2,,REG,1,/schedule/playoff-series/2024/series-g/predators-vs-canucks,18,2,23,4
20232024,g,https://assets.nhle.com/logos/playoffs/png/scp-20232024-horizontal-banner-en.png,4,7,2023030176,6,,23,VAN,1,18,NSH,0,/gamecenter/van-vs-nsh/2024/05/03/2023030176,4,2,,REG,1,/schedule/playoff-series/2024/series-g/predators-vs-canucks,18,2,23,4
20232024,h,https://assets.nhle.com/logos/playoffs/png/scp-20232024-horizontal-banner-en.png,4,7,2023030181,1,,26,LAK,4,22,EDM,7,/gamecenter/lak-vs-edm/2024/04/22/2023030181,1,0,,REG,1,/schedule/playoff-series/2024/series-h/kings-vs-oilers,26,1,22,4
20232024,h,https://assets.nhle.com/logos/playoffs/png/scp-20232024-horizontal-banner-en.png,4,7,2023030182,2,,26,LAK,5,22,EDM,4,/gamecenter/lak-vs-edm/2024/04/24/2023030182,1,1,,OT,1,/schedule/playoff-series/2024/series-h/kings-vs-oilers,26,1,22,4
20232024,h,https://assets.nhle.com/logos/playoffs/png/scp-20232024-horizontal-banner-en.png,4,7,2023030183,3,,22,EDM,6,26,LAK,1,/gamecenter/edm-vs-lak/2024/04/26/2023030183,2,1,,REG,1,/schedule/playoff-series/2024/series-h/kings-vs-oilers,26,1,22,4
20232024,h,https://assets.nhle.com/logos/playoffs/png/scp-20232024-horizontal-banner-en.png,4,7,2023030184,4,,22,EDM,1,26,LAK,0,/gamecenter/edm-vs-lak/2024/04/28/2023030184,3,1,,REG,1,/schedule/playoff-series/2024/series-h/kings-vs-oilers,26,1,22,4
20232024,h,https://assets.nhle.com/logos/playoffs/png/scp-20232024-horizontal-banner-en.png,4,7,2023030185,5,,26,LAK,3,22,EDM,4,/gamecenter/lak-vs-edm/2024/05/01/2023030185,4,1,,REG,1,/schedule/playoff-series/2024/series-h/kings-vs-oilers,26,1,22,4
20232024,i,https://assets.nhle.com/logos/playoffs/png/scp-20232024-horizontal-banner-en.png,4,7,2023030211,1,,6,BOS,5,13,FLA,1,/gamecenter/bos-vs-fla/2024/05/06/2023030211,0,1,,REG,2,/schedule/playoff-series/2024/series-i/bruins-vs-panthers,6,2,13,4
20232024,i,https://assets.nhle.com/logos/playoffs/png/scp-20232024-horizontal-banner-en.png,4,7,2023030212,2,,6,BOS,1,13,FLA,6,/gamecenter/bos-vs-fla/2024/05/08/2023030212,1,1,,REG,2,/schedule/playoff-series/2024/series-i/bruins-vs-panthers,6,2,13,4
20232024,i,https://assets.nhle.com/logos/playoffs/png/scp-20232024-horizontal-banner-en.png,4,7,2023030213,3,,13,FLA,6,6,BOS,2,/gamecenter/fla-vs-bos/2024/05/10/2023030213,2,1,,REG,2,/schedule/playoff-series/2024/series-i/bruins-vs-panthers,6,2,13,4
20232024,i,https://assets.nhle.com/logos/playoffs/png/scp-20232024-horizontal-banner-en.png,4,7,2023030214,4,,13,FLA,3,6,BOS,2,/gamecenter/fla-vs-bos/2024/05/12/2023030214,3,1,,REG,2,/schedule/playoff-series/2024/series-i/bruins-vs-panthers,6,2,13,4
20232024,i,https://assets.nhle.com/logos/playoffs/png/scp-20232024-horizontal-banner-en.png,4,7,2023030215,5,,6,BOS,2,13,FLA,1,/gamecenter/bos-vs-fla/2024/05/14/2023030215,3,2,,REG,2,/schedule/playoff-series/2024/series-i/bruins-vs-panthers,6,2,13,4
20232024,i,https://assets.nhle.com/logos/playoffs/png/scp-20232024-horizontal-banner-en.png,4,7,2023030216,6,,13,FLA,2,6,BOS,1,/gamecenter/fla-vs-bos/2024/05/17/2023030216,4,2,,REG,2,/schedule/playoff-series/2024/series-i/bruins-vs-panthers,6,2,13,4
20232024,j,https://assets.nhle.com/logos/playoffs/png/scp-20232024-horizontal-banner-en.png,4,7,2023030221,1,,12,CAR,3,3,NYR,4,/gamecenter/car-vs-nyr/2024/05/05/2023030221,1,0,,REG,2,/schedule/playoff-series/2024/series-j/hurricanes-vs-rangers,12,2,3,4
20232024,j,https://assets.nhle.com/logos/playoffs/png/scp-20232024-horizontal-banner-en.png,4,7,2023030222,2,,12,CAR,3,3,NYR,4,/gamecenter/car-vs-nyr/2024/05/07/2023030222,2,0,,OT,2,/schedule/playoff-series/2024/series-j/hurricanes-vs-rangers,12,2,3,4
20232024,j,https://assets.nhle.com/logos/playoffs/png/scp-20232024-horizontal-banner-en.png,4,7,2023030223,3,,3,NYR,3,12,CAR,2,/gamecenter/nyr-vs-car/2024/05/09/2023030223,3,0,,OT,2,/schedule/playoff-series/2024/series-j/hurricanes-vs-rangers,12,2,3,4
20232024,j,https://assets.nhle.com/logos/playoffs/png/scp-20232024-horizontal-banner-en.png,4,7,2023030224,4,,3,NYR,3,12,CAR,4,/gamecenter/nyr-vs-car/2024/05/11/2023030224,3,1,,REG,2,/schedule/playoff-series/2024/series-j/hurricanes-vs-rangers,12,2,3,4
20232024,j,https://assets.nhle.com/logos/playoffs/png/scp-20232024-horizontal-banner-en.png,4,7,2023030225,5,,12,CAR,4,3,NYR,1,/gamecenter/car-vs-nyr/2024/05/13/2023030225,3,2,,REG,2,/schedule/playoff-series/2024/series-j/hurricanes-vs-rangers,12,2,3,4
20232024,j,https://assets.nhle.com/logos/playoffs/png/scp-20232024-horizontal-banner-en.png,4,7,2023030226,6,,3,NYR,5,12,CAR,3,/gamecenter/nyr-vs-car/2024/05/16/2023030226,4,2,,REG,2,/schedule/playoff-series/2024/series-j/hurricanes-vs-rangers,12,2,3,4
20232024,k,https://assets.nhle.com/logos/playoffs/png/scp-20232024-horizontal-banner-en.png,4,7,2023030231,1,,21,COL,4,25,DAL,3,/gamecenter/col-vs-dal/2024/05/07/2023030231,0,1,,OT,2,/schedule/playoff-series/2024/series-k/avalanche-vs-stars,21,2,25,4
20232024,k,https://assets.nhle.com/logos/playoffs/png/scp-20232024-horizontal-banner-en.png,4,7,2023030232,2,,21,COL,3,25,DAL,5,/gamecenter/col-vs-dal/2024/05/09/2023030232,1,1,,REG,2,/schedule/playoff-series/2024/series-k/avalanche-vs-stars,21,2,25,4
20232024,k,https://assets.nhle.com/logos/playoffs/png/scp-20232024-horizontal-banner-en.png,4,7,2023030233,3,,25,DAL,4,21,COL,1,/gamecenter/dal-vs-col/2024/05/11/2023030233,2,1,,REG,2,/schedule/playoff-series/2024/series-k/avalanche-vs-stars,21,2,25,4
20232024,k,https://assets.nhle.com/logos/playoffs/png/scp-20232024-horizontal-banner-en.png,4,7,2023030234,4,,25,DAL,5,21,COL,1,/gamecenter/dal-vs-col/2024/05/13/2023030234,3,1,,REG,2,/schedule/playoff-series/2024/series-k/avalanche-vs-stars,21,2,25,4
20232024,k,https://assets.nhle.com/logos/playoffs/png/scp-20232024-horizontal-banner-en.png,4,7,2023030235,5,,21,COL,5,25,DAL,3,/gamecenter/col-vs-dal/2024/05/15/2023030235,3,2,,REG,2,/schedule/playoff-series/2024/series-k/avalanche-vs-stars,21,2,25,4
20232024,k,https://assets.nhle.com/logos/playoffs/png/scp-20232024-horizontal-banner-en.png,4,7,2023030236,6,,25,DAL,2,21,COL,1,/gamecenter/dal-vs-col/2024/05/17/2023030236,4,2,,OT,2,/schedule/playoff-series/2024/series-k/avalanche-vs-stars,21,2,25,4
20232024,l,https://assets.nhle.com/logos/playoffs/png/scp-20232024-horizontal-banner-en.png,4,7,2023030241,1,,22,EDM,4,23,VAN,5,/gamecenter/edm-vs-van/2024/05/08/2023030241,1,0,,REG,2,/schedule/playoff-series/2024/series-l/oilers-vs-canucks,22,4,23,3
20232024,l,https://assets.nhle.com/logos/playoffs/png/scp-20232024-horizontal-banner-en.png,4,7,2023030242,2,,22,EDM,4,23,VAN,3,/gamecenter/edm-vs-van/2024/05/10/2023030242,1,1,,OT,2,/schedule/playoff-series/2024/series-l/oilers-vs-canucks,22,4,23,3
20232024,l,https://assets.nhle.com/logos/playoffs/png/scp-20232024-horizontal-banner-en.png,4,7,2023030243,3,,23,VAN,4,22,EDM,3,/gamecenter/van-vs-edm/2024/05/12/2023030243,2,1,,REG,2,/schedule/playoff-series/2024/series-l/oilers-vs-canucks,22,4,23,3
20232024,l,https://assets.nhle.com/logos/playoffs/png/scp-20232024-horizontal-banner-en.png,4,7,2023030244,4,,23,VAN,2,22,EDM,3,/gamecenter/van-vs-edm/2024/05/14/2023030244,2,2,,REG,2,/schedule/playoff-series/2024/series-l/oilers-vs-canucks,22,4,23,3
20232024,l,https://assets.nhle.com/logos/playoffs/png/scp-20232024-horizontal-banner-en.png,4,7,2023030245,5,,22,EDM,2,23,VAN,3,/gamecenter/edm-vs-van/2024/05/16/2023030245,3,2,,REG,2,/schedule/playoff-series/2024/series-l/oilers-vs-canucks,22,4,23,3
20232024,l,https://assets.nhle.com/logos/playoffs/png/scp-20232024-horizontal-banner-en.png,4,7,2023030246,6,,23,VAN,1,22,EDM,5,/gamecenter/van-vs-edm/2024/05/18/2023030246,3,3,,REG,2,/schedule/playoff-series/2024/series-l/oilers-vs-canucks,22,4,23,3
20232024,l,https://assets.nhle.com/logos/playoffs/png/scp-20232024-horizontal-banner-en.png,4,7,2023030247,7,,22,EDM,3,23,VAN,2,/gamecenter/edm-vs-van/2024/05/20/2023030247,3,4,,REG,2,/schedule/playoff-series/2024/series-l/oilers-vs-canucks,22,4,23,3
20232024,m,https://assets.nhle.com/logos/playoffs/png/ecf-20232024-banner-en.png,4,7,2023030311,1,,13,FLA,3,3,NYR,0,/gamecenter/fla-vs-nyr/2024/05/22/2023030311,0,1,,REG,3,/schedule/playoff-series/2024/series-m/panthers-vs-rangers,13,4,3,2
20232024,m,https://assets.nhle.com/logos/playoffs/png/ecf-20232024-banner-en.png,4,7,2023030312,2,,13,FLA,1,3,NYR,2,/gamecenter/fla-vs-nyr/2024/05/24/2023030312,1,1,,OT,3,/schedule/playoff-series/2024/series-m/panthers-vs-rangers,13,4,3,2
20232024,m,https://assets.nhle.com/logos/playoffs/png/ecf-20232024-banner-en.png,4,7,2023030313,3,,3,NYR,5,13,FLA,4,/gamecenter/nyr-vs-fla/2024/05/26/2023030313,2,1,,OT,3,/schedule/playoff-series/2024/series-m/panthers-vs-rangers,13,4,3,2
20232024,m,https://assets.nhle.com/logos/playoffs/png/ecf-20232024-banner-en.png,4,7,2023030314,4,,3,NYR,2,13,FLA,3,/gamecenter/nyr-vs-fla/2024/05/28/2023030314,2,2,,OT,3,/schedule/playoff-series/2024/series-m/panthers-vs-rangers,13,4,3,2
20232024,m,https://assets.nhle.com/logos/playoffs/png/ecf-20232024-banner-en.png,4,7,2023030315,5,,13,FLA,3,3,NYR,2,/gamecenter/fla-vs-nyr/2024/05/30/2023030315,2,3,,REG,3,/schedule/playoff-series/2024/series-m/panthers-vs-rangers,13,4,3,2
20232024,m,https://assets.nhle.com/logos/playoffs/png/ecf-20232024-banner-en.png,4,7,2023030316,6,,3,NYR,1,13,FLA,2,/gamecenter/nyr-vs-fla/2024/06/01/2023030316,2,4,,REG,3,/schedule/playoff-series/2024/series-m/panthers-vs-rangers,13,4,3,2
20232024,n,https://assets.nhle.com/logos/playoffs/png/wcf-20232024-banner-en.png,4,7,2023030321,1,,22,EDM,3,25,DAL,2,/gamecenter/edm-vs-dal/2024/05/23/2023030321,0,1,,OT,3,/schedule/playoff-series/2024/series-n/oilers-vs-stars,22,4,25,2
20232024,n,https://assets.nhle.com/logos/playoffs/png/wcf-20232024-banner-en.png,4,7,2023030322,2,,22,EDM,1,25,DAL,3,/gamecenter/edm-vs-dal/2024/05/25/2023030322,1,1,,REG,3,/schedule/playoff-series/2024/series-n/oilers-vs-stars,22,4,25,2
20232024,n,https://assets.nhle.com/logos/playoffs/png/wcf-20232024-banner-en.png,4,7,2023030323,3,,25,DAL,5,22,EDM,3,/gamecenter/dal-vs-edm/2024/05/27/2023030323,2,1,,REG,3,/schedule/playoff-series/2024/series-n/oilers-vs-stars,22,4,25,2
20232024,n,https://assets.nhle.com/logos/playoffs/png/wcf-20232024-banner-en.png,4,7,2023030324,4,,25,DAL,2,22,EDM,5,/gamecenter/dal-vs-edm/2024/05/29/2023030324,2,2,,REG,3,/schedule/playoff-series/2024/series-n/oilers-vs-stars,22,4,25,2
20232024,n,https://assets.nhle.com/logos/playoffs/png/wcf-20232024-banner-en.png,4,7,2023030325,5,,22,EDM,3,25,DAL,1,/gamecenter/edm-vs-dal/2024/05/31/2023030325,2,3,,REG,3,/schedule/playoff-series/2024/series-n/oilers-vs-stars,22,4,25,2
20232024,n,https://assets.nhle.com/logos/playoffs/png/wcf-20232024-banner-en.png,4,7,2023030326,6,,25,DAL,1,22,EDM,2,/gamecenter/dal-vs-edm/2024/06/02/2023030326,2,4,,REG,3,/schedule/playoff-series/2024/series-n/oilers-vs-stars,22,4,25,2
20232024,o,https://assets.nhle.com/logos/playoffs/png/scf-20232024-banner-en.png,4,7,2023030411,1,,22,EDM,0,13,FLA,3,/gamecenter/edm-vs-fla/2024/06/08/2023030411,1,0,,REG,4,/schedule/playoff-series/2024/series-o/oilers-vs-panthers,22,3,13,4
20232024,o,https://assets.nhle.com/logos/playoffs/png/scf-20232024-banner-en.png,4,7,2023030412,2,,22,EDM,1,13,FLA,4,/gamecenter/edm-vs-fla/2024/06/10/2023030412,2,0,,REG,4,/schedule/playoff-series/2024/series-o/oilers-vs-panthers,22,3,13,4
20232024,o,https://assets.nhle.com/logos/playoffs/png/scf-20232024-banner-en.png,4,7,2023030413,3,,13,FLA,4,22,EDM,3,/gamecenter/fla-vs-edm/2024/06/13/2023030413,3,0,,REG,4,/schedule/playoff-series/2024/series-o/oilers-vs-panthers,22,3,13,4
20232024,o,https://assets.nhle.com/logos/playoffs/png/scf-20232024-banner-en.png,4,7,2023030414,4,,13,FLA,1,22,EDM,8,/gamecenter/fla-vs-edm/2024/06/15/2023030414,3,1,,REG,4,/schedule/playoff-series/2024/series-o/oilers-vs-panthers,22,3,13,4
20232024,o,https://assets.nhle.com/logos/playoffs/png/scf-20232024-banner-en.png,4,7,2023030415,5,,22,EDM,5,13,FLA,3,/gamecenter/edm-vs-fla/2024/06/18/2023030415,3,2,,REG,4,/schedule/playoff-series/2024/series-o/oilers-vs-panthers,22,3,13,4
20232024,o,https://assets.nhle.com/logos/playoffs/png/scf-20232024-banner-en.png,4,7,2023030416,6,,13,FLA,1,22,EDM,5,/gamecenter/fla-vs-edm/2024/06/21/2023030416,3,3,,REG,4,/schedule/playoff-series/2024/series-o/oilers-vs-panthers,22,3,13,4
20232024,o,https://assets.nhle.com/logos/playoffs/png/scf-20232024-banner-en.png,4,7,2023030417,7,,22,EDM,1,13,FLA,2,/gamecenter/edm-vs-fla/2024/06/24/2023030417,4,3,,REG,4,/schedule/playoff-series/2024/series-o/oilers-vs-panthers,22,3,13,4
20242025,a,https://assets.nhle.com/logos/playoffs/png/stanley_cup_playoffs_secondary_wordmark_dark.png,4,7,2024030111,1,,9,OTT,2,10,TOR,6,/gamecenter/ott-vs-tor/2025/04/20/2024030111,1,0,,REG,1,/schedule/playoff-series/2025/series-a/senators-vs-mapleleafs,9,2,10,4
20242025,a,https://assets.nhle.com/logos/playoffs/png/stanley_cup_playoffs_secondary_wordmark_dark.png,4,7,2024030112,2,,9,OTT,2,10,TOR,3,/gamecenter/ott-vs-tor/2025/04/22/2024030112,2,0,,OT,1,/schedule/playoff-series/2025/series-a/senators-vs-mapleleafs,9,2,10,4
20242025,a,https://assets.nhle.com/logos/playoffs/png/stanley_cup_playoffs_secondary_wordmark_dark.png,4,7,2024030113,3,,10,TOR,3,9,OTT,2,/gamecenter/tor-vs-ott/2025/04/24/2024030113,3,0,,OT,1,/schedule/playoff-series/2025/series-a/senators-vs-mapleleafs,9,2,10,4
20242025,a,https://assets.nhle.com/logos/playoffs/png/stanley_cup_playoffs_secondary_wordmark_dark.png,4,7,2024030114,4,,10,TOR,3,9,OTT,4,/gamecenter/tor-vs-ott/2025/04/26/2024030114,3,1,,OT,1,/schedule/playoff-series/2025/series-a/senators-vs-mapleleafs,9,2,10,4
20242025,a,https://assets.nhle.com/logos/playoffs/png/stanley_cup_playoffs_secondary_wordmark_dark.png,4,7,2024030115,5,,9,OTT,4,10,TOR,0,/gamecenter/ott-vs-tor/2025/04/29/2024030115,3,2,,REG,1,/schedule/playoff-series/2025/series-a/senators-vs-mapleleafs,9,2,10,4
20242025,a,https://assets.nhle.com/logos/playoffs/png/stanley_cup_playoffs_secondary_wordmark_dark.png,4,7,2024030116,6,,10,TOR,4,9,OTT,2,/gamecenter/tor-vs-ott/2025/05/01/2024030116,4,2,,REG,1,/schedule/playoff-series/2025/series-a/senators-vs-mapleleafs,9,2,10,4
20242025,b,https://assets.nhle.com/logos/playoffs/png/stanley_cup_playoffs_secondary_wordmark_dark.png,4,7,2024030121,1,,13,FLA,6,14,TBL,2,/gamecenter/fla-vs-tbl/2025/04/22/2024030121,0,1,,REG,1,/schedule/playoff-series/2025/series-b/panthers-vs-lightning,13,4,14,1
20242025,b,https://assets.nhle.com/logos/playoffs/png/stanley_cup_playoffs_secondary_wordmark_dark.png,4,7,2024030122,2,,13,FLA,2,14,TBL,0,/gamecenter/fla-vs-tbl/2025/04/24/2024030122,0,2,,REG,1,/schedule/playoff-series/2025/series-b/panthers-vs-lightning,13,4,14,1
20242025,b,https://assets.nhle.com/logos/playoffs/png/stanley_cup_playoffs_secondary_wordmark_dark.png,4,7,2024030123,3,,14,TBL,5,13,FLA,1,/gamecenter/tbl-vs-fla/2025/04/26/2024030123,1,2,,REG,1,/schedule/playoff-series/2025/series-b/panthers-vs-lightning,13,4,14,1
20242025,b,https://assets.nhle.com/logos/playoffs/png/stanley_cup_playoffs_secondary_wordmark_dark.png,4,7,2024030124,4,,14,TBL,2,13,FLA,4,/gamecenter/tbl-vs-fla/2025/04/28/2024030124,1,3,,REG,1,/schedule/playoff-series/2025/series-b/panthers-vs-lightning,13,4,14,1
20242025,b,https://assets.nhle.com/logos/playoffs/png/stanley_cup_playoffs_secondary_wordmark_dark.png,4,7,2024030125,5,,13,FLA,6,14,TBL,3,/gamecenter/fla-vs-tbl/2025/04/30/2024030125,1,4,,REG,1,/schedule/playoff-series/2025/series-b/panthers-vs-lightning,13,4,14,1
20242025,c,https://assets.nhle.com/logos/playoffs/png/stanley_cup_playoffs_secondary_wordmark_dark.png,4,7,2024030131,1,,8,MTL,2,15,WSH,3,/gamecenter/mtl-vs-wsh/2025/04/21/2024030131,1,0,,OT,1,/schedule/playoff-series/2025/series-c/canadiens-vs-capitals,8,1,15,4
20242025,c,https://assets.nhle.com/logos/playoffs/png/stanley_cup_playoffs_secondary_wordmark_dark.png,4,7,2024030132,2,,8,MTL,1,15,WSH,3,/gamecenter/mtl-vs-wsh/2025/04/23/2024030132,2,0,,REG,1,/schedule/playoff-series/2025/series-c/canadiens-vs-capitals,8,1,15,4
20242025,c,https://assets.nhle.com/logos/playoffs/png/stanley_cup_playoffs_secondary_wordmark_dark.png,4,7,2024030133,3,,15,WSH,3,8,MTL,6,/gamecenter/wsh-vs-mtl/2025/04/25/2024030133,2,1,,REG,1,/schedule/playoff-series/2025/series-c/canadiens-vs-capitals,8,1,15,4
20242025,c,https://assets.nhle.com/logos/playoffs/png/stanley_cup_playoffs_secondary_wordmark_dark.png,4,7,2024030134,4,,15,WSH,5,8,MTL,2,/gamecenter/wsh-vs-mtl/2025/04/27/2024030134,3,1,,REG,1,/schedule/playoff-series/2025/series-c/canadiens-vs-capitals,8,1,15,4
20242025,c,https://assets.nhle.com/logos/playoffs/png/stanley_cup_playoffs_secondary_wordmark_dark.png,4,7,2024030135,5,,8,MTL,1,15,WSH,4,/gamecenter/mtl-vs-wsh/2025/04/30/2024030135,4,1,,REG,1,/schedule/playoff-series/2025/series-c/canadiens-vs-capitals,8,1,15,4
20242025,d,https://assets.nhle.com/logos/playoffs/png/stanley_cup_playoffs_secondary_wordmark_dark.png,4,7,2024030141,1,,1,NJD,1,12,CAR,4,/gamecenter/njd-vs-car/2025/04/20/2024030141,1,0,,REG,1,/schedule/playoff-series/2025/series-d/devils-vs-hurricanes,1,1,12,4
20242025,d,https://assets.nhle.com/logos/playoffs/png/stanley_cup_playoffs_secondary_wordmark_dark.png,4,7,2024030142,2,,1,NJD,1,12,CAR,3,/gamecenter/njd-vs-car/2025/04/22/2024030142,2,0,,REG,1,/schedule/playoff-series/2025/series-d/devils-vs-hurricanes,1,1,12,4
20242025,d,https://assets.nhle.com/logos/playoffs/png/stanley_cup_playoffs_secondary_wordmark_dark.png,4,7,2024030143,3,,12,CAR,2,1,NJD,3,/gamecenter/car-vs-njd/2025/04/25/2024030143,2,1,,OT,1,/schedule/playoff-series/2025/series-d/devils-vs-hurricanes,1,1,12,4
20242025,d,https://assets.nhle.com/logos/playoffs/png/stanley_cup_playoffs_secondary_wordmark_dark.png,4,7,2024030144,4,,12,CAR,5,1,NJD,2,/gamecenter/car-vs-njd/2025/04/27/2024030144,3,1,,REG,1,/schedule/playoff-series/2025/series-d/devils-vs-hurricanes,1,1,12,4
20242025,d,https://assets.nhle.com/logos/playoffs/png/stanley_cup_playoffs_secondary_wordmark_dark.png,4,7,2024030145,5,,1,NJD,4,12,CAR,5,/gamecenter/njd-vs-car/2025/04/29/2024030145,4,1,,OT,1,/schedule/playoff-series/2025/series-d/devils-vs-hurricanes,1,1,12,4
20242025,e,https://assets.nhle.com/logos/playoffs/png/stanley_cup_playoffs_secondary_wordmark_dark.png,4,7,2024030151,1,,19,STL,3,52,WPG,5,/gamecenter/stl-vs-wpg/2025/04/19/2024030151,1,0,,REG,1,/schedule/playoff-series/2025/series-e/blues-vs-jets,19,3,52,4
20242025,e,https://assets.nhle.com/logos/playoffs/png/stanley_cup_playoffs_secondary_wordmark_dark.png,4,7,2024030152,2,,19,STL,1,52,WPG,2,/gamecenter/stl-vs-wpg/2025/04/21/2024030152,2,0,,REG,1,/schedule/playoff-series/2025/series-e/blues-vs-jets,19,3,52,4
20242025,e,https://assets.nhle.com/logos/playoffs/png/stanley_cup_playoffs_secondary_wordmark_dark.png,4,7,2024030153,3,,52,WPG,2,19,STL,7,/gamecenter/wpg-vs-stl/2025/04/24/2024030153,2,1,,REG,1,/schedule/playoff-series/2025/series-e/blues-vs-jets,19,3,52,4
20242025,e,https://assets.nhle.com/logos/playoffs/png/stanley_cup_playoffs_secondary_wordmark_dark.png,4,7,2024030154,4,,52,WPG,1,19,STL,5,/gamecenter/wpg-vs-stl/2025/04/27/2024030154,2,2,,REG,1,/schedule/playoff-series/2025/series-e/blues-vs-jets,19,3,52,4
20242025,e,https://assets.nhle.com/logos/playoffs/png/stanley_cup_playoffs_secondary_wordmark_dark.png,4,7,2024030155,5,,19,STL,3,52,WPG,5,/gamecenter/stl-vs-wpg/2025/04/30/2024030155,3,2,,REG,1,/schedule/playoff-series/2025/series-e/blues-vs-jets,19,3,52,4
20242025,e,https://assets.nhle.com/logos/playoffs/png/stanley_cup_playoffs_secondary_wordmark_dark.png,4,7,2024030156,6,,52,WPG,2,19,STL,5,/gamecenter/wpg-vs-stl/2025/05/02/2024030156,3,3,,REG,1,/schedule/playoff-series/2025/series-e/blues-vs-jets,19,3,52,4
20242025,e,https://assets.nhle.com/logos/playoffs/png/stanley_cup_playoffs_secondary_wordmark_dark.png,4,7,2024030157,7,,19,STL,3,52,WPG,4,/gamecenter/stl-vs-wpg/2025/05/04/2024030157,4,3,,OT,1,/schedule/playoff-series/2025/series-e/blues-vs-jets,19,3,52,4
20242025,f,https://assets.nhle.com/logos/playoffs/png/stanley_cup_playoffs_secondary_wordmark_dark.png,4,7,2024030161,1,,21,COL,5,25,DAL,1,/gamecenter/col-vs-dal/2025/04/19/2024030161,0,1,,REG,1,/schedule/playoff-series/2025/series-f/avalanche-vs-stars,21,3,25,4
20242025,f,https://assets.nhle.com/logos/playoffs/png/stanley_cup_playoffs_secondary_wordmark_dark.png,4,7,2024030162,2,,21,COL,3,25,DAL,4,/gamecenter/col-vs-dal/2025/04/21/2024030162,1,1,,OT,1,/schedule/playoff-series/2025/series-f/avalanche-vs-stars,21,3,25,4
20242025,f,https://assets.nhle.com/logos/playoffs/png/stanley_cup_playoffs_secondary_wordmark_dark.png,4,7,2024030163,3,,25,DAL,2,21,COL,1,/gamecenter/dal-vs-col/2025/04/23/2024030163,2,1,,OT,1,/schedule/playoff-series/2025/series-f/avalanche-vs-stars,21,3,25,4
20242025,f,https://assets.nhle.com/logos/playoffs/png/stanley_cup_playoffs_secondary_wordmark_dark.png,4,7,2024030164,4,,25,DAL,0,21,COL,4,/gamecenter/dal-vs-col/2025/04/26/2024030164,2,2,,REG,1,/schedule/playoff-series/2025/series-f/avalanche-vs-stars,21,3,25,4
20242025,f,https://assets.nhle.com/logos/playoffs/png/stanley_cup_playoffs_secondary_wordmark_dark.png,4,7,2024030165,5,,21,COL,2,25,DAL,6,/gamecenter/col-vs-dal/2025/04/28/2024030165,3,2,,REG,1,/schedule/playoff-series/2025/series-f/avalanche-vs-stars,21,3,25,4
20242025,f,https://assets.nhle.com/logos/playoffs/png/stanley_cup_playoffs_secondary_wordmark_dark.png,4,7,2024030166,6,,25,DAL,4,21,COL,7,/gamecenter/dal-vs-col/2025/05/01/2024030166,3,3,,REG,1,/schedule/playoff-series/2025/series-f/avalanche-vs-stars,21,3,25,4
20242025,f,https://assets.nhle.com/logos/playoffs/png/stanley_cup_playoffs_secondary_wordmark_dark.png,4,7,2024030167,7,,21,COL,2,25,DAL,4,/gamecenter/col-vs-dal/2025/05/03/2024030167,4,3,,REG,1,/schedule/playoff-series/2025/series-f/avalanche-vs-stars,21,3,25,4
20242025,g,https://assets.nhle.com/logos/playoffs/png/stanley_cup_playoffs_secondary_wordmark_dark.png,4,7,2024030171,1,,30,MIN,2,54,VGK,4,/gamecenter/min-vs-vgk/2025/04/20/2024030171,1,0,,REG,1,/schedule/playoff-series/2025/series-g/wild-vs-goldenknights,30,2,54,4
20242025,g,https://assets.nhle.com/logos/playoffs/png/stanley_cup_playoffs_secondary_wordmark_dark.png,4,7,2024030172,2,,30,MIN,5,54,VGK,2,/gamecenter/min-vs-vgk/2025/04/22/2024030172,1,1,,REG,1,/schedule/playoff-series/2025/series-g/wild-vs-goldenknights,30,2,54,4
20242025,g,https://assets.nhle.com/logos/playoffs/png/stanley_cup_playoffs_secondary_wordmark_dark.png,4,7,2024030173,3,,54,VGK,2,30,MIN,5,/gamecenter/vgk-vs-min/2025/04/24/2024030173,1,2,,REG,1,/schedule/playoff-series/2025/series-g/wild-vs-goldenknights,30,2,54,4
20242025,g,https://assets.nhle.com/logos/playoffs/png/stanley_cup_playoffs_secondary_wordmark_dark.png,4,7,2024030174,4,,54,VGK,4,30,MIN,3,/gamecenter/vgk-vs-min/2025/04/26/2024030174,2,2,,OT,1,/schedule/playoff-series/2025/series-g/wild-vs-goldenknights,30,2,54,4
20242025,g,https://assets.nhle.com/logos/playoffs/png/stanley_cup_playoffs_secondary_wordmark_dark.png,4,7,2024030175,5,,30,MIN,2,54,VGK,3,/gamecenter/min-vs-vgk/2025/04/29/2024030175,3,2,,OT,1,/schedule/playoff-series/2025/series-g/wild-vs-goldenknights,30,2,54,4
20242025,g,https://assets.nhle.com/logos/playoffs/png/stanley_cup_playoffs_secondary_wordmark_dark.png,4,7,2024030176,6,,54,VGK,3,30,MIN,2,/gamecenter/vgk-vs-min/2025/05/01/2024030176,4,2,,REG,1,/schedule/playoff-series/2025/series-g/wild-vs-goldenknights,30,2,54,4
20242025,h,https://assets.nhle.com/logos/playoffs/png/stanley_cup_playoffs_secondary_wordmark_dark.png,4,7,2024030181,1,,22,EDM,5,26,LAK,6,/gamecenter/edm-vs-lak/2025/04/21/2024030181,1,0,,REG,1,/schedule/playoff-series/2025/series-h/oilers-vs-kings,22,4,26,2
20242025,h,https://assets.nhle.com/logos/playoffs/png/stanley_cup_playoffs_secondary_wordmark_dark.png,4,7,2024030182,2,,22,EDM,2,26,LAK,6,/gamecenter/edm-vs-lak/2025/04/23/2024030182,2,0,,REG,1,/schedule/playoff-series/2025/series-h/oilers-vs-kings,22,4,26,2
20242025,h,https://assets.nhle.com/logos/playoffs/png/stanley_cup_playoffs_secondary_wordmark_dark.png,4,7,2024030183,3,,26,LAK,4,22,EDM,7,/gamecenter/lak-vs-edm/2025/04/25/2024030183,2,1,,REG,1,/schedule/playoff-series/2025/series-h/oilers-vs-kings,22,4,26,2
20242025,h,https://assets.nhle.com/logos/playoffs/png/stanley_cup_playoffs_secondary_wordmark_dark.png,4,7,2024030184,4,,26,LAK,3,22,EDM,4,/gamecenter/lak-vs-edm/2025/04/27/2024030184,2,2,,OT,1,/schedule/playoff-series/2025/series-h/oilers-vs-kings,22,4,26,2
20242025,h,https://assets.nhle.com/logos/playoffs/png/stanley_cup_playoffs_secondary_wordmark_dark.png,4,7,2024030185,5,,22,EDM,3,26,LAK,1,/gamecenter/edm-vs-lak/2025/04/29/2024030185,2,3,,REG,1,/schedule/playoff-series/2025/series-h/oilers-vs-kings,22,4,26,2
20242025,h,https://assets.nhle.com/logos/playoffs/png/stanley_cup_playoffs_secondary_wordmark_dark.png,4,7,2024030186,6,,26,LAK,4,22,EDM,6,/gamecenter/lak-vs-edm/2025/05/01/2024030186,2,4,,REG,1,/schedule/playoff-series/2025/series-h/oilers-vs-kings,22,4,26,2
20242025,i,https://assets.nhle.com/logos/playoffs/png/stanley_cup_playoffs_secondary_wordmark_dark.png,4,7,2024030211,1,,13,FLA,4,10,TOR,5,/gamecenter/fla-vs-tor/2025/05/05/2024030211,1,0,,REG,2,/schedule/playoff-series/2025/series-i/panthers-vs-mapleleafs,13,3,10,3
20242025,i,https://assets.nhle.com/logos/playoffs/png/stanley_cup_playoffs_secondary_wordmark_dark.png,4,7,2024030212,2,,13,FLA,3,10,TOR,4,/gamecenter/fla-vs-tor/2025/05/07/2024030212,2,0,,REG,2,/schedule/playoff-series/2025/series-i/panthers-vs-mapleleafs,13,3,10,3
20242025,i,https://assets.nhle.com/logos/playoffs/png/stanley_cup_playoffs_secondary_wordmark_dark.png,4,7,2024030213,3,,10,TOR,4,13,FLA,5,/gamecenter/tor-vs-fla/2025/05/09/2024030213,2,1,,OT,2,/schedule/playoff-series/2025/series-i/panthers-vs-mapleleafs,13,3,10,3
20242025,i,https://assets.nhle.com/logos/playoffs/png/stanley_cup_playoffs_secondary_wordmark_dark.png,4,7,2024030214,4,,10,TOR,0,13,FLA,2,/gamecenter/tor-vs-fla/2025/05/11/2024030214,2,2,,REG,2,/schedule/playoff-series/2025/series-i/panthers-vs-mapleleafs,13,3,10,3
20242025,i,https://assets.nhle.com/logos/playoffs/png/stanley_cup_playoffs_secondary_wordmark_dark.png,4,7,2024030215,5,,13,FLA,6,10,TOR,1,/gamecenter/fla-vs-tor/2025/05/14/2024030215,2,3,,REG,2,/schedule/playoff-series/2025/series-i/panthers-vs-mapleleafs,13,3,10,3
20242025,i,https://assets.nhle.com/logos/playoffs/png/stanley_cup_playoffs_secondary_wordmark_dark.png,4,7,2024030216,6,,10,TOR,2,13,FLA,0,/gamecenter/tor-vs-fla/2025/05/16/2024030216,3,3,,REG,2,/schedule/playoff-series/2025/series-i/panthers-vs-mapleleafs,13,3,10,3
20242025,i,https://assets.nhle.com/logos/playoffs/png/stanley_cup_playoffs_secondary_wordmark_dark.png,4,7,2024030217,7,,13,FLA,,10,TOR,,/gamecenter/fla-vs-tor/2025/05/18/2024030217,,,,,2,/schedule/playoff-series/2025/series-i/panthers-vs-mapleleafs,13,3,10,3
20242025,j,https://assets.nhle.com/logos/playoffs/png/stanley_cup_playoffs_secondary_wordmark_dark.png,4,7,2024030221,1,,12,CAR,2,15,WSH,1,/gamecenter/car-vs-wsh/2025/05/06/2024030221,0,1,,OT,2,/schedule/playoff-series/2025/series-j/hurricanes-vs-capitals,12,4,15,1
20242025,j,https://assets.nhle.com/logos/playoffs/png/stanley_cup_playoffs_secondary_wordmark_dark.png,4,7,2024030222,2,,12,CAR,1,15,WSH,3,/gamecenter/car-vs-wsh/2025/05/08/2024030222,1,1,,REG,2,/schedule/playoff-series/2025/series-j/hurricanes-vs-capitals,12,4,15,1
20242025,j,https://assets.nhle.com/logos/playoffs/png/stanley_cup_playoffs_secondary_wordmark_dark.png,4,7,2024030223,3,,15,WSH,0,12,CAR,4,/gamecenter/wsh-vs-car/2025/05/10/2024030223,1,2,,REG,2,/schedule/playoff-series/2025/series-j/hurricanes-vs-capitals,12,4,15,1
20242025,j,https://assets.nhle.com/logos/playoffs/png/stanley_cup_playoffs_secondary_wordmark_dark.png,4,7,2024030224,4,,15,WSH,2,12,CAR,5,/gamecenter/wsh-vs-car/2025/05/12/2024030224,1,3,,REG,2,/schedule/playoff-series/2025/series-j/hurricanes-vs-capitals,12,4,15,1
20242025,j,https://assets.nhle.com/logos/playoffs/png/stanley_cup_playoffs_secondary_wordmark_dark.png,4,7,2024030225,5,,12,CAR,3,15,WSH,1,/gamecenter/car-vs-wsh/2025/05/15/2024030225,1,4,,REG,2,/schedule/playoff-series/2025/series-j/hurricanes-vs-capitals,12,4,15,1
20242025,k,https://assets.nhle.com/logos/playoffs/png/stanley_cup_playoffs_secondary_wordmark_dark.png,4,7,2024030231,1,,25,DAL,3,52,WPG,2,/gamecenter/dal-vs-wpg/2025/05/07/2024030231,0,1,,REG,2,/schedule/playoff-series/2025/series-k/stars-vs-jets,25,4,52,2
20242025,k,https://assets.nhle.com/logos/playoffs/png/stanley_cup_playoffs_secondary_wordmark_dark.png,4,7,2024030232,2,,25,DAL,0,52,WPG,4,/gamecenter/dal-vs-wpg/2025/05/09/2024030232,1,1,,REG,2,/schedule/playoff-series/2025/series-k/stars-vs-jets,25,4,52,2
20242025,k,https://assets.nhle.com/logos/playoffs/png/stanley_cup_playoffs_secondary_wordmark_dark.png,4,7,2024030233,3,,52,WPG,2,25,DAL,5,/gamecenter/wpg-vs-dal/2025/05/11/2024030233,1,2,,REG,2,/schedule/playoff-series/2025/series-k/stars-vs-jets,25,4,52,2
20242025,k,https://assets.nhle.com/logos/playoffs/png/stanley_cup_playoffs_secondary_wordmark_dark.png,4,7,2024030234,4,,52,WPG,1,25,DAL,3,/gamecenter/wpg-vs-dal/2025/05/13/2024030234,1,3,,REG,2,/schedule/playoff-series/2025/series-k/stars-vs-jets,25,4,52,2
20242025,k,https://assets.nhle.com/logos/playoffs/png/stanley_cup_playoffs_secondary_wordmark_dark.png,4,7,2024030235,5,,25,DAL,0,52,WPG,4,/gamecenter/dal-vs-wpg/2025/05/15/2024030235,2,3,,REG,2,/schedule/playoff-series/2025/series-k/stars-vs-jets,25,4,52,2
20242025,k,https://assets.nhle.com/logos/playoffs/png/stanley_cup_playoffs_secondary_wordmark_dark.png,4,7,2024030236,6,,52,WPG,1,25,DAL,2,/gamecenter/wpg-vs-dal/2025/05/17/2024030236,2,4,,OT,2,/schedule/playoff-series/2025/series-k/stars-vs-jets,25,4,52,2
20242025,l,https://assets.nhle.com/logos/playoffs/png/stanley_cup_playoffs_secondary_wordmark_dark.png,4,7,2024030241,1,,22,EDM,4,54,VGK,2,/gamecenter/edm-vs-vgk/2025/05/06/2024030241,0,1,,REG,2,/schedule/playoff-series/2025/series-l/oilers-vs-goldenknights,22,4,54,1
20242025,l,https://assets.nhle.com/logos/playoffs/png/stanley_cup_playoffs_secondary_wordmark_dark.png,4,7,2024030242,2,,22,EDM,5,54,VGK,4,/gamecenter/edm-vs-vgk/2025/05/08/2024030242,0,2,,OT,2,/schedule/playoff-series/2025/series-l/oilers-vs-goldenknights,22,4,54,1
20242025,l,https://assets.nhle.com/logos/playoffs/png/stanley_cup_playoffs_secondary_wordmark_dark.png,4,7,2024030243,3,,54,VGK,4,22,EDM,3,/gamecenter/vgk-vs-edm/2025/05/10/2024030243,1,2,,REG,2,/schedule/playoff-series/2025/series-l/oilers-vs-goldenknights,22,4,54,1
20242025,l,https://assets.nhle.com/logos/playoffs/png/stanley_cup_playoffs_secondary_wordmark_dark.png,4,7,2024030244,4,,54,VGK,0,22,EDM,3,/gamecenter/vgk-vs-edm/2025/05/12/2024030244,1,3,,REG,2,/schedule/playoff-series/2025/series-l/oilers-vs-goldenknights,22,4,54,1
20242025,l,https://assets.nhle.com/logos/playoffs/png/stanley_cup_playoffs_secondary_wordmark_dark.png,4,7,2024030245,5,,22,EDM,1,54,VGK,0,/gamecenter/edm-vs-vgk/2025/05/14/2024030245,1,4,,OT,2,/schedule/playoff-series/2025/series-l/oilers-vs-goldenknights,22,4,54,1
20242025,n,https://assets.nhle.com/logos/playoffs/png/western_conference_final_secondary_wordmark_dark.png,4,7,2024030321,1,,22,EDM,,25,DAL,,/gamecenter/edm-vs-dal/2025/05/21/2024030321,,,,,3,/schedule/playoff-series/2025/series-n/oilers-vs-stars,22,0,25,0
20242025,n,https://assets.nhle.com/logos/playoffs/png/western_conference_final_secondary_wordmark_dark.png,4,7,2024030322,2,,22,EDM,,25,DAL,,/gamecenter/edm-vs-dal/2025/05/23/2024030322,,,,,3,/schedule/playoff-series/2025/series-n/oilers-vs-stars,22,0,25,0
20242025,n,https://assets.nhle.com/logos/playoffs/png/western_conference_final_secondary_wordmark_dark.png,4,7,2024030323,3,,25,DAL,,22,EDM,,/gamecenter/dal-vs-edm/2025/05/25/2024030323,,,,,3,/schedule/playoff-series/2025/series-n/oilers-vs-stars,22,0,25,0
20242025,n,https://assets.nhle.com/logos/playoffs/png/western_conference_final_secondary_wordmark_dark.png,4,7,2024030324,4,,25,DAL,,22,EDM,,/gamecenter/dal-vs-edm/2025/05/27/2024030324,,,,,3,/schedule/playoff-series/2025/series-n/oilers-vs-stars,22,0,25,0
20242025,n,https://assets.nhle.com/logos/playoffs/png/western_conference_final_secondary_wordmark_dark.png,4,7,2024030325,5,,22,EDM,,25,DAL,,/gamecenter/edm-vs-dal/2025/05/29/2024030325,,,,,3,/schedule/playoff-series/2025/series-n/oilers-vs-stars,22,0,25,0
20242025,n,https://assets.nhle.com/logos/playoffs/png/western_conference_final_secondary_wordmark_dark.png,4,7,2024030326,6,,25,DAL,,22,EDM,,/gamecenter/dal-vs-edm/2025/05/31/2024030326,,,,,3,/schedule/playoff-series/2025/series-n/oilers-vs-stars,22,0,25,0
20242025,n,https://assets.nhle.com/logos/playoffs/png/western_conference_final_secondary_wordmark_dark.png,4,7,2024030327,7,,22,EDM,,25,DAL,,/gamecenter/edm-vs-dal/2025/06/02/2024030327,,,,,3,/schedule/playoff-series/2025/series-n/oilers-vs-stars,22,0,25,0
