seasonIDs,roundNums,seriesLetters,seriesLinks,bottomSeedIDs,bottomSeedWins,topSeedIDs,topSeedWins
19171918,1,A,/schedule/playoff-series/1918/series-a/canadiens-vs-arenas,8,1,57,1
19171918,2,I,/schedule/playoff-series/1918/series-i/millionaires-vs-arenas,7288,2,57,3
19181919,1,A,/schedule/playoff-series/1919/series-a/senators(1917)-vs-canadiens,36,1,8,4
19181919,2,I,/schedule/playoff-series/1919/series-i/canadiens-vs-metropolitans,8,2,7286,2
19201921,1,A,/schedule/playoff-series/1921/series-a/st.patricks-vs-senators(1917),58,0,36,2
19201921,2,I,/schedule/playoff-series/1921/series-i/senators(1917)-vs-millionaires,36,3,7288,2
19211922,1,A,/schedule/playoff-series/1922/series-a/senators(1917)-vs-st.patricks,36,0,58,1
19211922,2,I,/schedule/playoff-series/1922/series-i/millionaires-vs-st.patricks,7288,2,58,3
19221923,1,A,/schedule/playoff-series/1923/series-a/canadiens-vs-senators(1917),8,1,36,1
19221923,2,I,/schedule/playoff-series/1923/series-i/senators(1917)-vs-maroons,36,3,7287,1
19221923,3,M,/schedule/playoff-series/1923/series-m/senators(1917)-vs-eskimos,36,2,7285,0
19231924,1,A,/schedule/playoff-series/1924/series-a/senators(1917)-vs-canadiens,36,0,8,2
19231924,2,I,/schedule/playoff-series/1924/series-i/maroons-vs-canadiens,7287,0,8,2
19231924,3,M,/schedule/playoff-series/1924/series-m/tigers-vs-canadiens,7284,0,8,2
19241925,1,A,/schedule/playoff-series/1925/series-a/st.patricks-vs-canadiens,58,0,8,2
19241925,3,M,/schedule/playoff-series/1925/series-m/canadiens-vs-cougars,8,1,7289,3
19251926,1,A,/schedule/playoff-series/1926/series-a/maroons-vs-pirates,43,1,38,0
19251926,2,I,/schedule/playoff-series/1926/series-i/senators(1917)-vs-maroons,36,0,43,1
19251926,3,M,/schedule/playoff-series/1926/series-m/cougars-vs-maroons,7289,1,43,3
19261927,1,A,/schedule/playoff-series/1927/series-a/canadiens-vs-maroons,8,1,43,0
19261927,1,B,/schedule/playoff-series/1927/series-b/bruins-vs-blackhawks,6,1,16,0
19261927,2,I,/schedule/playoff-series/1927/series-i/senators(1917)-vs-canadiens,36,1,8,0
19261927,2,J,/schedule/playoff-series/1927/series-j/rangers-vs-bruins,3,0,6,1
19261927,3,M,/schedule/playoff-series/1927/series-m/senators(1917)-vs-bruins,36,2,6,0
19271928,1,A,/schedule/playoff-series/1928/series-a/maroons-vs-senators(1917),43,2,36,0
19271928,1,B,/schedule/playoff-series/1928/series-b/pirates-vs-rangers,38,1,3,1
19271928,2,I,/schedule/playoff-series/1928/series-i/canadiens-vs-maroons,8,0,43,1
19271928,2,J,/schedule/playoff-series/1928/series-j/bruins-vs-rangers,6,0,3,1
19271928,3,M,/schedule/playoff-series/1928/series-m/rangers-vs-maroons,3,3,43,2
19281929,2,A,/schedule/playoff-series/1929/series-a/canadiens-vs-bruins,8,0,6,3
19281929,2,D,/schedule/playoff-series/1929/series-d/mapleleafs-vs-rangers,10,0,3,2
19281929,1,B,/schedule/playoff-series/1929/series-b/rangers-vs-americans,3,1,44,0
19281929,1,C,/schedule/playoff-series/1929/series-c/mapleleafs-vs-cougars,10,2,40,0
19281929,3,I,/schedule/playoff-series/1929/series-i/rangers-vs-bruins,3,0,6,2
19291930,2,A,/schedule/playoff-series/1930/series-a/bruins-vs-maroons,6,3,43,1
19291930,2,D,/schedule/playoff-series/1930/series-d/rangers-vs-canadiens,3,0,8,2
19291930,1,B,/schedule/playoff-series/1930/series-b/canadiens-vs-blackhawks,8,1,16,0
19291930,1,C,/schedule/playoff-series/1930/series-c/rangers-vs-senators(1917),3,1,36,0
19291930,3,I,/schedule/playoff-series/1930/series-i/canadiens-vs-bruins,8,2,6,0
19301931,2,A,/schedule/playoff-series/1931/series-a/canadiens-vs-bruins,8,3,6,2
19301931,2,D,/schedule/playoff-series/1931/series-d/rangers-vs-blackhawks,3,0,16,2
19301931,1,B,/schedule/playoff-series/1931/series-b/blackhawks-vs-mapleleafs,16,1,10,0
19301931,1,C,/schedule/playoff-series/1931/series-c/maroons-vs-rangers,43,0,3,2
19301931,3,I,/schedule/playoff-series/1931/series-i/canadiens-vs-blackhawks,8,3,16,2
19311932,2,A,/schedule/playoff-series/1932/series-a/rangers-vs-canadiens,3,3,8,1
19311932,2,D,/schedule/playoff-series/1932/series-d/mapleleafs-vs-maroons,10,1,43,0
19311932,1,B,/schedule/playoff-series/1932/series-b/mapleleafs-vs-blackhawks,10,1,16,1
19311932,1,C,/schedule/playoff-series/1932/series-c/maroons-vs-falcons,43,1,50,0
19311932,3,I,/schedule/playoff-series/1932/series-i/mapleleafs-vs-rangers,10,3,3,0
19321933,2,A,/schedule/playoff-series/1933/series-a/mapleleafs-vs-bruins,10,3,6,2
19321933,2,D,/schedule/playoff-series/1933/series-d/redwings-vs-rangers,17,0,3,2
19321933,1,B,/schedule/playoff-series/1933/series-b/redwings-vs-maroons,17,2,43,0
19321933,1,C,/schedule/playoff-series/1933/series-c/canadiens-vs-rangers,8,0,3,1
19321933,3,I,/schedule/playoff-series/1933/series-i/mapleleafs-vs-rangers,10,1,3,3
19331934,2,A,/schedule/playoff-series/1934/series-a/redwings-vs-mapleleafs,17,3,10,2
19331934,2,D,/schedule/playoff-series/1934/series-d/blackhawks-vs-maroons,16,2,43,0
19331934,1,B,/schedule/playoff-series/1934/series-b/blackhawks-vs-canadiens,16,1,8,0
19331934,1,C,/schedule/playoff-series/1934/series-c/rangers-vs-maroons,3,0,43,1
19331934,3,I,/schedule/playoff-series/1934/series-i/blackhawks-vs-redwings,16,3,17,1
19341935,2,A,/schedule/playoff-series/1935/series-a/mapleleafs-vs-bruins,10,3,6,1
19341935,2,D,/schedule/playoff-series/1935/series-d/maroons-vs-rangers,43,1,3,0
19341935,1,B,/schedule/playoff-series/1935/series-b/blackhawks-vs-maroons,16,0,43,1
19341935,1,C,/schedule/playoff-series/1935/series-c/canadiens-vs-rangers,8,0,3,1
19341935,3,I,/schedule/playoff-series/1935/series-i/maroons-vs-mapleleafs,43,3,10,0
19351936,2,A,/schedule/playoff-series/1936/series-a/redwings-vs-maroons,17,3,43,0
19351936,2,D,/schedule/playoff-series/1936/series-d/americans-vs-mapleleafs,44,1,10,2
19351936,1,B,/schedule/playoff-series/1936/series-b/mapleleafs-vs-bruins,10,1,6,1
19351936,1,C,/schedule/playoff-series/1936/series-c/blackhawks-vs-americans,16,1,44,1
19351936,3,I,/schedule/playoff-series/1936/series-i/mapleleafs-vs-redwings,10,1,17,3
19361937,2,A,/schedule/playoff-series/1937/series-a/canadiens-vs-redwings,8,2,17,3
19361937,2,D,/schedule/playoff-series/1937/series-d/maroons-vs-rangers,43,0,3,2
19361937,1,B,/schedule/playoff-series/1937/series-b/bruins-vs-maroons,6,1,43,2
19361937,1,C,/schedule/playoff-series/1937/series-c/rangers-vs-mapleleafs,3,2,10,0
19361937,3,I,/schedule/playoff-series/1937/series-i/redwings-vs-rangers,17,3,3,2
19371938,2,A,/schedule/playoff-series/1938/series-a/bruins-vs-mapleleafs,6,0,10,3
19371938,2,D,/schedule/playoff-series/1938/series-d/blackhawks-vs-americans,16,2,44,1
19371938,1,B,/schedule/playoff-series/1938/series-b/americans-vs-rangers,44,2,3,1
19371938,1,C,/schedule/playoff-series/1938/series-c/blackhawks-vs-canadiens,16,2,8,1
19371938,3,I,/schedule/playoff-series/1938/series-i/blackhawks-vs-mapleleafs,16,3,10,1
19381939,2,A,/schedule/playoff-series/1939/series-a/bruins-vs-rangers,6,4,3,3
19381939,2,D,/schedule/playoff-series/1939/series-d/redwings-vs-mapleleafs,17,1,10,2
19381939,1,B,/schedule/playoff-series/1939/series-b/americans-vs-mapleleafs,44,0,10,2
19381939,1,C,/schedule/playoff-series/1939/series-c/redwings-vs-canadiens,17,2,8,1
19381939,3,I,/schedule/playoff-series/1939/series-i/mapleleafs-vs-bruins,10,1,6,4
19391940,2,A,/schedule/playoff-series/1940/series-a/bruins-vs-rangers,6,2,3,4
19391940,2,D,/schedule/playoff-series/1940/series-d/redwings-vs-mapleleafs,17,0,10,2
19391940,1,B,/schedule/playoff-series/1940/series-b/blackhawks-vs-mapleleafs,16,0,10,2
19391940,1,C,/schedule/playoff-series/1940/series-c/americans-vs-redwings,44,1,17,2
19391940,3,I,/schedule/playoff-series/1940/series-i/mapleleafs-vs-rangers,10,2,3,4
19401941,2,A,/schedule/playoff-series/1941/series-a/mapleleafs-vs-bruins,10,3,6,4
19401941,2,D,/schedule/playoff-series/1941/series-d/blackhawks-vs-redwings,16,0,17,2
19401941,1,B,/schedule/playoff-series/1941/series-b/rangers-vs-redwings,3,1,17,2
19401941,1,C,/schedule/playoff-series/1941/series-c/canadiens-vs-blackhawks,8,1,16,2
19401941,3,I,/schedule/playoff-series/1941/series-i/redwings-vs-bruins,17,0,6,4
19411942,2,A,/schedule/playoff-series/1942/series-a/rangers-vs-mapleleafs,3,2,10,4
19411942,2,D,/schedule/playoff-series/1942/series-d/redwings-vs-bruins,17,2,6,0
19411942,1,B,/schedule/playoff-series/1942/series-b/bruins-vs-blackhawks,6,2,16,1
19411942,1,C,/schedule/playoff-series/1942/series-c/canadiens-vs-redwings,8,1,17,2
19411942,3,I,/schedule/playoff-series/1942/series-i/redwings-vs-mapleleafs,17,3,10,4
19421943,1,A,/schedule/playoff-series/1943/series-a/mapleleafs-vs-redwings,10,2,17,4
19421943,1,B,/schedule/playoff-series/1943/series-b/canadiens-vs-bruins,8,1,6,4
19421943,2,I,/schedule/playoff-series/1943/series-i/bruins-vs-redwings,6,0,17,4
19431944,1,A,/schedule/playoff-series/1944/series-a/mapleleafs-vs-canadiens,10,1,8,4
19431944,1,B,/schedule/playoff-series/1944/series-b/blackhawks-vs-redwings,16,4,17,1
19431944,2,I,/schedule/playoff-series/1944/series-i/blackhawks-vs-canadiens,16,0,8,4
19441945,1,A,/schedule/playoff-series/1945/series-a/mapleleafs-vs-canadiens,10,4,8,2
19441945,1,B,/schedule/playoff-series/1945/series-b/bruins-vs-redwings,6,3,17,4
19441945,2,I,/schedule/playoff-series/1945/series-i/mapleleafs-vs-redwings,10,4,17,3
19451946,1,A,/schedule/playoff-series/1946/series-a/blackhawks-vs-canadiens,16,0,8,4
19451946,1,B,/schedule/playoff-series/1946/series-b/redwings-vs-bruins,17,1,6,4
19451946,2,I,/schedule/playoff-series/1946/series-i/bruins-vs-canadiens,6,1,8,4
19461947,1,A,/schedule/playoff-series/1947/series-a/bruins-vs-canadiens,6,1,8,4
19461947,1,B,/schedule/playoff-series/1947/series-b/redwings-vs-mapleleafs,17,1,10,4
19461947,2,I,/schedule/playoff-series/1947/series-i/mapleleafs-vs-canadiens,10,4,8,2
19471948,1,A,/schedule/playoff-series/1948/series-a/bruins-vs-mapleleafs,6,1,10,4
19471948,1,B,/schedule/playoff-series/1948/series-b/rangers-vs-redwings,3,2,17,4
19471948,2,I,/schedule/playoff-series/1948/series-i/redwings-vs-mapleleafs,17,0,10,4
19481949,1,A,/schedule/playoff-series/1949/series-a/canadiens-vs-redwings,8,3,17,4
19481949,1,B,/schedule/playoff-series/1949/series-b/mapleleafs-vs-bruins,10,4,6,1
19481949,2,I,/schedule/playoff-series/1949/series-i/mapleleafs-vs-redwings,10,4,17,0
19491950,1,A,/schedule/playoff-series/1950/series-a/mapleleafs-vs-redwings,10,3,17,4
19491950,1,B,/schedule/playoff-series/1950/series-b/canadiens-vs-rangers,8,1,3,4
19491950,2,I,/schedule/playoff-series/1950/series-i/rangers-vs-redwings,3,3,17,4
19501951,1,A,/schedule/playoff-series/1951/series-a/canadiens-vs-redwings,8,4,17,2
19501951,1,B,/schedule/playoff-series/1951/series-b/bruins-vs-mapleleafs,6,1,10,4
19501951,2,I,/schedule/playoff-series/1951/series-i/canadiens-vs-mapleleafs,8,1,10,4
19511952,1,A,/schedule/playoff-series/1952/series-a/mapleleafs-vs-redwings,10,0,17,4
19511952,1,B,/schedule/playoff-series/1952/series-b/bruins-vs-canadiens,6,3,8,4
19511952,2,I,/schedule/playoff-series/1952/series-i/redwings-vs-canadiens,17,4,8,0
19521953,1,A,/schedule/playoff-series/1953/series-a/bruins-vs-redwings,6,4,17,2
19521953,1,B,/schedule/playoff-series/1953/series-b/blackhawks-vs-canadiens,16,3,8,4
19521953,2,I,/schedule/playoff-series/1953/series-i/bruins-vs-canadiens,6,1,8,4
19531954,1,A,/schedule/playoff-series/1954/series-a/mapleleafs-vs-redwings,10,1,17,4
19531954,1,B,/schedule/playoff-series/1954/series-b/bruins-vs-canadiens,6,0,8,4
19531954,2,I,/schedule/playoff-series/1954/series-i/canadiens-vs-redwings,8,3,17,4
19541955,1,A,/schedule/playoff-series/1955/series-a/mapleleafs-vs-redwings,10,0,17,4
19541955,1,B,/schedule/playoff-series/1955/series-b/bruins-vs-canadiens,6,1,8,4
19541955,2,I,/schedule/playoff-series/1955/series-i/canadiens-vs-redwings,8,3,17,4
19551956,1,A,/schedule/playoff-series/1956/series-a/rangers-vs-canadiens,3,1,8,4
19551956,1,B,/schedule/playoff-series/1956/series-b/mapleleafs-vs-redwings,10,1,17,4
19551956,2,I,/schedule/playoff-series/1956/series-i/redwings-vs-canadiens,17,1,8,4
19561957,1,A,/schedule/playoff-series/1957/series-a/bruins-vs-redwings,6,4,17,1
19561957,1,B,/schedule/playoff-series/1957/series-b/canadiens-vs-rangers,8,4,3,1
19561957,2,I,/schedule/playoff-series/1957/series-i/bruins-vs-canadiens,6,1,8,4
19571958,1,A,/schedule/playoff-series/1958/series-a/redwings-vs-canadiens,17,0,8,4
19571958,1,B,/schedule/playoff-series/1958/series-b/bruins-vs-rangers,6,4,3,2
19571958,2,I,/schedule/playoff-series/1958/series-i/bruins-vs-canadiens,6,2,8,4
19581959,1,A,/schedule/playoff-series/1959/series-a/blackhawks-vs-canadiens,16,2,8,4
19581959,1,B,/schedule/playoff-series/1959/series-b/mapleleafs-vs-bruins,10,4,6,3
19581959,2,I,/schedule/playoff-series/1959/series-i/mapleleafs-vs-canadiens,10,1,8,4
19591960,1,A,/schedule/playoff-series/1960/series-a/blackhawks-vs-canadiens,16,0,8,4
19591960,1,B,/schedule/playoff-series/1960/series-b/redwings-vs-mapleleafs,17,2,10,4
19591960,2,I,/schedule/playoff-series/1960/series-i/mapleleafs-vs-canadiens,10,0,8,4
19601961,1,A,/schedule/playoff-series/1961/series-a/blackhawks-vs-canadiens,16,4,8,2
19601961,1,B,/schedule/playoff-series/1961/series-b/redwings-vs-mapleleafs,17,4,10,1
19601961,2,I,/schedule/playoff-series/1961/series-i/redwings-vs-blackhawks,17,2,16,4
19611962,1,A,/schedule/playoff-series/1962/series-a/blackhawks-vs-canadiens,16,4,8,2
19611962,1,B,/schedule/playoff-series/1962/series-b/rangers-vs-mapleleafs,3,2,10,4
19611962,2,I,/schedule/playoff-series/1962/series-i/blackhawks-vs-mapleleafs,16,2,10,4
19621963,1,A,/schedule/playoff-series/1963/series-a/canadiens-vs-mapleleafs,8,1,10,4
19621963,1,B,/schedule/playoff-series/1963/series-b/redwings-vs-blackhawks,17,4,16,2
19621963,2,I,/schedule/playoff-series/1963/series-i/redwings-vs-mapleleafs,17,1,10,4
19631964,1,A,/schedule/playoff-series/1964/series-a/mapleleafs-vs-canadiens,10,4,8,3
19631964,1,B,/schedule/playoff-series/1964/series-b/redwings-vs-blackhawks,17,4,16,3
19631964,2,I,/schedule/playoff-series/1964/series-i/redwings-vs-mapleleafs,17,3,10,4
19641965,1,A,/schedule/playoff-series/1965/series-a/blackhawks-vs-redwings,16,4,17,3
19641965,1,B,/schedule/playoff-series/1965/series-b/mapleleafs-vs-canadiens,10,2,8,4
19641965,2,I,/schedule/playoff-series/1965/series-i/blackhawks-vs-canadiens,16,3,8,4
19651966,1,A,/schedule/playoff-series/1966/series-a/mapleleafs-vs-canadiens,10,0,8,4
19651966,1,B,/schedule/playoff-series/1966/series-b/redwings-vs-blackhawks,17,4,16,2
19651966,2,I,/schedule/playoff-series/1966/series-i/redwings-vs-canadiens,17,2,8,4
19661967,1,A,/schedule/playoff-series/1967/series-a/mapleleafs-vs-blackhawks,10,4,16,2
19661967,1,B,/schedule/playoff-series/1967/series-b/rangers-vs-canadiens,3,0,8,4
19661967,2,I,/schedule/playoff-series/1967/series-i/mapleleafs-vs-canadiens,10,4,8,2
19671968,1,A,/schedule/playoff-series/1968/series-a/bruins-vs-canadiens,6,0,8,4
19671968,1,B,/schedule/playoff-series/1968/series-b/blackhawks-vs-rangers,16,4,3,2
19671968,1,C,/schedule/playoff-series/1968/series-c/blues-vs-flyers,19,4,4,3
19671968,1,D,/schedule/playoff-series/1968/series-d/northstars-vs-kings,31,4,26,3
19671968,2,I,/schedule/playoff-series/1968/series-i/blackhawks-vs-canadiens,16,1,8,4
19671968,2,J,/schedule/playoff-series/1968/series-j/northstars-vs-blues,31,3,19,4
19671968,3,M,/schedule/playoff-series/1968/series-m/canadiens-vs-blues,8,4,19,0
19681969,1,A,/schedule/playoff-series/1969/series-a/rangers-vs-canadiens,3,0,8,4
19681969,1,B,/schedule/playoff-series/1969/series-b/mapleleafs-vs-bruins,10,0,6,4
19681969,1,C,/schedule/playoff-series/1969/series-c/flyers-vs-blues,4,0,19,4
19681969,1,D,/schedule/playoff-series/1969/series-d/kings-vs-seals,26,4,46,3
19681969,2,I,/schedule/playoff-series/1969/series-i/bruins-vs-canadiens,6,2,8,4
19681969,2,J,/schedule/playoff-series/1969/series-j/kings-vs-blues,26,0,19,4
19681969,3,M,/schedule/playoff-series/1969/series-m/blues-vs-canadiens,19,0,8,4
19691970,1,A,/schedule/playoff-series/1970/series-a/redwings-vs-blackhawks,17,0,16,4
19691970,1,B,/schedule/playoff-series/1970/series-b/rangers-vs-bruins,3,2,6,4
19691970,1,C,/schedule/playoff-series/1970/series-c/northstars-vs-blues,31,2,19,4
19691970,1,D,/schedule/playoff-series/1970/series-d/seals-vs-penguins,46,0,5,4
19691970,2,I,/schedule/playoff-series/1970/series-i/bruins-vs-blackhawks,6,4,16,0
19691970,2,J,/schedule/playoff-series/1970/series-j/penguins-vs-blues,5,2,19,4
19691970,3,M,/schedule/playoff-series/1970/series-m/bruins-vs-blues,6,4,19,0
19701971,1,A,/schedule/playoff-series/1971/series-a/canadiens-vs-bruins,8,4,6,3
19701971,1,B,/schedule/playoff-series/1971/series-b/mapleleafs-vs-rangers,10,2,3,4
19701971,1,C,/schedule/playoff-series/1971/series-c/flyers-vs-blackhawks,4,0,16,4
19701971,1,D,/schedule/playoff-series/1971/series-d/northstars-vs-blues,31,4,19,2
19701971,2,I,/schedule/playoff-series/1971/series-i/northstars-vs-canadiens,31,2,8,4
19701971,2,J,/schedule/playoff-series/1971/series-j/rangers-vs-blackhawks,3,3,16,4
19701971,3,M,/schedule/playoff-series/1971/series-m/canadiens-vs-blackhawks,8,4,16,3
19711972,1,A,/schedule/playoff-series/1972/series-a/mapleleafs-vs-bruins,10,1,6,4
19711972,1,B,/schedule/playoff-series/1972/series-b/canadiens-vs-rangers,8,2,3,4
19711972,1,C,/schedule/playoff-series/1972/series-c/penguins-vs-blackhawks,5,0,16,4
19711972,1,D,/schedule/playoff-series/1972/series-d/blues-vs-northstars,19,4,31,3
19711972,2,I,/schedule/playoff-series/1972/series-i/blues-vs-bruins,19,0,6,4
19711972,2,J,/schedule/playoff-series/1972/series-j/rangers-vs-blackhawks,3,4,16,0
19711972,3,M,/schedule/playoff-series/1972/series-m/rangers-vs-bruins,3,2,6,4
19721973,1,A,/schedule/playoff-series/1973/series-a/sabres-vs-canadiens,7,2,8,4
19721973,1,B,/schedule/playoff-series/1973/series-b/rangers-vs-bruins,3,4,6,1
19721973,1,C,/schedule/playoff-series/1973/series-c/blues-vs-blackhawks,19,1,16,4
19721973,1,D,/schedule/playoff-series/1973/series-d/northstars-vs-flyers,31,2,4,4
19721973,2,I,/schedule/playoff-series/1973/series-i/flyers-vs-canadiens,4,1,8,4
19721973,2,J,/schedule/playoff-series/1973/series-j/rangers-vs-blackhawks,3,1,16,4
19721973,3,M,/schedule/playoff-series/1973/series-m/blackhawks-vs-canadiens,16,2,8,4
19731974,1,A,/schedule/playoff-series/1974/series-a/mapleleafs-vs-bruins,10,0,6,4
19731974,1,B,/schedule/playoff-series/1974/series-b/rangers-vs-canadiens,3,4,8,2
19731974,1,C,/schedule/playoff-series/1974/series-c/flames-vs-flyers,47,0,4,4
19731974,1,D,/schedule/playoff-series/1974/series-d/kings-vs-blackhawks,26,1,16,4
19731974,2,I,/schedule/playoff-series/1974/series-i/blackhawks-vs-bruins,16,2,6,4
19731974,2,J,/schedule/playoff-series/1974/series-j/rangers-vs-flyers,3,3,4,4
19731974,3,M,/schedule/playoff-series/1974/series-m/flyers-vs-bruins,4,4,6,2
19741975,1,A,/schedule/playoff-series/1975/series-a/mapleleafs-vs-kings,10,2,26,1
19741975,1,B,/schedule/playoff-series/1975/series-b/blackhawks-vs-bruins,16,2,6,1
19741975,1,C,/schedule/playoff-series/1975/series-c/blues-vs-penguins,19,0,5,2
19741975,1,D,/schedule/playoff-series/1975/series-d/islanders-vs-rangers,2,2,3,1
19741975,2,I,/schedule/playoff-series/1975/series-i/mapleleafs-vs-flyers,10,0,4,4
19741975,2,J,/schedule/playoff-series/1975/series-j/blackhawks-vs-sabres,16,1,7,4
19741975,2,K,/schedule/playoff-series/1975/series-k/canucks-vs-canadiens,23,1,8,4
19741975,2,L,/schedule/playoff-series/1975/series-l/islanders-vs-penguins,2,4,5,3
19741975,3,M,/schedule/playoff-series/1975/series-m/islanders-vs-flyers,2,3,4,4
19741975,3,N,/schedule/playoff-series/1975/series-n/canadiens-vs-sabres,8,2,7,4
19741975,4,O,/schedule/playoff-series/1975/series-o/sabres-vs-flyers,7,2,4,4
19751976,1,A,/schedule/playoff-series/1976/series-a/sabres-vs-blues,7,2,19,1
19751976,1,B,/schedule/playoff-series/1976/series-b/canucks-vs-islanders,23,0,2,2
19751976,1,C,/schedule/playoff-series/1976/series-c/flames-vs-kings,47,0,26,2
19751976,1,D,/schedule/playoff-series/1976/series-d/penguins-vs-mapleleafs,5,1,10,2
19751976,2,I,/schedule/playoff-series/1976/series-i/blackhawks-vs-canadiens,16,0,8,4
19751976,2,J,/schedule/playoff-series/1976/series-j/mapleleafs-vs-flyers,10,3,4,4
19751976,2,K,/schedule/playoff-series/1976/series-k/kings-vs-bruins,26,3,6,4
19751976,2,L,/schedule/playoff-series/1976/series-l/islanders-vs-sabres,2,4,7,2
19751976,3,M,/schedule/playoff-series/1976/series-m/islanders-vs-canadiens,2,1,8,4
19751976,3,N,/schedule/playoff-series/1976/series-n/bruins-vs-flyers,6,1,4,4
19751976,4,O,/schedule/playoff-series/1976/series-o/flyers-vs-canadiens,4,0,8,4
19761977,1,A,/schedule/playoff-series/1977/series-a/blackhawks-vs-islanders,16,0,2,2
19761977,1,B,/schedule/playoff-series/1977/series-b/northstars-vs-sabres,31,0,7,2
19761977,1,C,/schedule/playoff-series/1977/series-c/flames-vs-kings,47,1,26,2
19761977,1,D,/schedule/playoff-series/1977/series-d/mapleleafs-vs-penguins,10,2,5,1
19761977,2,I,/schedule/playoff-series/1977/series-i/blues-vs-canadiens,19,0,8,4
19761977,2,J,/schedule/playoff-series/1977/series-j/mapleleafs-vs-flyers,10,2,4,4
19761977,2,K,/schedule/playoff-series/1977/series-k/kings-vs-bruins,26,2,6,4
19761977,2,L,/schedule/playoff-series/1977/series-l/sabres-vs-islanders,7,0,2,4
19761977,3,M,/schedule/playoff-series/1977/series-m/islanders-vs-canadiens,2,2,8,4
19761977,3,N,/schedule/playoff-series/1977/series-n/bruins-vs-flyers,6,4,4,0
19761977,4,O,/schedule/playoff-series/1977/series-o/bruins-vs-canadiens,6,0,8,4
19771978,1,A,/schedule/playoff-series/1978/series-a/rockies-vs-flyers,35,0,4,2
19771978,1,B,/schedule/playoff-series/1978/series-b/rangers-vs-sabres,3,1,7,2
19771978,1,C,/schedule/playoff-series/1978/series-c/kings-vs-mapleleafs,26,0,10,2
19771978,1,D,/schedule/playoff-series/1978/series-d/redwings-vs-flames,17,2,47,0
19771978,2,I,/schedule/playoff-series/1978/series-i/redwings-vs-canadiens,17,1,8,4
19771978,2,J,/schedule/playoff-series/1978/series-j/blackhawks-vs-bruins,16,0,6,4
19771978,2,K,/schedule/playoff-series/1978/series-k/mapleleafs-vs-islanders,10,4,2,3
19771978,2,L,/schedule/playoff-series/1978/series-l/sabres-vs-flyers,7,1,4,4
19771978,3,M,/schedule/playoff-series/1978/series-m/mapleleafs-vs-canadiens,10,0,8,4
19771978,3,N,/schedule/playoff-series/1978/series-n/flyers-vs-bruins,4,1,6,4
19771978,4,O,/schedule/playoff-series/1978/series-o/bruins-vs-canadiens,6,2,8,4
19781979,1,A,/schedule/playoff-series/1979/series-a/canucks-vs-flyers,23,1,4,2
19781979,1,B,/schedule/playoff-series/1979/series-b/kings-vs-rangers,26,0,3,2
19781979,1,C,/schedule/playoff-series/1979/series-c/mapleleafs-vs-flames,10,2,47,0
19781979,1,D,/schedule/playoff-series/1979/series-d/penguins-vs-sabres,5,2,7,1
19781979,2,I,/schedule/playoff-series/1979/series-i/blackhawks-vs-islanders,16,0,2,4
19781979,2,J,/schedule/playoff-series/1979/series-j/mapleleafs-vs-canadiens,10,0,8,4
19781979,2,K,/schedule/playoff-series/1979/series-k/penguins-vs-bruins,5,0,6,4
19781979,2,L,/schedule/playoff-series/1979/series-l/rangers-vs-flyers,3,4,4,1
19781979,3,M,/schedule/playoff-series/1979/series-m/rangers-vs-islanders,3,4,2,2
19781979,3,N,/schedule/playoff-series/1979/series-n/bruins-vs-canadiens,6,3,8,4
19781979,4,O,/schedule/playoff-series/1979/series-o/rangers-vs-canadiens,3,1,8,4
19791980,1,A,/schedule/playoff-series/1980/series-a/oilers-vs-flyers,22,0,4,3
19791980,1,B,/schedule/playoff-series/1980/series-b/canucks-vs-sabres,23,1,7,3
19791980,1,C,/schedule/playoff-series/1980/series-c/whalers-vs-canadiens,34,0,8,3
19791980,1,D,/schedule/playoff-series/1980/series-d/penguins-vs-bruins,5,2,6,3
19791980,1,E,/schedule/playoff-series/1980/series-e/kings-vs-islanders,26,1,2,3
19791980,1,F,/schedule/playoff-series/1980/series-f/mapleleafs-vs-northstars,10,0,31,3
19791980,1,G,/schedule/playoff-series/1980/series-g/blues-vs-blackhawks,19,0,16,3
19791980,1,H,/schedule/playoff-series/1980/series-h/flames-vs-rangers,47,1,3,3
19791980,2,I,/schedule/playoff-series/1980/series-i/rangers-vs-flyers,3,1,4,4
19791980,2,J,/schedule/playoff-series/1980/series-j/blackhawks-vs-sabres,16,0,7,4
19791980,2,K,/schedule/playoff-series/1980/series-k/northstars-vs-canadiens,31,4,8,3
19791980,2,L,/schedule/playoff-series/1980/series-l/islanders-vs-bruins,2,4,6,1
19791980,3,M,/schedule/playoff-series/1980/series-m/northstars-vs-flyers,31,1,4,4
19791980,3,N,/schedule/playoff-series/1980/series-n/islanders-vs-sabres,2,4,7,2
19791980,4,O,/schedule/playoff-series/1980/series-o/islanders-vs-flyers,2,4,4,2
19801981,1,A,/schedule/playoff-series/1981/series-a/mapleleafs-vs-islanders,10,0,2,3
19801981,1,B,/schedule/playoff-series/1981/series-b/penguins-vs-blues,5,2,19,3
19801981,1,C,/schedule/playoff-series/1981/series-c/oilers-vs-canadiens,22,3,8,0
19801981,1,D,/schedule/playoff-series/1981/series-d/rangers-vs-kings,3,3,26,1
19801981,1,E,/schedule/playoff-series/1981/series-e/canucks-vs-sabres,23,0,7,3
19801981,1,F,/schedule/playoff-series/1981/series-f/nordiques-vs-flyers,32,2,4,3
19801981,1,G,/schedule/playoff-series/1981/series-g/blackhawks-vs-flames,16,0,20,3
19801981,1,H,/schedule/playoff-series/1981/series-h/northstars-vs-bruins,31,3,6,0
19801981,2,I,/schedule/playoff-series/1981/series-i/oilers-vs-islanders,22,2,2,4
19801981,2,J,/schedule/playoff-series/1981/series-j/rangers-vs-blues,3,4,19,2
19801981,2,K,/schedule/playoff-series/1981/series-k/northstars-vs-sabres,31,4,7,1
19801981,2,L,/schedule/playoff-series/1981/series-l/flames-vs-flyers,20,4,4,3
19801981,3,M,/schedule/playoff-series/1981/series-m/rangers-vs-islanders,3,0,2,4
19801981,3,N,/schedule/playoff-series/1981/series-n/northstars-vs-flames,31,4,20,2
19801981,4,O,/schedule/playoff-series/1981/series-o/northstars-vs-islanders,31,1,2,4
19811982,1,A,/schedule/playoff-series/1982/series-a/nordiques-vs-canadiens,32,3,8,2
19811982,1,B,/schedule/playoff-series/1982/series-b/sabres-vs-bruins,7,1,6,3
19811982,1,C,/schedule/playoff-series/1982/series-c/blackhawks-vs-northstars,16,3,31,1
19811982,1,D,/schedule/playoff-series/1982/series-d/blues-vs-jets(1979),19,3,33,1
19811982,1,E,/schedule/playoff-series/1982/series-e/penguins-vs-islanders,5,2,2,3
19811982,1,F,/schedule/playoff-series/1982/series-f/flyers-vs-rangers,4,1,3,3
19811982,1,G,/schedule/playoff-series/1982/series-g/kings-vs-oilers,26,3,22,2
19811982,1,H,/schedule/playoff-series/1982/series-h/flames-vs-canucks,20,0,23,3
19811982,2,I,/schedule/playoff-series/1982/series-i/nordiques-vs-bruins,32,4,6,3
19811982,2,J,/schedule/playoff-series/1982/series-j/blackhawks-vs-blues,16,4,19,2
19811982,2,K,/schedule/playoff-series/1982/series-k/rangers-vs-islanders,3,2,2,4
19811982,2,L,/schedule/playoff-series/1982/series-l/kings-vs-canucks,26,1,23,4
19811982,3,M,/schedule/playoff-series/1982/series-m/nordiques-vs-islanders,32,0,2,4
19811982,3,N,/schedule/playoff-series/1982/series-n/canucks-vs-blackhawks,23,4,16,1
19811982,4,O,/schedule/playoff-series/1982/series-o/canucks-vs-islanders,23,0,2,4
19821983,1,A,/schedule/playoff-series/1983/series-a/nordiques-vs-bruins,32,1,6,3
19821983,1,B,/schedule/playoff-series/1983/series-b/sabres-vs-canadiens,7,3,8,0
19821983,1,C,/schedule/playoff-series/1983/series-c/rangers-vs-flyers,3,3,4,0
19821983,1,D,/schedule/playoff-series/1983/series-d/capitals-vs-islanders,15,1,2,3
19821983,1,E,/schedule/playoff-series/1983/series-e/blues-vs-blackhawks,19,1,16,3
19821983,1,F,/schedule/playoff-series/1983/series-f/mapleleafs-vs-northstars,10,1,31,3
19821983,1,G,/schedule/playoff-series/1983/series-g/jets(1979)-vs-oilers,33,0,22,3
19821983,1,H,/schedule/playoff-series/1983/series-h/canucks-vs-flames,23,1,20,3
19821983,2,I,/schedule/playoff-series/1983/series-i/sabres-vs-bruins,7,3,6,4
19821983,2,J,/schedule/playoff-series/1983/series-j/rangers-vs-islanders,3,2,2,4
19821983,2,K,/schedule/playoff-series/1983/series-k/northstars-vs-blackhawks,31,1,16,4
19821983,2,L,/schedule/playoff-series/1983/series-l/flames-vs-oilers,20,1,22,4
19821983,3,M,/schedule/playoff-series/1983/series-m/islanders-vs-bruins,2,4,6,2
19821983,3,N,/schedule/playoff-series/1983/series-n/blackhawks-vs-oilers,16,0,22,4
19821983,4,O,/schedule/playoff-series/1983/series-o/islanders-vs-oilers,2,4,22,0
19831984,1,A,/schedule/playoff-series/1984/series-a/canadiens-vs-bruins,8,3,6,0
19831984,1,B,/schedule/playoff-series/1984/series-b/nordiques-vs-sabres,32,3,7,0
19831984,1,C,/schedule/playoff-series/1984/series-c/rangers-vs-islanders,3,2,2,3
19831984,1,D,/schedule/playoff-series/1984/series-d/flyers-vs-capitals,4,0,15,3
19831984,1,E,/schedule/playoff-series/1984/series-e/blackhawks-vs-northstars,16,2,31,3
19831984,1,F,/schedule/playoff-series/1984/series-f/redwings-vs-blues,17,1,19,3
19831984,1,G,/schedule/playoff-series/1984/series-g/jets(1979)-vs-oilers,33,0,22,3
19831984,1,H,/schedule/playoff-series/1984/series-h/canucks-vs-flames,23,1,20,3
19831984,2,I,/schedule/playoff-series/1984/series-i/canadiens-vs-nordiques,8,4,32,2
19831984,2,J,/schedule/playoff-series/1984/series-j/capitals-vs-islanders,15,1,2,4
19831984,2,K,/schedule/playoff-series/1984/series-k/blues-vs-northstars,19,3,31,4
19831984,2,L,/schedule/playoff-series/1984/series-l/flames-vs-oilers,20,3,22,4
19831984,3,M,/schedule/playoff-series/1984/series-m/islanders-vs-canadiens,2,4,8,2
19831984,3,N,/schedule/playoff-series/1984/series-n/northstars-vs-oilers,31,0,22,4
19831984,4,O,/schedule/playoff-series/1984/series-o/oilers-vs-islanders,22,4,2,1
19841985,1,A,/schedule/playoff-series/1985/series-a/bruins-vs-canadiens,6,2,8,3
19841985,1,B,/schedule/playoff-series/1985/series-b/sabres-vs-nordiques,7,2,32,3
19841985,1,C,/schedule/playoff-series/1985/series-c/rangers-vs-flyers,3,0,4,3
19841985,1,D,/schedule/playoff-series/1985/series-d/islanders-vs-capitals,2,3,15,2
19841985,1,E,/schedule/playoff-series/1985/series-e/northstars-vs-blues,31,3,19,0
19841985,1,F,/schedule/playoff-series/1985/series-f/redwings-vs-blackhawks,17,0,16,3
19841985,1,G,/schedule/playoff-series/1985/series-g/kings-vs-oilers,26,0,22,3
19841985,1,H,/schedule/playoff-series/1985/series-h/flames-vs-jets(1979),20,1,33,3
19841985,2,I,/schedule/playoff-series/1985/series-i/nordiques-vs-canadiens,32,4,8,3
19841985,2,J,/schedule/playoff-series/1985/series-j/islanders-vs-flyers,2,1,4,4
19841985,2,K,/schedule/playoff-series/1985/series-k/northstars-vs-blackhawks,31,2,16,4
19841985,2,L,/schedule/playoff-series/1985/series-l/jets(1979)-vs-oilers,33,0,22,4
19841985,3,M,/schedule/playoff-series/1985/series-m/flyers-vs-nordiques,4,4,32,2
19841985,3,N,/schedule/playoff-series/1985/series-n/blackhawks-vs-oilers,16,2,22,4
19841985,4,O,/schedule/playoff-series/1985/series-o/oilers-vs-flyers,22,4,4,1
19851986,1,A,/schedule/playoff-series/1986/series-a/whalers-vs-nordiques,34,3,32,0
19851986,1,B,/schedule/playoff-series/1986/series-b/bruins-vs-canadiens,6,0,8,3
19851986,1,C,/schedule/playoff-series/1986/series-c/rangers-vs-flyers,3,3,4,2
19851986,1,D,/schedule/playoff-series/1986/series-d/islanders-vs-capitals,2,0,15,3
19851986,1,E,/schedule/playoff-series/1986/series-e/mapleleafs-vs-blackhawks,10,3,16,0
19851986,1,F,/schedule/playoff-series/1986/series-f/blues-vs-northstars,19,3,31,2
19851986,1,G,/schedule/playoff-series/1986/series-g/canucks-vs-oilers,23,0,22,3
19851986,1,H,/schedule/playoff-series/1986/series-h/jets(1979)-vs-flames,33,0,20,3
19851986,2,I,/schedule/playoff-series/1986/series-i/whalers-vs-canadiens,34,3,8,4
19851986,2,J,/schedule/playoff-series/1986/series-j/rangers-vs-capitals,3,4,15,2
19851986,2,K,/schedule/playoff-series/1986/series-k/mapleleafs-vs-blues,10,3,19,4
19851986,2,L,/schedule/playoff-series/1986/series-l/flames-vs-oilers,20,4,22,3
19851986,3,M,/schedule/playoff-series/1986/series-m/rangers-vs-canadiens,3,1,8,4
19851986,3,N,/schedule/playoff-series/1986/series-n/blues-vs-flames,19,3,20,4
19851986,4,O,/schedule/playoff-series/1986/series-o/canadiens-vs-flames,8,4,20,1
19861987,1,A,/schedule/playoff-series/1987/series-a/nordiques-vs-whalers,32,4,34,2
19861987,1,B,/schedule/playoff-series/1987/series-b/bruins-vs-canadiens,6,0,8,4
19861987,1,C,/schedule/playoff-series/1987/series-c/rangers-vs-flyers,3,2,4,4
19861987,1,D,/schedule/playoff-series/1987/series-d/islanders-vs-capitals,2,4,15,3
19861987,1,E,/schedule/playoff-series/1987/series-e/mapleleafs-vs-blues,10,4,19,2
19861987,1,F,/schedule/playoff-series/1987/series-f/blackhawks-vs-redwings,16,0,17,4
19861987,1,G,/schedule/playoff-series/1987/series-g/kings-vs-oilers,26,1,22,4
19861987,1,H,/schedule/playoff-series/1987/series-h/jets(1979)-vs-flames,33,4,20,2
19861987,2,I,/schedule/playoff-series/1987/series-i/nordiques-vs-canadiens,32,3,8,4
19861987,2,J,/schedule/playoff-series/1987/series-j/islanders-vs-flyers,2,3,4,4
19861987,2,K,/schedule/playoff-series/1987/series-k/mapleleafs-vs-redwings,10,3,17,4
19861987,2,L,/schedule/playoff-series/1987/series-l/jets(1979)-vs-oilers,33,0,22,4
19861987,3,M,/schedule/playoff-series/1987/series-m/canadiens-vs-flyers,8,2,4,4
19861987,3,N,/schedule/playoff-series/1987/series-n/redwings-vs-oilers,17,1,22,4
19861987,4,O,/schedule/playoff-series/1987/series-o/flyers-vs-oilers,4,3,22,4
19871988,1,E,/schedule/playoff-series/1988/series-e/mapleleafs-vs-redwings,10,2,17,4
19871988,1,F,/schedule/playoff-series/1988/series-f/blackhawks-vs-blues,16,1,19,4
19871988,1,A,/schedule/playoff-series/1988/series-a/whalers-vs-canadiens,34,2,8,4
19871988,1,B,/schedule/playoff-series/1988/series-b/sabres-vs-bruins,7,2,6,4
19871988,1,G,/schedule/playoff-series/1988/series-g/kings-vs-flames,26,1,20,4
19871988,1,H,/schedule/playoff-series/1988/series-h/jets(1979)-vs-oilers,33,1,22,4
19871988,1,C,/schedule/playoff-series/1988/series-c/devils-vs-islanders,1,4,2,2
19871988,1,D,/schedule/playoff-series/1988/series-d/flyers-vs-capitals,4,3,15,4
19871988,2,K,/schedule/playoff-series/1988/series-k/blues-vs-redwings,19,1,17,4
19871988,2,L,/schedule/playoff-series/1988/series-l/oilers-vs-flames,22,4,20,0
19871988,2,I,/schedule/playoff-series/1988/series-i/bruins-vs-canadiens,6,4,8,1
19871988,2,J,/schedule/playoff-series/1988/series-j/devils-vs-capitals,1,4,15,3
19871988,3,N,/schedule/playoff-series/1988/series-n/redwings-vs-oilers,17,1,22,4
19871988,3,M,/schedule/playoff-series/1988/series-m/devils-vs-bruins,1,3,6,4
19871988,4,O,/schedule/playoff-series/1988/series-o/bruins-vs-oilers,6,0,22,4
19881989,1,E,/schedule/playoff-series/1989/series-e/blackhawks-vs-redwings,16,4,17,2
19881989,1,F,/schedule/playoff-series/1989/series-f/northstars-vs-blues,31,1,19,4
19881989,1,A,/schedule/playoff-series/1989/series-a/whalers-vs-canadiens,34,0,8,4
19881989,1,B,/schedule/playoff-series/1989/series-b/sabres-vs-bruins,7,1,6,4
19881989,1,G,/schedule/playoff-series/1989/series-g/canucks-vs-flames,23,3,20,4
19881989,1,H,/schedule/playoff-series/1989/series-h/oilers-vs-kings,22,3,26,4
19881989,1,C,/schedule/playoff-series/1989/series-c/flyers-vs-capitals,4,4,15,2
19881989,1,D,/schedule/playoff-series/1989/series-d/rangers-vs-penguins,3,0,5,4
19881989,2,K,/schedule/playoff-series/1989/series-k/blackhawks-vs-blues,16,4,19,1
19881989,2,L,/schedule/playoff-series/1989/series-l/kings-vs-flames,26,0,20,4
19881989,2,I,/schedule/playoff-series/1989/series-i/bruins-vs-canadiens,6,1,8,4
19881989,2,J,/schedule/playoff-series/1989/series-j/flyers-vs-penguins,4,4,5,3
19881989,3,N,/schedule/playoff-series/1989/series-n/blackhawks-vs-flames,16,1,20,4
19881989,3,M,/schedule/playoff-series/1989/series-m/flyers-vs-canadiens,4,2,8,4
19881989,4,O,/schedule/playoff-series/1989/series-o/canadiens-vs-flames,8,2,20,4
19891990,1,E,/schedule/playoff-series/1990/series-e/northstars-vs-blackhawks,31,3,16,4
19891990,1,F,/schedule/playoff-series/1990/series-f/mapleleafs-vs-blues,10,1,19,4
19891990,1,A,/schedule/playoff-series/1990/series-a/whalers-vs-bruins,34,3,6,4
19891990,1,B,/schedule/playoff-series/1990/series-b/canadiens-vs-sabres,8,4,7,2
19891990,1,G,/schedule/playoff-series/1990/series-g/kings-vs-flames,26,4,20,2
19891990,1,H,/schedule/playoff-series/1990/series-h/jets(1979)-vs-oilers,33,3,22,4
19891990,1,C,/schedule/playoff-series/1990/series-c/islanders-vs-rangers,2,1,3,4
19891990,1,D,/schedule/playoff-series/1990/series-d/capitals-vs-devils,15,4,1,2
19891990,2,K,/schedule/playoff-series/1990/series-k/blues-vs-blackhawks,19,3,16,4
19891990,2,L,/schedule/playoff-series/1990/series-l/kings-vs-oilers,26,0,22,4
19891990,2,I,/schedule/playoff-series/1990/series-i/canadiens-vs-bruins,8,1,6,4
19891990,2,J,/schedule/playoff-series/1990/series-j/capitals-vs-rangers,15,4,3,1
19891990,3,N,/schedule/playoff-series/1990/series-n/blackhawks-vs-oilers,16,2,22,4
19891990,3,M,/schedule/playoff-series/1990/series-m/capitals-vs-bruins,15,0,6,4
19891990,4,O,/schedule/playoff-series/1990/series-o/oilers-vs-bruins,22,4,6,1
19901991,1,E,/schedule/playoff-series/1991/series-e/northstars-vs-blackhawks,31,4,16,2
19901991,1,F,/schedule/playoff-series/1991/series-f/redwings-vs-blues,17,3,19,4
19901991,1,A,/schedule/playoff-series/1991/series-a/whalers-vs-bruins,34,2,6,4
19901991,1,B,/schedule/playoff-series/1991/series-b/sabres-vs-canadiens,7,2,8,4
19901991,1,G,/schedule/playoff-series/1991/series-g/canucks-vs-kings,23,2,26,4
19901991,1,H,/schedule/playoff-series/1991/series-h/oilers-vs-flames,22,4,20,3
19901991,1,C,/schedule/playoff-series/1991/series-c/devils-vs-penguins,1,3,5,4
19901991,1,D,/schedule/playoff-series/1991/series-d/capitals-vs-rangers,15,4,3,2
19901991,2,K,/schedule/playoff-series/1991/series-k/northstars-vs-blues,31,4,19,2
19901991,2,L,/schedule/playoff-series/1991/series-l/oilers-vs-kings,22,4,26,2
19901991,2,I,/schedule/playoff-series/1991/series-i/canadiens-vs-bruins,8,3,6,4
19901991,2,J,/schedule/playoff-series/1991/series-j/capitals-vs-penguins,15,1,5,4
19901991,3,N,/schedule/playoff-series/1991/series-n/northstars-vs-oilers,31,4,22,1
19901991,3,M,/schedule/playoff-series/1991/series-m/penguins-vs-bruins,5,4,6,2
19901991,4,O,/schedule/playoff-series/1991/series-o/northstars-vs-penguins,31,2,5,4
19911992,1,E,/schedule/playoff-series/1992/series-e/northstars-vs-redwings,31,3,17,4
19911992,1,F,/schedule/playoff-series/1992/series-f/blues-vs-blackhawks,19,2,16,4
19911992,1,A,/schedule/playoff-series/1992/series-a/whalers-vs-canadiens,34,3,8,4
19911992,1,B,/schedule/playoff-series/1992/series-b/sabres-vs-bruins,7,3,6,4
19911992,1,G,/schedule/playoff-series/1992/series-g/jets(1979)-vs-canucks,33,3,23,4
19911992,1,H,/schedule/playoff-series/1992/series-h/oilers-vs-kings,22,4,26,2
19911992,1,C,/schedule/playoff-series/1992/series-c/devils-vs-rangers,1,3,3,4
19911992,1,D,/schedule/playoff-series/1992/series-d/penguins-vs-capitals,5,4,15,3
19911992,2,K,/schedule/playoff-series/1992/series-k/blackhawks-vs-redwings,16,4,17,0
19911992,2,L,/schedule/playoff-series/1992/series-l/oilers-vs-canucks,22,4,23,2
19911992,2,I,/schedule/playoff-series/1992/series-i/bruins-vs-canadiens,6,4,8,0
19911992,2,J,/schedule/playoff-series/1992/series-j/penguins-vs-rangers,5,4,3,2
19911992,3,N,/schedule/playoff-series/1992/series-n/oilers-vs-blackhawks,22,0,16,4
19911992,3,M,/schedule/playoff-series/1992/series-m/bruins-vs-penguins,6,0,5,4
19911992,4,O,/schedule/playoff-series/1992/series-o/blackhawks-vs-penguins,16,0,5,4
19921993,1,E,/schedule/playoff-series/1993/series-e/blues-vs-blackhawks,19,4,16,0
19921993,1,F,/schedule/playoff-series/1993/series-f/mapleleafs-vs-redwings,10,4,17,3
19921993,1,A,/schedule/playoff-series/1993/series-a/sabres-vs-bruins,7,4,6,0
19921993,1,B,/schedule/playoff-series/1993/series-b/canadiens-vs-nordiques,8,4,32,2
19921993,1,G,/schedule/playoff-series/1993/series-g/jets(1979)-vs-canucks,33,2,23,4
19921993,1,H,/schedule/playoff-series/1993/series-h/kings-vs-flames,26,4,20,2
19921993,1,C,/schedule/playoff-series/1993/series-c/devils-vs-penguins,1,1,5,4
19921993,1,D,/schedule/playoff-series/1993/series-d/islanders-vs-capitals,2,4,15,2
19921993,2,K,/schedule/playoff-series/1993/series-k/blues-vs-mapleleafs,19,3,10,4
19921993,2,L,/schedule/playoff-series/1993/series-l/kings-vs-canucks,26,4,23,2
19921993,2,I,/schedule/playoff-series/1993/series-i/sabres-vs-canadiens,7,0,8,4
19921993,2,J,/schedule/playoff-series/1993/series-j/islanders-vs-penguins,2,4,5,3
19921993,3,N,/schedule/playoff-series/1993/series-n/kings-vs-mapleleafs,26,4,10,3
19921993,3,M,/schedule/playoff-series/1993/series-m/islanders-vs-canadiens,2,1,8,4
19921993,4,O,/schedule/playoff-series/1993/series-o/kings-vs-canadiens,26,1,8,4
19931994,1,E,/schedule/playoff-series/1994/series-e/sharks-vs-redwings,28,4,17,3
19931994,1,F,/schedule/playoff-series/1994/series-f/canucks-vs-flames,23,4,20,3
19931994,1,A,/schedule/playoff-series/1994/series-a/islanders-vs-rangers,2,0,3,4
19931994,1,B,/schedule/playoff-series/1994/series-b/capitals-vs-penguins,15,4,5,2
19931994,1,G,/schedule/playoff-series/1994/series-g/blackhawks-vs-mapleleafs,16,2,10,4
19931994,1,H,/schedule/playoff-series/1994/series-h/blues-vs-stars,19,0,25,4
19931994,1,C,/schedule/playoff-series/1994/series-c/sabres-vs-devils,7,3,1,4
19931994,1,D,/schedule/playoff-series/1994/series-d/canadiens-vs-bruins,8,3,6,4
19931994,2,K,/schedule/playoff-series/1994/series-k/sharks-vs-mapleleafs,28,3,10,4
19931994,2,L,/schedule/playoff-series/1994/series-l/canucks-vs-stars,23,4,25,1
19931994,2,I,/schedule/playoff-series/1994/series-i/capitals-vs-rangers,15,1,3,4
19931994,2,J,/schedule/playoff-series/1994/series-j/bruins-vs-devils,6,2,1,4
19931994,3,N,/schedule/playoff-series/1994/series-n/canucks-vs-mapleleafs,23,4,10,1
19931994,3,M,/schedule/playoff-series/1994/series-m/devils-vs-rangers,1,3,3,4
19931994,4,O,/schedule/playoff-series/1994/series-o/canucks-vs-rangers,23,3,3,4
19941995,1,E,/schedule/playoff-series/1995/series-e/stars-vs-redwings,25,1,17,4
19941995,1,F,/schedule/playoff-series/1995/series-f/sharks-vs-flames,28,4,20,3
19941995,1,A,/schedule/playoff-series/1995/series-a/rangers-vs-nordiques,3,4,32,2
19941995,1,B,/schedule/playoff-series/1995/series-b/sabres-vs-flyers,7,1,4,4
19941995,1,G,/schedule/playoff-series/1995/series-g/canucks-vs-blues,23,4,19,3
19941995,1,H,/schedule/playoff-series/1995/series-h/mapleleafs-vs-blackhawks,10,3,16,4
19941995,1,C,/schedule/playoff-series/1995/series-c/capitals-vs-penguins,15,3,5,4
19941995,1,D,/schedule/playoff-series/1995/series-d/devils-vs-bruins,1,4,6,1
19941995,2,K,/schedule/playoff-series/1995/series-k/sharks-vs-redwings,28,0,17,4
19941995,2,L,/schedule/playoff-series/1995/series-l/canucks-vs-blackhawks,23,0,16,4
19941995,2,I,/schedule/playoff-series/1995/series-i/rangers-vs-flyers,3,0,4,4
19941995,2,J,/schedule/playoff-series/1995/series-j/devils-vs-penguins,1,4,5,1
19941995,3,N,/schedule/playoff-series/1995/series-n/blackhawks-vs-redwings,16,1,17,4
19941995,3,M,/schedule/playoff-series/1995/series-m/devils-vs-flyers,1,4,4,2
19941995,4,O,/schedule/playoff-series/1995/series-o/devils-vs-redwings,1,4,17,0
19951996,1,E,/schedule/playoff-series/1996/series-e/jets(1979)-vs-redwings,33,2,17,4
19951996,1,F,/schedule/playoff-series/1996/series-f/canucks-vs-avalanche,23,2,21,4
19951996,1,A,/schedule/playoff-series/1996/series-a/lightning-vs-flyers,14,2,4,4
19951996,1,B,/schedule/playoff-series/1996/series-b/capitals-vs-penguins,15,2,5,4
19951996,1,G,/schedule/playoff-series/1996/series-g/flames-vs-blackhawks,20,0,16,4
19951996,1,H,/schedule/playoff-series/1996/series-h/blues-vs-mapleleafs,19,4,10,2
19951996,1,C,/schedule/playoff-series/1996/series-c/canadiens-vs-rangers,8,2,3,4
19951996,1,D,/schedule/playoff-series/1996/series-d/bruins-vs-panthers,6,1,13,4
19951996,2,K,/schedule/playoff-series/1996/series-k/blues-vs-redwings,19,3,17,4
19951996,2,L,/schedule/playoff-series/1996/series-l/blackhawks-vs-avalanche,16,2,21,4
19951996,2,I,/schedule/playoff-series/1996/series-i/panthers-vs-flyers,13,4,4,2
19951996,2,J,/schedule/playoff-series/1996/series-j/rangers-vs-penguins,3,1,5,4
19951996,3,N,/schedule/playoff-series/1996/series-n/avalanche-vs-redwings,21,4,17,2
19951996,3,M,/schedule/playoff-series/1996/series-m/panthers-vs-penguins,13,4,5,3
19951996,4,O,/schedule/playoff-series/1996/series-o/panthers-vs-avalanche,13,0,21,4
19961997,1,E,/schedule/playoff-series/1997/series-e/blackhawks-vs-avalanche,16,2,21,4
19961997,1,F,/schedule/playoff-series/1997/series-f/oilers-vs-stars,22,4,25,3
19961997,1,A,/schedule/playoff-series/1997/series-a/canadiens-vs-devils,8,1,1,4
19961997,1,B,/schedule/playoff-series/1997/series-b/senators-vs-sabres,9,3,7,4
19961997,1,G,/schedule/playoff-series/1997/series-g/blues-vs-redwings,19,2,17,4
19961997,1,H,/schedule/playoff-series/1997/series-h/coyotes-vs-ducks,27,3,24,4
19961997,1,C,/schedule/playoff-series/1997/series-c/penguins-vs-flyers,5,1,4,4
19961997,1,D,/schedule/playoff-series/1997/series-d/rangers-vs-panthers,3,4,13,1
19961997,2,K,/schedule/playoff-series/1997/series-k/oilers-vs-avalanche,22,1,21,4
19961997,2,L,/schedule/playoff-series/1997/series-l/ducks-vs-redwings,24,0,17,4
19961997,2,I,/schedule/playoff-series/1997/series-i/rangers-vs-devils,3,4,1,1
19961997,2,J,/schedule/playoff-series/1997/series-j/flyers-vs-sabres,4,4,7,1
19961997,3,N,/schedule/playoff-series/1997/series-n/redwings-vs-avalanche,17,4,21,2
19961997,3,M,/schedule/playoff-series/1997/series-m/rangers-vs-flyers,3,1,4,4
19961997,4,O,/schedule/playoff-series/1997/series-o/redwings-vs-flyers,17,4,4,0
19971998,1,E,/schedule/playoff-series/1998/series-e/sharks-vs-stars,28,2,25,4
19971998,1,F,/schedule/playoff-series/1998/series-f/oilers-vs-avalanche,22,4,21,3
19971998,1,A,/schedule/playoff-series/1998/series-a/senators-vs-devils,9,4,1,2
19971998,1,B,/schedule/playoff-series/1998/series-b/canadiens-vs-penguins,8,4,5,2
19971998,1,G,/schedule/playoff-series/1998/series-g/coyotes-vs-redwings,27,2,17,4
19971998,1,H,/schedule/playoff-series/1998/series-h/kings-vs-blues,26,0,19,4
19971998,1,C,/schedule/playoff-series/1998/series-c/sabres-vs-flyers,7,4,4,1
19971998,1,D,/schedule/playoff-series/1998/series-d/bruins-vs-capitals,6,2,15,4
19971998,2,K,/schedule/playoff-series/1998/series-k/oilers-vs-stars,22,1,25,4
19971998,2,L,/schedule/playoff-series/1998/series-l/blues-vs-redwings,19,2,17,4
19971998,2,I,/schedule/playoff-series/1998/series-i/senators-vs-capitals,9,1,15,4
19971998,2,J,/schedule/playoff-series/1998/series-j/canadiens-vs-sabres,8,0,7,4
19971998,3,N,/schedule/playoff-series/1998/series-n/redwings-vs-stars,17,4,25,2
19971998,3,M,/schedule/playoff-series/1998/series-m/sabres-vs-capitals,7,2,15,4
19971998,4,O,/schedule/playoff-series/1998/series-o/capitals-vs-redwings,15,0,17,4
19981999,1,E,/schedule/playoff-series/1999/series-e/oilers-vs-stars,22,0,25,4
19981999,1,F,/schedule/playoff-series/1999/series-f/avalanche-vs-sharks,21,4,28,2
19981999,1,A,/schedule/playoff-series/1999/series-a/penguins-vs-devils,5,4,1,3
19981999,1,B,/schedule/playoff-series/1999/series-b/sabres-vs-senators,7,4,9,0
19981999,1,G,/schedule/playoff-series/1999/series-g/ducks-vs-redwings,24,0,17,4
19981999,1,H,/schedule/playoff-series/1999/series-h/blues-vs-coyotes,19,4,27,3
19981999,1,C,/schedule/playoff-series/1999/series-c/bruins-vs-hurricanes,6,4,12,2
19981999,1,D,/schedule/playoff-series/1999/series-d/flyers-vs-mapleleafs,4,2,10,4
19981999,2,K,/schedule/playoff-series/1999/series-k/blues-vs-stars,19,2,25,4
19981999,2,L,/schedule/playoff-series/1999/series-l/redwings-vs-avalanche,17,2,21,4
19981999,2,I,/schedule/playoff-series/1999/series-i/penguins-vs-mapleleafs,5,2,10,4
19981999,2,J,/schedule/playoff-series/1999/series-j/sabres-vs-bruins,7,4,6,2
19981999,3,N,/schedule/playoff-series/1999/series-n/avalanche-vs-stars,21,3,25,4
19981999,3,M,/schedule/playoff-series/1999/series-m/sabres-vs-mapleleafs,7,4,10,1
19981999,4,O,/schedule/playoff-series/1999/series-o/sabres-vs-stars,7,2,25,4
19992000,1,E,/schedule/playoff-series/2000/series-e/sharks-vs-blues,28,4,19,3
19992000,1,F,/schedule/playoff-series/2000/series-f/oilers-vs-stars,22,1,25,4
19992000,1,A,/schedule/playoff-series/2000/series-a/sabres-vs-flyers,7,1,4,4
19992000,1,B,/schedule/playoff-series/2000/series-b/penguins-vs-capitals,5,4,15,1
19992000,1,G,/schedule/playoff-series/2000/series-g/coyotes-vs-avalanche,27,1,21,4
19992000,1,H,/schedule/playoff-series/2000/series-h/kings-vs-redwings,26,0,17,4
19992000,1,C,/schedule/playoff-series/2000/series-c/senators-vs-mapleleafs,9,2,10,4
19992000,1,D,/schedule/playoff-series/2000/series-d/panthers-vs-devils,13,0,1,4
19992000,2,K,/schedule/playoff-series/2000/series-k/sharks-vs-stars,28,1,25,4
19992000,2,L,/schedule/playoff-series/2000/series-l/redwings-vs-avalanche,17,1,21,4
19992000,2,I,/schedule/playoff-series/2000/series-i/penguins-vs-flyers,5,2,4,4
19992000,2,J,/schedule/playoff-series/2000/series-j/devils-vs-mapleleafs,1,4,10,2
19992000,3,N,/schedule/playoff-series/2000/series-n/avalanche-vs-stars,21,3,25,4
19992000,3,M,/schedule/playoff-series/2000/series-m/devils-vs-flyers,1,4,4,3
19992000,4,O,/schedule/playoff-series/2000/series-o/stars-vs-devils,25,2,1,4
20002001,1,E,/schedule/playoff-series/2001/series-e/canucks-vs-avalanche,23,0,21,4
20002001,1,F,/schedule/playoff-series/2001/series-f/kings-vs-redwings,26,4,17,2
20002001,1,A,/schedule/playoff-series/2001/series-a/hurricanes-vs-devils,12,2,1,4
20002001,1,B,/schedule/playoff-series/2001/series-b/mapleleafs-vs-senators,10,4,9,0
20002001,1,G,/schedule/playoff-series/2001/series-g/oilers-vs-stars,22,2,25,4
20002001,1,H,/schedule/playoff-series/2001/series-h/sharks-vs-blues,28,2,19,4
20002001,1,C,/schedule/playoff-series/2001/series-c/penguins-vs-capitals,5,4,15,2
20002001,1,D,/schedule/playoff-series/2001/series-d/sabres-vs-flyers,7,4,4,2
20002001,2,K,/schedule/playoff-series/2001/series-k/kings-vs-avalanche,26,3,21,4
20002001,2,L,/schedule/playoff-series/2001/series-l/blues-vs-stars,19,4,25,0
20002001,2,I,/schedule/playoff-series/2001/series-i/mapleleafs-vs-devils,10,3,1,4
20002001,2,J,/schedule/playoff-series/2001/series-j/penguins-vs-sabres,5,4,7,3
20002001,3,N,/schedule/playoff-series/2001/series-n/blues-vs-avalanche,19,1,21,4
20002001,3,M,/schedule/playoff-series/2001/series-m/penguins-vs-devils,5,1,1,4
20002001,4,O,/schedule/playoff-series/2001/series-o/devils-vs-avalanche,1,3,21,4
20012002,1,E,/schedule/playoff-series/2002/series-e/canucks-vs-redwings,23,2,17,4
20012002,1,F,/schedule/playoff-series/2002/series-f/kings-vs-avalanche,26,3,21,4
20012002,1,A,/schedule/playoff-series/2002/series-a/canadiens-vs-bruins,8,4,6,2
20012002,1,B,/schedule/playoff-series/2002/series-b/senators-vs-flyers,9,4,4,1
20012002,1,G,/schedule/playoff-series/2002/series-g/coyotes-vs-sharks,27,1,28,4
20012002,1,H,/schedule/playoff-series/2002/series-h/blackhawks-vs-blues,16,1,19,4
20012002,1,C,/schedule/playoff-series/2002/series-c/devils-vs-hurricanes,1,2,12,4
20012002,1,D,/schedule/playoff-series/2002/series-d/islanders-vs-mapleleafs,2,3,10,4
20012002,2,K,/schedule/playoff-series/2002/series-k/blues-vs-redwings,19,1,17,4
20012002,2,L,/schedule/playoff-series/2002/series-l/sharks-vs-avalanche,28,3,21,4
20012002,2,I,/schedule/playoff-series/2002/series-i/canadiens-vs-hurricanes,8,2,12,4
20012002,2,J,/schedule/playoff-series/2002/series-j/senators-vs-mapleleafs,9,3,10,4
20012002,3,N,/schedule/playoff-series/2002/series-n/avalanche-vs-redwings,21,3,17,4
20012002,3,M,/schedule/playoff-series/2002/series-m/mapleleafs-vs-hurricanes,10,2,12,4
20012002,4,O,/schedule/playoff-series/2002/series-o/hurricanes-vs-redwings,12,1,17,4
20022003,1,E,/schedule/playoff-series/2003/series-e/oilers-vs-stars,22,2,25,4
20022003,1,F,/schedule/playoff-series/2003/series-f/ducks-vs-redwings,24,4,17,0
20022003,1,A,/schedule/playoff-series/2003/series-a/islanders-vs-senators,2,1,9,4
20022003,1,B,/schedule/playoff-series/2003/series-b/bruins-vs-devils,6,1,1,4
20022003,1,G,/schedule/playoff-series/2003/series-g/wild-vs-avalanche,30,4,21,3
20022003,1,H,/schedule/playoff-series/2003/series-h/blues-vs-canucks,19,3,23,4
20022003,1,C,/schedule/playoff-series/2003/series-c/capitals-vs-lightning,15,2,14,4
20022003,1,D,/schedule/playoff-series/2003/series-d/mapleleafs-vs-flyers,10,3,4,4
20022003,2,K,/schedule/playoff-series/2003/series-k/ducks-vs-stars,24,4,25,2
20022003,2,L,/schedule/playoff-series/2003/series-l/wild-vs-canucks,30,4,23,3
20022003,2,I,/schedule/playoff-series/2003/series-i/flyers-vs-senators,4,2,9,4
20022003,2,J,/schedule/playoff-series/2003/series-j/lightning-vs-devils,14,1,1,4
20022003,3,N,/schedule/playoff-series/2003/series-n/ducks-vs-wild,24,4,30,0
20022003,3,M,/schedule/playoff-series/2003/series-m/devils-vs-senators,1,4,9,3
20022003,4,O,/schedule/playoff-series/2003/series-o/ducks-vs-devils,24,3,1,4
20032004,1,E,/schedule/playoff-series/2004/series-e/predators-vs-redwings,18,2,17,4
20032004,1,A,/schedule/playoff-series/2004/series-a/germany-vs-finland,7410,0,7404,0
20032004,1,F,/schedule/playoff-series/2004/series-f/blues-vs-sharks,19,1,28,4
20032004,1,B,/schedule/playoff-series/2004/series-b/czechrepublic-vs-sweden,7402,0,7407,0
20032004,1,A,/schedule/playoff-series/2004/series-a/islanders-vs-lightning,2,1,14,4
20032004,1,C,/schedule/playoff-series/2004/series-c/usa-vs-russia,7408,0,7406,0
20032004,1,B,/schedule/playoff-series/2004/series-b/canadiens-vs-bruins,8,4,6,3
20032004,1,D,/schedule/playoff-series/2004/series-d/slovakia-vs-canada,7409,0,7401,0
20032004,1,G,/schedule/playoff-series/2004/series-g/flames-vs-canucks,20,4,23,3
20032004,1,H,/schedule/playoff-series/2004/series-h/stars-vs-avalanche,25,1,21,4
20032004,1,C,/schedule/playoff-series/2004/series-c/devils-vs-flyers,1,1,4,4
20032004,1,D,/schedule/playoff-series/2004/series-d/senators-vs-mapleleafs,9,3,10,4
20032004,2,E,/schedule/playoff-series/2004/series-e/usa-vs-finland,7408,0,7404,0
20032004,2,F,/schedule/playoff-series/2004/series-f/czechrepublic-vs-canada,7402,0,7401,0
20032004,2,K,/schedule/playoff-series/2004/series-k/flames-vs-redwings,20,4,17,2
20032004,2,L,/schedule/playoff-series/2004/series-l/avalanche-vs-sharks,21,2,28,4
20032004,2,I,/schedule/playoff-series/2004/series-i/canadiens-vs-lightning,8,0,14,4
20032004,2,J,/schedule/playoff-series/2004/series-j/mapleleafs-vs-flyers,10,2,4,4
20032004,3,G,/schedule/playoff-series/2004/series-g/finland-vs-canada,7404,0,7401,0
20032004,3,N,/schedule/playoff-series/2004/series-n/flames-vs-sharks,20,4,28,2
20032004,3,M,/schedule/playoff-series/2004/series-m/flyers-vs-lightning,4,3,14,4
20032004,4,O,/schedule/playoff-series/2004/series-o/flames-vs-lightning,20,3,14,4
20052006,1,E,/schedule/playoff-series/2006/series-e/oilers-vs-redwings,22,4,17,2
20052006,1,F,/schedule/playoff-series/2006/series-f/avalanche-vs-stars,21,4,25,1
20052006,1,A,/schedule/playoff-series/2006/series-a/lightning-vs-senators,14,1,9,4
20052006,1,B,/schedule/playoff-series/2006/series-b/canadiens-vs-hurricanes,8,2,12,4
20052006,1,G,/schedule/playoff-series/2006/series-g/ducks-vs-flames,24,4,20,3
20052006,1,H,/schedule/playoff-series/2006/series-h/sharks-vs-predators,28,4,18,1
20052006,1,C,/schedule/playoff-series/2006/series-c/rangers-vs-devils,3,0,1,4
20052006,1,D,/schedule/playoff-series/2006/series-d/flyers-vs-sabres,4,2,7,4
20052006,2,K,/schedule/playoff-series/2006/series-k/oilers-vs-sharks,22,4,28,2
20052006,2,L,/schedule/playoff-series/2006/series-l/avalanche-vs-ducks,21,0,24,4
20052006,2,I,/schedule/playoff-series/2006/series-i/sabres-vs-senators,7,4,9,1
20052006,2,J,/schedule/playoff-series/2006/series-j/devils-vs-hurricanes,1,1,12,4
20052006,3,N,/schedule/playoff-series/2006/series-n/oilers-vs-ducks,22,4,24,1
20052006,3,M,/schedule/playoff-series/2006/series-m/sabres-vs-hurricanes,7,3,12,4
20052006,4,O,/schedule/playoff-series/2006/series-o/oilers-vs-hurricanes,22,3,12,4
20062007,1,E,/schedule/playoff-series/2007/series-e/flames-vs-redwings,20,2,17,4
20062007,1,F,/schedule/playoff-series/2007/series-f/wild-vs-ducks,30,1,24,4
20062007,1,A,/schedule/playoff-series/2007/series-a/islanders-vs-sabres,2,1,7,4
20062007,1,B,/schedule/playoff-series/2007/series-b/lightning-vs-devils,14,2,1,4
20062007,1,G,/schedule/playoff-series/2007/series-g/stars-vs-canucks,25,3,23,4
20062007,1,H,/schedule/playoff-series/2007/series-h/sharks-vs-predators,28,4,18,1
20062007,1,C,/schedule/playoff-series/2007/series-c/rangers-vs-thrashers,3,4,11,0
20062007,1,D,/schedule/playoff-series/2007/series-d/penguins-vs-senators,5,1,9,4
20062007,2,K,/schedule/playoff-series/2007/series-k/sharks-vs-redwings,28,2,17,4
20062007,2,L,/schedule/playoff-series/2007/series-l/canucks-vs-ducks,23,1,24,4
20062007,2,I,/schedule/playoff-series/2007/series-i/rangers-vs-sabres,3,2,7,4
20062007,2,J,/schedule/playoff-series/2007/series-j/senators-vs-devils,9,4,1,1
20062007,3,N,/schedule/playoff-series/2007/series-n/ducks-vs-redwings,24,4,17,2
20062007,3,M,/schedule/playoff-series/2007/series-m/senators-vs-sabres,9,4,7,1
20062007,4,O,/schedule/playoff-series/2007/series-o/senators-vs-ducks,9,1,24,4
20072008,1,E,/schedule/playoff-series/2008/series-e/predators-vs-redwings,18,2,17,4
20072008,1,F,/schedule/playoff-series/2008/series-f/flames-vs-sharks,20,3,28,4
20072008,1,A,/schedule/playoff-series/2008/series-a/bruins-vs-canadiens,6,3,8,4
20072008,1,B,/schedule/playoff-series/2008/series-b/senators-vs-penguins,9,0,5,4
20072008,1,G,/schedule/playoff-series/2008/series-g/avalanche-vs-wild,21,4,30,2
20072008,1,H,/schedule/playoff-series/2008/series-h/stars-vs-ducks,25,4,24,2
20072008,1,C,/schedule/playoff-series/2008/series-c/flyers-vs-capitals,4,4,15,3
20072008,1,D,/schedule/playoff-series/2008/series-d/rangers-vs-devils,3,4,1,1
20072008,2,K,/schedule/playoff-series/2008/series-k/avalanche-vs-redwings,21,0,17,4
20072008,2,L,/schedule/playoff-series/2008/series-l/stars-vs-sharks,25,4,28,2
20072008,2,I,/schedule/playoff-series/2008/series-i/flyers-vs-canadiens,4,4,8,1
20072008,2,J,/schedule/playoff-series/2008/series-j/rangers-vs-penguins,3,1,5,4
20072008,3,N,/schedule/playoff-series/2008/series-n/stars-vs-redwings,25,2,17,4
20072008,3,M,/schedule/playoff-series/2008/series-m/flyers-vs-penguins,4,1,5,4
20072008,4,O,/schedule/playoff-series/2008/series-o/penguins-vs-redwings,5,2,17,4
20082009,1,E,/schedule/playoff-series/2009/series-e/ducks-vs-sharks,24,4,28,2
20082009,1,F,/schedule/playoff-series/2009/series-f/bluejackets-vs-redwings,29,0,17,4
20082009,1,A,/schedule/playoff-series/2009/series-a/canadiens-vs-bruins,8,0,6,4
20082009,1,B,/schedule/playoff-series/2009/series-b/rangers-vs-capitals,3,3,15,4
20082009,1,G,/schedule/playoff-series/2009/series-g/blues-vs-canucks,19,0,23,4
20082009,1,H,/schedule/playoff-series/2009/series-h/flames-vs-blackhawks,20,2,16,4
20082009,1,C,/schedule/playoff-series/2009/series-c/hurricanes-vs-devils,12,4,1,3
20082009,1,D,/schedule/playoff-series/2009/series-d/flyers-vs-penguins,4,2,5,4
20082009,2,K,/schedule/playoff-series/2009/series-k/ducks-vs-redwings,24,3,17,4
20082009,2,L,/schedule/playoff-series/2009/series-l/blackhawks-vs-canucks,16,4,23,2
20082009,2,I,/schedule/playoff-series/2009/series-i/hurricanes-vs-bruins,12,4,6,3
20082009,2,J,/schedule/playoff-series/2009/series-j/penguins-vs-capitals,5,4,15,3
20082009,3,N,/schedule/playoff-series/2009/series-n/blackhawks-vs-redwings,16,1,17,4
20082009,3,M,/schedule/playoff-series/2009/series-m/hurricanes-vs-penguins,12,0,5,4
20082009,4,O,/schedule/playoff-series/2009/series-o/penguins-vs-redwings,5,4,17,3
20092010,1,E,/schedule/playoff-series/2010/series-e/avalanche-vs-sharks,21,2,28,4
20092010,1,F,/schedule/playoff-series/2010/series-f/predators-vs-blackhawks,18,2,16,4
20092010,1,A,/schedule/playoff-series/2010/series-a/canadiens-vs-capitals,8,4,15,3
20092010,1,B,/schedule/playoff-series/2010/series-b/flyers-vs-devils,4,4,1,1
20092010,1,G,/schedule/playoff-series/2010/series-g/kings-vs-canucks,26,2,23,4
20092010,1,H,/schedule/playoff-series/2010/series-h/redwings-vs-coyotes,17,4,27,3
20092010,1,C,/schedule/playoff-series/2010/series-c/bruins-vs-sabres,6,4,7,2
20092010,1,D,/schedule/playoff-series/2010/series-d/senators-vs-penguins,9,2,5,4
20092010,2,K,/schedule/playoff-series/2010/series-k/redwings-vs-sharks,17,1,28,4
20092010,2,L,/schedule/playoff-series/2010/series-l/canucks-vs-blackhawks,23,2,16,4
20092010,2,I,/schedule/playoff-series/2010/series-i/canadiens-vs-penguins,8,4,5,3
20092010,2,J,/schedule/playoff-series/2010/series-j/flyers-vs-bruins,4,4,6,3
20092010,3,N,/schedule/playoff-series/2010/series-n/blackhawks-vs-sharks,16,4,28,0
20092010,3,M,/schedule/playoff-series/2010/series-m/canadiens-vs-flyers,8,1,4,4
20092010,4,O,/schedule/playoff-series/2010/series-o/flyers-vs-blackhawks,4,2,16,4
20102011,1,E,/schedule/playoff-series/2011/series-e/blackhawks-vs-canucks,16,3,23,4
20102011,1,F,/schedule/playoff-series/2011/series-f/kings-vs-sharks,26,2,28,4
20102011,1,A,/schedule/playoff-series/2011/series-a/rangers-vs-capitals,3,1,15,4
20102011,1,B,/schedule/playoff-series/2011/series-b/sabres-vs-flyers,7,3,4,4
20102011,1,G,/schedule/playoff-series/2011/series-g/coyotes-vs-redwings,27,0,17,4
20102011,1,H,/schedule/playoff-series/2011/series-h/predators-vs-ducks,18,4,24,2
20102011,1,C,/schedule/playoff-series/2011/series-c/canadiens-vs-bruins,8,3,6,4
20102011,1,D,/schedule/playoff-series/2011/series-d/lightning-vs-penguins,14,4,5,3
20102011,2,K,/schedule/playoff-series/2011/series-k/predators-vs-canucks,18,2,23,4
20102011,2,L,/schedule/playoff-series/2011/series-l/redwings-vs-sharks,17,3,28,4
20102011,2,I,/schedule/playoff-series/2011/series-i/lightning-vs-capitals,14,4,15,0
20102011,2,J,/schedule/playoff-series/2011/series-j/bruins-vs-flyers,6,4,4,0
20102011,3,N,/schedule/playoff-series/2011/series-n/sharks-vs-canucks,28,1,23,4
20102011,3,M,/schedule/playoff-series/2011/series-m/lightning-vs-bruins,14,3,6,4
20102011,4,O,/schedule/playoff-series/2011/series-o/bruins-vs-canucks,6,4,23,3
20112012,1,E,/schedule/playoff-series/2012/series-e/kings-vs-canucks,26,4,23,1
20112012,1,F,/schedule/playoff-series/2012/series-f/sharks-vs-blues,28,1,19,4
20112012,1,A,/schedule/playoff-series/2012/series-a/senators-vs-rangers,9,3,3,4
20112012,1,B,/schedule/playoff-series/2012/series-b/capitals-vs-bruins,15,4,6,3
20112012,1,G,/schedule/playoff-series/2012/series-g/blackhawks-vs-coyotes,16,2,27,4
20112012,1,H,/schedule/playoff-series/2012/series-h/redwings-vs-predators,17,1,18,4
20112012,1,C,/schedule/playoff-series/2012/series-c/devils-vs-panthers,1,4,13,3
20112012,1,D,/schedule/playoff-series/2012/series-d/flyers-vs-penguins,4,4,5,2
20112012,2,K,/schedule/playoff-series/2012/series-k/kings-vs-blues,26,4,19,0
20112012,2,L,/schedule/playoff-series/2012/series-l/predators-vs-coyotes,18,1,27,4
20112012,2,I,/schedule/playoff-series/2012/series-i/capitals-vs-rangers,15,3,3,4
20112012,2,J,/schedule/playoff-series/2012/series-j/devils-vs-flyers,1,4,4,1
20112012,3,N,/schedule/playoff-series/2012/series-n/kings-vs-coyotes,26,4,27,1
20112012,3,M,/schedule/playoff-series/2012/series-m/devils-vs-rangers,1,4,3,2
20112012,4,O,/schedule/playoff-series/2012/series-o/kings-vs-devils,26,4,1,2
20122013,1,E,/schedule/playoff-series/2013/series-e/wild-vs-blackhawks,30,1,16,4
20122013,1,F,/schedule/playoff-series/2013/series-f/redwings-vs-ducks,17,4,24,3
20122013,1,A,/schedule/playoff-series/2013/series-a/islanders-vs-penguins,2,2,5,4
20122013,1,B,/schedule/playoff-series/2013/series-b/senators-vs-canadiens,9,4,8,1
20122013,1,G,/schedule/playoff-series/2013/series-g/sharks-vs-canucks,28,4,23,0
20122013,1,H,/schedule/playoff-series/2013/series-h/kings-vs-blues,26,4,19,2
20122013,1,C,/schedule/playoff-series/2013/series-c/rangers-vs-capitals,3,4,15,3
20122013,1,D,/schedule/playoff-series/2013/series-d/mapleleafs-vs-bruins,10,3,6,4
20122013,2,K,/schedule/playoff-series/2013/series-k/redwings-vs-blackhawks,17,3,16,4
20122013,2,L,/schedule/playoff-series/2013/series-l/sharks-vs-kings,28,3,26,4
20122013,2,I,/schedule/playoff-series/2013/series-i/senators-vs-penguins,9,1,5,4
20122013,2,J,/schedule/playoff-series/2013/series-j/rangers-vs-bruins,3,1,6,4
20122013,3,N,/schedule/playoff-series/2013/series-n/kings-vs-blackhawks,26,1,16,4
20122013,3,M,/schedule/playoff-series/2013/series-m/bruins-vs-penguins,6,4,5,0
20122013,4,O,/schedule/playoff-series/2013/series-o/bruins-vs-blackhawks,6,2,16,4
20132014,1,E,/schedule/playoff-series/2014/series-e/wild-vs-avalanche,30,4,21,3
20132014,1,F,/schedule/playoff-series/2014/series-f/blackhawks-vs-blues,16,4,19,2
20132014,1,A,/schedule/playoff-series/2014/series-a/redwings-vs-bruins,17,1,6,4
20132014,1,B,/schedule/playoff-series/2014/series-b/canadiens-vs-lightning,8,4,14,0
20132014,1,G,/schedule/playoff-series/2014/series-g/stars-vs-ducks,25,2,24,4
20132014,1,H,/schedule/playoff-series/2014/series-h/kings-vs-sharks,26,4,28,3
20132014,1,C,/schedule/playoff-series/2014/series-c/bluejackets-vs-penguins,29,2,5,4
20132014,1,D,/schedule/playoff-series/2014/series-d/flyers-vs-rangers,4,3,3,4
20132014,2,K,/schedule/playoff-series/2014/series-k/wild-vs-blackhawks,30,2,16,4
20132014,2,L,/schedule/playoff-series/2014/series-l/kings-vs-ducks,26,4,24,3
20132014,2,I,/schedule/playoff-series/2014/series-i/canadiens-vs-bruins,8,4,6,3
20132014,2,J,/schedule/playoff-series/2014/series-j/rangers-vs-penguins,3,4,5,3
20132014,3,N,/schedule/playoff-series/2014/series-n/kings-vs-blackhawks,26,4,16,3
20132014,3,M,/schedule/playoff-series/2014/series-m/rangers-vs-canadiens,3,4,8,2
20132014,4,O,/schedule/playoff-series/2014/series-o/rangers-vs-kings,3,1,26,4
20142015,1,E,/schedule/playoff-series/2015/series-e/wild-vs-blues,30,4,19,2
20142015,1,F,/schedule/playoff-series/2015/series-f/blackhawks-vs-predators,16,4,18,2
20142015,1,A,/schedule/playoff-series/2015/series-a/senators-vs-canadiens,9,2,8,4
20142015,1,B,/schedule/playoff-series/2015/series-b/redwings-vs-lightning,17,3,14,4
20142015,1,G,/schedule/playoff-series/2015/series-g/jets-vs-ducks,52,0,24,4
20142015,1,H,/schedule/playoff-series/2015/series-h/flames-vs-canucks,20,4,23,2
20142015,1,C,/schedule/playoff-series/2015/series-c/penguins-vs-rangers,5,1,3,4
20142015,1,D,/schedule/playoff-series/2015/series-d/islanders-vs-capitals,2,3,15,4
20142015,2,K,/schedule/playoff-series/2015/series-k/wild-vs-blackhawks,30,0,16,4
20142015,2,L,/schedule/playoff-series/2015/series-l/flames-vs-ducks,20,1,24,4
20142015,2,I,/schedule/playoff-series/2015/series-i/lightning-vs-canadiens,14,4,8,2
20142015,2,J,/schedule/playoff-series/2015/series-j/capitals-vs-rangers,15,3,3,4
20142015,3,N,/schedule/playoff-series/2015/series-n/blackhawks-vs-ducks,16,4,24,3
20142015,3,M,/schedule/playoff-series/2015/series-m/lightning-vs-rangers,14,4,3,3
20142015,4,O,/schedule/playoff-series/2015/series-o/blackhawks-vs-lightning,16,4,14,2
20152016,1,E,/schedule/playoff-series/2016/series-e/wild-vs-stars,30,2,25,4
20152016,1,F,/schedule/playoff-series/2016/series-f/blackhawks-vs-blues,16,3,19,4
20152016,1,A,/schedule/playoff-series/2016/series-a/islanders-vs-panthers,2,4,13,2
20152016,1,B,/schedule/playoff-series/2016/series-b/redwings-vs-lightning,17,1,14,4
20152016,1,G,/schedule/playoff-series/2016/series-g/predators-vs-ducks,18,4,24,3
20152016,1,H,/schedule/playoff-series/2016/series-h/sharks-vs-kings,28,4,26,1
20152016,1,C,/schedule/playoff-series/2016/series-c/flyers-vs-capitals,4,2,15,4
20152016,1,D,/schedule/playoff-series/2016/series-d/rangers-vs-penguins,3,1,5,4
20152016,2,K,/schedule/playoff-series/2016/series-k/blues-vs-stars,19,4,25,3
20152016,2,L,/schedule/playoff-series/2016/series-l/predators-vs-sharks,18,3,28,4
20152016,2,I,/schedule/playoff-series/2016/series-i/islanders-vs-lightning,2,1,14,4
20152016,2,J,/schedule/playoff-series/2016/series-j/penguins-vs-capitals,5,4,15,2
20152016,3,N,/schedule/playoff-series/2016/series-n/sharks-vs-blues,28,4,19,2
20152016,3,M,/schedule/playoff-series/2016/series-m/lightning-vs-penguins,14,3,5,4
20152016,4,O,/schedule/playoff-series/2016/series-o/sharks-vs-penguins,28,2,5,4
20162017,1,E,/schedule/playoff-series/2017/series-e/predators-vs-blackhawks,18,4,16,0
20162017,1,X,/schedule/playoff-series/2017/series-x/russia-vs-canada,7406,0,7401,0
20162017,1,F,/schedule/playoff-series/2017/series-f/blues-vs-wild,19,4,30,1
20162017,1,Y,/schedule/playoff-series/2017/series-y/europe-vs-sweden,7403,0,7407,0
20162017,1,A,/schedule/playoff-series/2017/series-a/rangers-vs-canadiens,3,4,8,2
20162017,1,B,/schedule/playoff-series/2017/series-b/bruins-vs-senators,6,2,9,4
20162017,1,G,/schedule/playoff-series/2017/series-g/flames-vs-ducks,20,0,24,4
20162017,1,H,/schedule/playoff-series/2017/series-h/sharks-vs-oilers,28,2,22,4
20162017,1,C,/schedule/playoff-series/2017/series-c/mapleleafs-vs-capitals,10,2,15,4
20162017,1,D,/schedule/playoff-series/2017/series-d/bluejackets-vs-penguins,29,1,5,4
20162017,2,Z,/schedule/playoff-series/2017/series-z/europe-vs-canada,7403,0,7401,0
20162017,2,K,/schedule/playoff-series/2017/series-k/predators-vs-blues,18,4,19,2
20162017,2,L,/schedule/playoff-series/2017/series-l/oilers-vs-ducks,22,3,24,4
20162017,2,I,/schedule/playoff-series/2017/series-i/rangers-vs-senators,3,2,9,4
20162017,2,J,/schedule/playoff-series/2017/series-j/penguins-vs-capitals,5,4,15,3
20162017,3,N,/schedule/playoff-series/2017/series-n/predators-vs-ducks,18,4,24,2
20162017,3,M,/schedule/playoff-series/2017/series-m/senators-vs-penguins,9,3,5,4
20162017,4,O,/schedule/playoff-series/2017/series-o/predators-vs-penguins,18,2,5,4
20172018,1,E,/schedule/playoff-series/2018/series-e/avalanche-vs-predators,21,2,18,4
20172018,1,F,/schedule/playoff-series/2018/series-f/wild-vs-jets,30,1,52,4
20172018,1,A,/schedule/playoff-series/2018/series-a/devils-vs-lightning,1,1,14,4
20172018,1,B,/schedule/playoff-series/2018/series-b/mapleleafs-vs-bruins,10,3,6,4
20172018,1,G,/schedule/playoff-series/2018/series-g/kings-vs-goldenknights,26,0,54,4
20172018,1,H,/schedule/playoff-series/2018/series-h/sharks-vs-ducks,28,4,24,0
20172018,1,C,/schedule/playoff-series/2018/series-c/bluejackets-vs-capitals,29,2,15,4
20172018,1,D,/schedule/playoff-series/2018/series-d/flyers-vs-penguins,4,2,5,4
20172018,2,K,/schedule/playoff-series/2018/series-k/jets-vs-predators,52,4,18,3
20172018,2,L,/schedule/playoff-series/2018/series-l/sharks-vs-goldenknights,28,2,54,4
20172018,2,I,/schedule/playoff-series/2018/series-i/bruins-vs-lightning,6,1,14,4
20172018,2,J,/schedule/playoff-series/2018/series-j/penguins-vs-capitals,5,2,15,4
20172018,3,N,/schedule/playoff-series/2018/series-n/goldenknights-vs-jets,54,4,52,1
20172018,3,M,/schedule/playoff-series/2018/series-m/capitals-vs-lightning,15,4,14,3
20172018,4,O,/schedule/playoff-series/2018/series-o/capitals-vs-goldenknights,15,4,54,1
20182019,1,E,/schedule/playoff-series/2019/series-e/stars-vs-predators,25,4,18,2
20182019,1,F,/schedule/playoff-series/2019/series-f/blues-vs-jets,19,4,52,2
20182019,1,A,/schedule/playoff-series/2019/series-a/bluejackets-vs-lightning,29,4,14,0
20182019,1,B,/schedule/playoff-series/2019/series-b/mapleleafs-vs-bruins,10,3,6,4
20182019,1,G,/schedule/playoff-series/2019/series-g/avalanche-vs-flames,21,4,20,1
20182019,1,H,/schedule/playoff-series/2019/series-h/goldenknights-vs-sharks,54,3,28,4
20182019,1,C,/schedule/playoff-series/2019/series-c/hurricanes-vs-capitals,12,4,15,3
20182019,1,D,/schedule/playoff-series/2019/series-d/penguins-vs-islanders,5,0,2,4
20182019,2,K,/schedule/playoff-series/2019/series-k/stars-vs-blues,25,3,19,4
20182019,2,L,/schedule/playoff-series/2019/series-l/avalanche-vs-sharks,21,3,28,4
20182019,2,I,/schedule/playoff-series/2019/series-i/bluejackets-vs-bruins,29,2,6,4
20182019,2,J,/schedule/playoff-series/2019/series-j/hurricanes-vs-islanders,12,4,2,0
20182019,3,N,/schedule/playoff-series/2019/series-n/blues-vs-sharks,19,4,28,2
20182019,3,M,/schedule/playoff-series/2019/series-m/hurricanes-vs-bruins,12,0,6,4
20182019,4,O,/schedule/playoff-series/2019/series-o/blues-vs-bruins,19,4,6,3
20192020,0,S,/schedule/playoff-series/2020/series-s/canadiens-vs-penguins,8,3,5,1
20192020,0,T,/schedule/playoff-series/2020/series-t/rangers-vs-hurricanes,3,0,12,3
20192020,0,U,/schedule/playoff-series/2020/series-u/panthers-vs-islanders,13,1,2,3
20192020,0,V,/schedule/playoff-series/2020/series-v/bluejackets-vs-mapleleafs,29,3,10,2
20192020,0,W,/schedule/playoff-series/2020/series-w/blackhawks-vs-oilers,16,3,22,1
20192020,0,X,/schedule/playoff-series/2020/series-x/coyotes-vs-predators,53,3,18,1
20192020,0,Y,/schedule/playoff-series/2020/series-y/wild-vs-canucks,30,1,23,3
20192020,0,Z,/schedule/playoff-series/2020/series-z/jets-vs-flames,52,1,20,3
20192020,1,A,/schedule/playoff-series/2020/series-a/canadiens-vs-flyers,8,2,4,4
20192020,1,B,/schedule/playoff-series/2020/series-b/bluejackets-vs-lightning,29,1,14,4
20192020,1,C,/schedule/playoff-series/2020/series-c/islanders-vs-capitals,2,4,15,1
20192020,1,D,/schedule/playoff-series/2020/series-d/hurricanes-vs-bruins,12,1,6,4
20192020,1,E,/schedule/playoff-series/2020/series-e/blackhawks-vs-goldenknights,16,1,54,4
20192020,1,F,/schedule/playoff-series/2020/series-f/coyotes-vs-avalanche,53,1,21,4
20192020,1,G,/schedule/playoff-series/2020/series-g/flames-vs-stars,20,2,25,4
20192020,1,H,/schedule/playoff-series/2020/series-h/canucks-vs-blues,23,4,19,2
20192020,2,I,/schedule/playoff-series/2020/series-i/islanders-vs-flyers,2,4,4,3
20192020,2,J,/schedule/playoff-series/2020/series-j/bruins-vs-lightning,6,1,14,4
20192020,2,K,/schedule/playoff-series/2020/series-k/canucks-vs-goldenknights,23,3,54,4
20192020,2,L,/schedule/playoff-series/2020/series-l/stars-vs-avalanche,25,4,21,3
20192020,3,M,/schedule/playoff-series/2020/series-m/islanders-vs-lightning,2,2,14,4
20192020,3,N,/schedule/playoff-series/2020/series-n/stars-vs-goldenknights,25,4,54,1
20192020,4,O,/schedule/playoff-series/2020/series-o/stars-vs-lightning,25,2,14,4
20202021,1,A,/schedule/playoff-series/2021/series-a/islanders-vs-penguins,2,4,5,2
20202021,1,B,/schedule/playoff-series/2021/series-b/bruins-vs-capitals,6,4,15,1
20202021,1,C,/schedule/playoff-series/2021/series-c/predators-vs-hurricanes,18,2,12,4
20202021,1,D,/schedule/playoff-series/2021/series-d/lightning-vs-panthers,14,4,13,2
20202021,1,E,/schedule/playoff-series/2021/series-e/blues-vs-avalanche,19,0,21,4
20202021,1,F,/schedule/playoff-series/2021/series-f/wild-vs-goldenknights,30,3,54,4
20202021,1,G,/schedule/playoff-series/2021/series-g/canadiens-vs-mapleleafs,8,4,10,3
20202021,1,H,/schedule/playoff-series/2021/series-h/jets-vs-oilers,52,4,22,0
20202021,2,I,/schedule/playoff-series/2021/series-i/islanders-vs-bruins,2,4,6,2
20202021,2,J,/schedule/playoff-series/2021/series-j/lightning-vs-hurricanes,14,4,12,1
20202021,2,K,/schedule/playoff-series/2021/series-k/goldenknights-vs-avalanche,54,4,21,2
20202021,2,L,/schedule/playoff-series/2021/series-l/canadiens-vs-jets,8,4,52,0
20202021,3,M,/schedule/playoff-series/2021/series-m/canadiens-vs-goldenknights,8,4,54,2
20202021,3,N,/schedule/playoff-series/2021/series-n/islanders-vs-lightning,2,3,14,4
20202021,4,O,/schedule/playoff-series/2021/series-o/canadiens-vs-lightning,8,1,14,4
20212022,1,A,/schedule/playoff-series/2022/series-a/capitals-vs-panthers,15,2,13,4
20212022,1,B,/schedule/playoff-series/2022/series-b/lightning-vs-mapleleafs,14,4,10,3
20212022,1,C,/schedule/playoff-series/2022/series-c/bruins-vs-hurricanes,6,3,12,4
20212022,1,D,/schedule/playoff-series/2022/series-d/penguins-vs-rangers,5,3,3,4
20212022,1,E,/schedule/playoff-series/2022/series-e/predators-vs-avalanche,18,0,21,4
20212022,1,F,/schedule/playoff-series/2022/series-f/blues-vs-wild,19,4,30,2
20212022,1,G,/schedule/playoff-series/2022/series-g/stars-vs-flames,25,3,20,4
20212022,1,H,/schedule/playoff-series/2022/series-h/kings-vs-oilers,26,3,22,4
20212022,2,I,/schedule/playoff-series/2022/series-i/lightning-vs-panthers,14,4,13,0
20212022,2,J,/schedule/playoff-series/2022/series-j/rangers-vs-hurricanes,3,4,12,3
20212022,2,K,/schedule/playoff-series/2022/series-k/blues-vs-avalanche,19,2,21,4
20212022,2,L,/schedule/playoff-series/2022/series-l/oilers-vs-flames,22,4,20,1
20212022,3,M,/schedule/playoff-series/2022/series-m/lightning-vs-rangers,14,4,3,2
20212022,3,N,/schedule/playoff-series/2022/series-n/oilers-vs-avalanche,22,0,21,4
20212022,4,O,/schedule/playoff-series/2022/series-o/lightning-vs-avalanche,14,2,21,4
20222023,1,A,/schedule/playoff-series/2023/series-a/panthers-vs-bruins,13,4,6,3
20222023,1,B,/schedule/playoff-series/2023/series-b/lightning-vs-mapleleafs,14,2,10,4
20222023,1,C,/schedule/playoff-series/2023/series-c/islanders-vs-hurricanes,2,2,12,4
20222023,1,D,/schedule/playoff-series/2023/series-d/rangers-vs-devils,3,3,1,4
20222023,1,E,/schedule/playoff-series/2023/series-e/kraken-vs-avalanche,55,4,21,3
20222023,1,F,/schedule/playoff-series/2023/series-f/wild-vs-stars,30,2,25,4
20222023,1,G,/schedule/playoff-series/2023/series-g/jets-vs-goldenknights,52,1,54,4
20222023,1,H,/schedule/playoff-series/2023/series-h/kings-vs-oilers,26,2,22,4
20222023,2,I,/schedule/playoff-series/2023/series-i/panthers-vs-mapleleafs,13,4,10,1
20222023,2,J,/schedule/playoff-series/2023/series-j/devils-vs-hurricanes,1,1,12,4
20222023,2,K,/schedule/playoff-series/2023/series-k/kraken-vs-stars,55,3,25,4
20222023,2,L,/schedule/playoff-series/2023/series-l/oilers-vs-goldenknights,22,2,54,4
20222023,3,M,/schedule/playoff-series/2023/series-m/panthers-vs-hurricanes,13,4,12,0
20222023,3,N,/schedule/playoff-series/2023/series-n/stars-vs-goldenknights,25,2,54,4
20222023,4,O,/schedule/playoff-series/2023/series-o/panthers-vs-goldenknights,13,1,54,4
20232024,1,A,/schedule/playoff-series/2024/series-a/lightning-vs-panthers,14,1,13,4
20232024,1,B,/schedule/playoff-series/2024/series-b/mapleleafs-vs-bruins,10,3,6,4
20232024,1,C,/schedule/playoff-series/2024/series-c/capitals-vs-rangers,15,0,3,4
20232024,1,D,/schedule/playoff-series/2024/series-d/islanders-vs-hurricanes,2,1,12,4
20232024,1,E,/schedule/playoff-series/2024/series-e/goldenknights-vs-stars,54,3,25,4
20232024,1,F,/schedule/playoff-series/2024/series-f/avalanche-vs-jets,21,4,52,1
20232024,1,G,/schedule/playoff-series/2024/series-g/predators-vs-canucks,18,2,23,4
20232024,1,H,/schedule/playoff-series/2024/series-h/kings-vs-oilers,26,1,22,4
20232024,2,I,/schedule/playoff-series/2024/series-i/bruins-vs-panthers,6,2,13,4
20232024,2,J,/schedule/playoff-series/2024/series-j/hurricanes-vs-rangers,12,2,3,4
20232024,2,K,/schedule/playoff-series/2024/series-k/avalanche-vs-stars,21,2,25,4
20232024,2,L,/schedule/playoff-series/2024/series-l/oilers-vs-canucks,22,4,23,3
20232024,3,M,/schedule/playoff-series/2024/series-m/panthers-vs-rangers,13,4,3,2
20232024,3,N,/schedule/playoff-series/2024/series-n/oilers-vs-stars,22,4,25,2
20232024,4,O,/schedule/playoff-series/2024/series-o/oilers-vs-panthers,22,3,13,4
20242025,1,A,/schedule/playoff-series/2025/series-a/senators-vs-mapleleafs,9,2,10,3
20242025,1,B,/schedule/playoff-series/2025/series-b/panthers-vs-lightning,13,3,14,1
20242025,1,C,/schedule/playoff-series/2025/series-c/canadiens-vs-capitals,8,1,15,3
20242025,1,D,/schedule/playoff-series/2025/series-d/devils-vs-hurricanes,1,1,12,3
20242025,1,E,/schedule/playoff-series/2025/series-e/blues-vs-jets,19,2,52,2
20242025,1,F,/schedule/playoff-series/2025/series-f/avalanche-vs-stars,21,2,25,3
20242025,1,G,/schedule/playoff-series/2025/series-g/wild-vs-goldenknights,30,2,54,2
20242025,1,H,/schedule/playoff-series/2025/series-h/oilers-vs-kings,22,2,26,2
