season,gameId,seriesLetter,seriesLogo,neededToWin,length,awayTeamScore,homeTeamScore,gameCenterLink,seriesStatusTopSeedWins,seriesStatusBottomSeedWins,fullCoverageURL,lastPeriodType
20242025,2024030111,A,https://assets.nhle.com/logos/playoffs/png/stanley_cup_playoffs_secondary_wordmark_dark.png,4,7,2.0,6.0,/gamecenter/ott-vs-tor/2025/04/20/2024030111,1.0,0.0,,REG
20242025,2024030112,A,https://assets.nhle.com/logos/playoffs/png/stanley_cup_playoffs_secondary_wordmark_dark.png,4,7,2.0,3.0,/gamecenter/ott-vs-tor/2025/04/22/2024030112,2.0,0.0,,OT
20242025,2024030113,A,https://assets.nhle.com/logos/playoffs/png/stanley_cup_playoffs_secondary_wordmark_dark.png,4,7,3.0,2.0,/gamecenter/tor-vs-ott/2025/04/24/2024030113,3.0,0.0,,OT
20242025,2024030114,A,https://assets.nhle.com/logos/playoffs/png/stanley_cup_playoffs_secondary_wordmark_dark.png,4,7,3.0,4.0,/gamecenter/tor-vs-ott/2025/04/26/2024030114,3.0,1.0,,OT
20242025,2024030115,A,https://assets.nhle.com/logos/playoffs/png/stanley_cup_playoffs_secondary_wordmark_dark.png,4,7,4.0,0.0,/gamecenter/ott-vs-tor/2025/04/29/2024030115,3.0,2.0,,REG
20242025,2024030116,A,https://assets.nhle.com/logos/playoffs/png/stanley_cup_playoffs_secondary_wordmark_dark.png,4,7,4.0,2.0,/gamecenter/tor-vs-ott/2025/05/01/2024030116,4.0,2.0,,REG
20242025,2024030121,B,https://assets.nhle.com/logos/playoffs/png/stanley_cup_playoffs_secondary_wordmark_dark.png,4,7,6.0,2.0,/gamecenter/fla-vs-tbl/2025/04/22/2024030121,0.0,1.0,,REG
20242025,2024030122,B,https://assets.nhle.com/logos/playoffs/png/stanley_cup_playoffs_secondary_wordmark_dark.png,4,7,2.0,0.0,/gamecenter/fla-vs-tbl/2025/04/24/2024030122,0.0,2.0,,REG
20242025,2024030123,B,https://assets.nhle.com/logos/playoffs/png/stanley_cup_playoffs_secondary_wordmark_dark.png,4,7,5.0,1.0,/gamecenter/tbl-vs-fla/2025/04/26/2024030123,1.0,2.0,,REG
20242025,2024030124,B,https://assets.nhle.com/logos/playoffs/png/stanley_cup_playoffs_secondary_wordmark_dark.png,4,7,2.0,4.0,/gamecenter/tbl-vs-fla/2025/04/28/2024030124,1.0,3.0,,REG
20242025,2024030125,B,https://assets.nhle.com/logos/playoffs/png/stanley_cup_playoffs_secondary_wordmark_dark.png,4,7,6.0,3.0,/gamecenter/fla-vs-tbl/2025/04/30/2024030125,1.0,4.0,,REG
20242025,2024030131,C,https://assets.nhle.com/logos/playoffs/png/stanley_cup_playoffs_secondary_wordmark_dark.png,4,7,2.0,3.0,/gamecenter/mtl-vs-wsh/2025/04/21/2024030131,1.0,0.0,,OT
20242025,2024030132,C,https://assets.nhle.com/logos/playoffs/png/stanley_cup_playoffs_secondary_wordmark_dark.png,4,7,1.0,3.0,/gamecenter/mtl-vs-wsh/2025/04/23/2024030132,2.0,0.0,,REG
20242025,2024030133,C,https://assets.nhle.com/logos/playoffs/png/stanley_cup_playoffs_secondary_wordmark_dark.png,4,7,3.0,6.0,/gamecenter/wsh-vs-mtl/2025/04/25/2024030133,2.0,1.0,,REG
20242025,2024030134,C,https://assets.nhle.com/logos/playoffs/png/stanley_cup_playoffs_secondary_wordmark_dark.png,4,7,5.0,2.0,/gamecenter/wsh-vs-mtl/2025/04/27/2024030134,3.0,1.0,,REG
20242025,2024030135,C,https://assets.nhle.com/logos/playoffs/png/stanley_cup_playoffs_secondary_wordmark_dark.png,4,7,1.0,4.0,/gamecenter/mtl-vs-wsh/2025/04/30/2024030135,4.0,1.0,,REG
20242025,2024030141,D,https://assets.nhle.com/logos/playoffs/png/stanley_cup_playoffs_secondary_wordmark_dark.png,4,7,1.0,4.0,/gamecenter/njd-vs-car/2025/04/20/2024030141,1.0,0.0,,REG
20242025,2024030142,D,https://assets.nhle.com/logos/playoffs/png/stanley_cup_playoffs_secondary_wordmark_dark.png,4,7,1.0,3.0,/gamecenter/njd-vs-car/2025/04/22/2024030142,2.0,0.0,,REG
20242025,2024030143,D,https://assets.nhle.com/logos/playoffs/png/stanley_cup_playoffs_secondary_wordmark_dark.png,4,7,2.0,3.0,/gamecenter/car-vs-njd/2025/04/25/2024030143,2.0,1.0,,OT
20242025,2024030144,D,https://assets.nhle.com/logos/playoffs/png/stanley_cup_playoffs_secondary_wordmark_dark.png,4,7,5.0,2.0,/gamecenter/car-vs-njd/2025/04/27/2024030144,3.0,1.0,,REG
20242025,2024030145,D,https://assets.nhle.com/logos/playoffs/png/stanley_cup_playoffs_secondary_wordmark_dark.png,4,7,4.0,5.0,/gamecenter/njd-vs-car/2025/04/29/2024030145,4.0,1.0,,OT
20242025,2024030151,E,https://assets.nhle.com/logos/playoffs/png/stanley_cup_playoffs_secondary_wordmark_dark.png,4,7,3.0,5.0,/gamecenter/stl-vs-wpg/2025/04/19/2024030151,1.0,0.0,,REG
20242025,2024030152,E,https://assets.nhle.com/logos/playoffs/png/stanley_cup_playoffs_secondary_wordmark_dark.png,4,7,1.0,2.0,/gamecenter/stl-vs-wpg/2025/04/21/2024030152,2.0,0.0,,REG
20242025,2024030153,E,https://assets.nhle.com/logos/playoffs/png/stanley_cup_playoffs_secondary_wordmark_dark.png,4,7,2.0,7.0,/gamecenter/wpg-vs-stl/2025/04/24/2024030153,2.0,1.0,,REG
20242025,2024030154,E,https://assets.nhle.com/logos/playoffs/png/stanley_cup_playoffs_secondary_wordmark_dark.png,4,7,1.0,5.0,/gamecenter/wpg-vs-stl/2025/04/27/2024030154,2.0,2.0,,REG
20242025,2024030155,E,https://assets.nhle.com/logos/playoffs/png/stanley_cup_playoffs_secondary_wordmark_dark.png,4,7,3.0,5.0,/gamecenter/stl-vs-wpg/2025/04/30/2024030155,3.0,2.0,,REG
20242025,2024030156,E,https://assets.nhle.com/logos/playoffs/png/stanley_cup_playoffs_secondary_wordmark_dark.png,4,7,2.0,5.0,/gamecenter/wpg-vs-stl/2025/05/02/2024030156,3.0,3.0,,REG
20242025,2024030157,E,https://assets.nhle.com/logos/playoffs/png/stanley_cup_playoffs_secondary_wordmark_dark.png,4,7,3.0,4.0,/gamecenter/stl-vs-wpg/2025/05/04/2024030157,4.0,3.0,,OT
20242025,2024030161,F,https://assets.nhle.com/logos/playoffs/png/stanley_cup_playoffs_secondary_wordmark_dark.png,4,7,5.0,1.0,/gamecenter/col-vs-dal/2025/04/19/2024030161,0.0,1.0,,REG
20242025,2024030162,F,https://assets.nhle.com/logos/playoffs/png/stanley_cup_playoffs_secondary_wordmark_dark.png,4,7,3.0,4.0,/gamecenter/col-vs-dal/2025/04/21/2024030162,1.0,1.0,,OT
20242025,2024030163,F,https://assets.nhle.com/logos/playoffs/png/stanley_cup_playoffs_secondary_wordmark_dark.png,4,7,2.0,1.0,/gamecenter/dal-vs-col/2025/04/23/2024030163,2.0,1.0,,OT
20242025,2024030164,F,https://assets.nhle.com/logos/playoffs/png/stanley_cup_playoffs_secondary_wordmark_dark.png,4,7,0.0,4.0,/gamecenter/dal-vs-col/2025/04/26/2024030164,2.0,2.0,,REG
20242025,2024030165,F,https://assets.nhle.com/logos/playoffs/png/stanley_cup_playoffs_secondary_wordmark_dark.png,4,7,2.0,6.0,/gamecenter/col-vs-dal/2025/04/28/2024030165,3.0,2.0,,REG
20242025,2024030166,F,https://assets.nhle.com/logos/playoffs/png/stanley_cup_playoffs_secondary_wordmark_dark.png,4,7,4.0,7.0,/gamecenter/dal-vs-col/2025/05/01/2024030166,3.0,3.0,,REG
20242025,2024030167,F,https://assets.nhle.com/logos/playoffs/png/stanley_cup_playoffs_secondary_wordmark_dark.png,4,7,2.0,4.0,/gamecenter/col-vs-dal/2025/05/03/2024030167,4.0,3.0,,REG
20242025,2024030171,G,https://assets.nhle.com/logos/playoffs/png/stanley_cup_playoffs_secondary_wordmark_dark.png,4,7,2.0,4.0,/gamecenter/min-vs-vgk/2025/04/20/2024030171,1.0,0.0,,REG
20242025,2024030172,G,https://assets.nhle.com/logos/playoffs/png/stanley_cup_playoffs_secondary_wordmark_dark.png,4,7,5.0,2.0,/gamecenter/min-vs-vgk/2025/04/22/2024030172,1.0,1.0,,REG
20242025,2024030173,G,https://assets.nhle.com/logos/playoffs/png/stanley_cup_playoffs_secondary_wordmark_dark.png,4,7,2.0,5.0,/gamecenter/vgk-vs-min/2025/04/24/2024030173,1.0,2.0,,REG
20242025,2024030174,G,https://assets.nhle.com/logos/playoffs/png/stanley_cup_playoffs_secondary_wordmark_dark.png,4,7,4.0,3.0,/gamecenter/vgk-vs-min/2025/04/26/2024030174,2.0,2.0,,OT
20242025,2024030175,G,https://assets.nhle.com/logos/playoffs/png/stanley_cup_playoffs_secondary_wordmark_dark.png,4,7,2.0,3.0,/gamecenter/min-vs-vgk/2025/04/29/2024030175,3.0,2.0,,OT
20242025,2024030176,G,https://assets.nhle.com/logos/playoffs/png/stanley_cup_playoffs_secondary_wordmark_dark.png,4,7,3.0,2.0,/gamecenter/vgk-vs-min/2025/05/01/2024030176,4.0,2.0,,REG
20242025,2024030181,H,https://assets.nhle.com/logos/playoffs/png/stanley_cup_playoffs_secondary_wordmark_dark.png,4,7,5.0,6.0,/gamecenter/edm-vs-lak/2025/04/21/2024030181,1.0,0.0,,REG
20242025,2024030182,H,https://assets.nhle.com/logos/playoffs/png/stanley_cup_playoffs_secondary_wordmark_dark.png,4,7,2.0,6.0,/gamecenter/edm-vs-lak/2025/04/23/2024030182,2.0,0.0,,REG
20242025,2024030183,H,https://assets.nhle.com/logos/playoffs/png/stanley_cup_playoffs_secondary_wordmark_dark.png,4,7,4.0,7.0,/gamecenter/lak-vs-edm/2025/04/25/2024030183,2.0,1.0,,REG
20242025,2024030184,H,https://assets.nhle.com/logos/playoffs/png/stanley_cup_playoffs_secondary_wordmark_dark.png,4,7,3.0,4.0,/gamecenter/lak-vs-edm/2025/04/27/2024030184,2.0,2.0,,OT
20242025,2024030185,H,https://assets.nhle.com/logos/playoffs/png/stanley_cup_playoffs_secondary_wordmark_dark.png,4,7,3.0,1.0,/gamecenter/edm-vs-lak/2025/04/29/2024030185,2.0,3.0,,REG
20242025,2024030186,H,https://assets.nhle.com/logos/playoffs/png/stanley_cup_playoffs_secondary_wordmark_dark.png,4,7,4.0,6.0,/gamecenter/lak-vs-edm/2025/05/01/2024030186,2.0,4.0,,REG
20242025,2024030211,I,https://assets.nhle.com/logos/playoffs/png/stanley_cup_playoffs_secondary_wordmark_dark.png,4,7,4.0,5.0,/gamecenter/fla-vs-tor/2025/05/05/2024030211,1.0,0.0,,REG
20242025,2024030212,I,https://assets.nhle.com/logos/playoffs/png/stanley_cup_playoffs_secondary_wordmark_dark.png,4,7,3.0,4.0,/gamecenter/fla-vs-tor/2025/05/07/2024030212,2.0,0.0,,REG
20242025,2024030213,I,https://assets.nhle.com/logos/playoffs/png/stanley_cup_playoffs_secondary_wordmark_dark.png,4,7,4.0,5.0,/gamecenter/tor-vs-fla/2025/05/09/2024030213,2.0,1.0,,OT
20242025,2024030214,I,https://assets.nhle.com/logos/playoffs/png/stanley_cup_playoffs_secondary_wordmark_dark.png,4,7,0.0,2.0,/gamecenter/tor-vs-fla/2025/05/11/2024030214,2.0,2.0,,REG
20242025,2024030215,I,https://assets.nhle.com/logos/playoffs/png/stanley_cup_playoffs_secondary_wordmark_dark.png,4,7,,,/gamecenter/fla-vs-tor/2025/05/14/2024030215,,,,
20242025,2024030216,I,https://assets.nhle.com/logos/playoffs/png/stanley_cup_playoffs_secondary_wordmark_dark.png,4,7,,,/gamecenter/tor-vs-fla/2025/05/16/2024030216,,,,
20242025,2024030217,I,https://assets.nhle.com/logos/playoffs/png/stanley_cup_playoffs_secondary_wordmark_dark.png,4,7,,,/gamecenter/fla-vs-tor/2025/05/18/2024030217,,,,
20242025,2024030221,J,https://assets.nhle.com/logos/playoffs/png/stanley_cup_playoffs_secondary_wordmark_dark.png,4,7,2.0,1.0,/gamecenter/car-vs-wsh/2025/05/06/2024030221,0.0,1.0,,OT
20242025,2024030222,J,https://assets.nhle.com/logos/playoffs/png/stanley_cup_playoffs_secondary_wordmark_dark.png,4,7,1.0,3.0,/gamecenter/car-vs-wsh/2025/05/08/2024030222,1.0,1.0,,REG
20242025,2024030223,J,https://assets.nhle.com/logos/playoffs/png/stanley_cup_playoffs_secondary_wordmark_dark.png,4,7,0.0,4.0,/gamecenter/wsh-vs-car/2025/05/10/2024030223,1.0,2.0,,REG
20242025,2024030224,J,https://assets.nhle.com/logos/playoffs/png/stanley_cup_playoffs_secondary_wordmark_dark.png,4,7,2.0,5.0,/gamecenter/wsh-vs-car/2025/05/12/2024030224,1.0,3.0,,REG
20242025,2024030225,J,https://assets.nhle.com/logos/playoffs/png/stanley_cup_playoffs_secondary_wordmark_dark.png,4,7,,,/gamecenter/car-vs-wsh/2025/05/15/2024030225,,,,
20242025,2024030226,J,https://assets.nhle.com/logos/playoffs/png/stanley_cup_playoffs_secondary_wordmark_dark.png,4,7,,,/gamecenter/wsh-vs-car/2025/05/17/2024030226,,,,
20242025,2024030227,J,https://assets.nhle.com/logos/playoffs/png/stanley_cup_playoffs_secondary_wordmark_dark.png,4,7,,,/gamecenter/car-vs-wsh/2025/05/19/2024030227,,,,
20242025,2024030231,K,https://assets.nhle.com/logos/playoffs/png/stanley_cup_playoffs_secondary_wordmark_dark.png,4,7,3.0,2.0,/gamecenter/dal-vs-wpg/2025/05/07/2024030231,0.0,1.0,,REG
20242025,2024030232,K,https://assets.nhle.com/logos/playoffs/png/stanley_cup_playoffs_secondary_wordmark_dark.png,4,7,0.0,4.0,/gamecenter/dal-vs-wpg/2025/05/09/2024030232,1.0,1.0,,REG
20242025,2024030233,K,https://assets.nhle.com/logos/playoffs/png/stanley_cup_playoffs_secondary_wordmark_dark.png,4,7,2.0,5.0,/gamecenter/wpg-vs-dal/2025/05/11/2024030233,1.0,2.0,,REG
20242025,2024030234,K,https://assets.nhle.com/logos/playoffs/png/stanley_cup_playoffs_secondary_wordmark_dark.png,4,7,,,/gamecenter/wpg-vs-dal/2025/05/13/2024030234,,,,
20242025,2024030235,K,https://assets.nhle.com/logos/playoffs/png/stanley_cup_playoffs_secondary_wordmark_dark.png,4,7,,,/gamecenter/dal-vs-wpg/2025/05/15/2024030235,,,,
20242025,2024030236,K,https://assets.nhle.com/logos/playoffs/png/stanley_cup_playoffs_secondary_wordmark_dark.png,4,7,,,/gamecenter/wpg-vs-dal/2025/05/17/2024030236,,,,
20242025,2024030237,K,https://assets.nhle.com/logos/playoffs/png/stanley_cup_playoffs_secondary_wordmark_dark.png,4,7,,,/gamecenter/dal-vs-wpg/2025/05/19/2024030237,,,,
20242025,2024030241,L,https://assets.nhle.com/logos/playoffs/png/stanley_cup_playoffs_secondary_wordmark_dark.png,4,7,4.0,2.0,/gamecenter/edm-vs-vgk/2025/05/06/2024030241,0.0,1.0,,REG
20242025,2024030242,L,https://assets.nhle.com/logos/playoffs/png/stanley_cup_playoffs_secondary_wordmark_dark.png,4,7,5.0,4.0,/gamecenter/edm-vs-vgk/2025/05/08/2024030242,0.0,2.0,,OT
20242025,2024030243,L,https://assets.nhle.com/logos/playoffs/png/stanley_cup_playoffs_secondary_wordmark_dark.png,4,7,4.0,3.0,/gamecenter/vgk-vs-edm/2025/05/10/2024030243,1.0,2.0,,REG
20242025,2024030244,L,https://assets.nhle.com/logos/playoffs/png/stanley_cup_playoffs_secondary_wordmark_dark.png,4,7,0.0,3.0,/gamecenter/vgk-vs-edm/2025/05/12/2024030244,1.0,3.0,,REG
20242025,2024030245,L,https://assets.nhle.com/logos/playoffs/png/stanley_cup_playoffs_secondary_wordmark_dark.png,4,7,,,/gamecenter/edm-vs-vgk/2025/05/14/2024030245,,,,
20242025,2024030246,L,https://assets.nhle.com/logos/playoffs/png/stanley_cup_playoffs_secondary_wordmark_dark.png,4,7,,,/gamecenter/vgk-vs-edm/2025/05/16/2024030246,,,,
20242025,2024030247,L,https://assets.nhle.com/logos/playoffs/png/stanley_cup_playoffs_secondary_wordmark_dark.png,4,7,,,/gamecenter/edm-vs-vgk/2025/05/18/2024030247,,,,
