,seasons,bracketLogos,seriesUrls,seriesLetters,playoffRounds,topSeedRanks,topSeedRankAbbrevs,topSeedWins,bottomSeedRanks,bottomSeedRankAbbrevs,bottomSeedWins,winningTeamIds,losingTeamIds,topSeedIDs,bottomSeedIDs
0,1918,,/schedule/playoff-series/1918/series-a/canadiens-vs-arenas,A,1,1,L2,1,2,L1,1,57,8,57,8
1,1918,,/schedule/playoff-series/1918/series-i/millionaires-vs-arenas,I,2,1,L2,3,2,PCHA1,2,57,7288,57,7288
2,1919,,/schedule/playoff-series/1919/series-a/senators(1917)-vs-canadiens,A,1,2,L2,4,1,L1,1,8,36,8,36
3,1919,,/schedule/playoff-series/1919/series-i/canadiens-vs-metropolitans,I,2,1,PCHA1,2,2,L2,2,,,7286,8
4,1920,,/schedule/playoff-series/1920/series-i/metropolitans-vs-senators(1917),I,2,1,L1,3,2,PCHA1,2,36,7286,36,7286
5,1921,,/schedule/playoff-series/1921/series-a/st.patricks-vs-senators(1917),A,1,1,L2,2,2,L1,0,36,58,36,58
6,1921,,/schedule/playoff-series/1921/series-i/senators(1917)-vs-millionaires,I,2,1,PCHA1,2,2,L2,3,36,7288,7288,36
7,1922,,/schedule/playoff-series/1922/series-a/senators(1917)-vs-st.patricks,A,1,2,L2,1,1,L1,0,58,36,58,36
8,1922,,/schedule/playoff-series/1922/series-i/millionaires-vs-st.patricks,I,2,1,L2,3,2,PCHA1,2,58,7288,58,7288
9,1923,,/schedule/playoff-series/1923/series-a/canadiens-vs-senators(1917),A,1,1,L1,1,2,L2,1,36,8,36,8
10,1923,,/schedule/playoff-series/1923/series-i/senators(1917)-vs-maroons,I,2,1,PCHA1,1,2,L1,3,36,7287,7287,36
11,1923,,/schedule/playoff-series/1923/series-m/senators(1917)-vs-eskimos,M,3,1,WCHL1,0,2,L1,2,36,7285,7285,36
12,1924,,/schedule/playoff-series/1924/series-a/senators(1917)-vs-canadiens,A,1,2,L2,2,1,L1,0,8,36,8,36
13,1924,,/schedule/playoff-series/1924/series-i/maroons-vs-canadiens,I,2,1,L2,2,2,PCHA1,0,8,7287,8,7287
14,1924,,/schedule/playoff-series/1924/series-m/tigers-vs-canadiens,M,3,1,L2,2,2,WCHL1,0,8,7284,8,7284
15,1925,,/schedule/playoff-series/1925/series-a/st.patricks-vs-canadiens,A,1,3,L3,2,2,L2,0,8,58,8,58
16,1925,,/schedule/playoff-series/1925/series-m/canadiens-vs-cougars,M,3,1,WCHL1,3,2,L3,1,7289,8,7289,8
17,1926,,/schedule/playoff-series/1926/series-a/maroons-vs-pirates,A,1,3,L3,0,2,L2,1,43,38,38,43
18,1926,,/schedule/playoff-series/1926/series-i/senators(1917)-vs-maroons,I,2,2,L2,1,1,L1,0,43,36,43,36
19,1926,,/schedule/playoff-series/1926/series-m/cougars-vs-maroons,M,3,1,L2,3,2,WCHL1,1,43,7289,43,7289
20,1927,,/schedule/playoff-series/1927/series-a/canadiens-vs-maroons,A,1,4,D3,0,3,D2,1,8,43,43,8
21,1927,,/schedule/playoff-series/1927/series-b/bruins-vs-blackhawks,B,1,6,D3,0,5,D2,1,6,16,16,6
22,1927,,/schedule/playoff-series/1927/series-i/senators(1917)-vs-canadiens,I,2,3,D2,0,1,D1,1,36,8,8,36
23,1927,,/schedule/playoff-series/1927/series-j/rangers-vs-bruins,J,2,5,D2,1,2,D1,0,6,3,6,3
24,1927,,/schedule/playoff-series/1927/series-m/senators(1917)-vs-bruins,M,3,5,D2,0,1,D1,2,36,6,6,36
25,1928,,/schedule/playoff-series/1928/series-a/maroons-vs-senators(1917),A,1,4,D3,0,2,D2,2,43,36,36,43
26,1928,,/schedule/playoff-series/1928/series-b/pirates-vs-rangers,B,1,5,D2,1,6,D3,1,3,38,3,38
27,1928,,/schedule/playoff-series/1928/series-i/canadiens-vs-maroons,I,2,2,D2,1,1,D1,0,43,8,43,8
28,1928,,/schedule/playoff-series/1928/series-j/bruins-vs-rangers,J,2,5,D2,1,3,D1,0,3,6,3,6
29,1928,,/schedule/playoff-series/1928/series-m/rangers-vs-maroons,M,3,2,D2,2,5,D2,3,3,43,43,3
30,1929,,/schedule/playoff-series/1929/series-a/canadiens-vs-bruins,A,2,2,D1,3,1,D1,0,6,8,6,8
31,1929,,/schedule/playoff-series/1929/series-b/rangers-vs-americans,B,1,5,D2,0,3,D2,1,3,44,44,3
32,1929,,/schedule/playoff-series/1929/series-c/mapleleafs-vs-cougars,C,1,6,D3,0,4,D3,2,10,40,40,10
33,1929,,/schedule/playoff-series/1929/series-d/mapleleafs-vs-rangers,D,2,3,D2,2,4,D3,0,3,10,3,10
34,1929,,/schedule/playoff-series/1929/series-i/rangers-vs-bruins,I,3,2,D1,2,3,D2,0,6,3,6,3
35,1930,,/schedule/playoff-series/1930/series-a/bruins-vs-maroons,A,2,5,D1,1,1,D1,3,6,43,43,6
36,1930,,/schedule/playoff-series/1930/series-b/canadiens-vs-blackhawks,B,1,3,D2,0,2,D2,1,8,16,16,8
37,1930,,/schedule/playoff-series/1930/series-c/rangers-vs-senators(1917),C,1,4,D3,0,6,D3,1,3,36,36,3
38,1930,,/schedule/playoff-series/1930/series-d/rangers-vs-canadiens,D,2,2,D2,2,6,D3,0,8,3,8,3
39,1930,,/schedule/playoff-series/1930/series-i/canadiens-vs-bruins,I,3,1,D1,0,2,D2,2,8,6,6,8
40,1931,,/schedule/playoff-series/1931/series-a/canadiens-vs-bruins,A,2,1,D1,2,2,D1,3,8,6,6,8
41,1931,,/schedule/playoff-series/1931/series-b/blackhawks-vs-mapleleafs,B,1,4,D2,0,3,D2,1,16,10,10,16
42,1931,,/schedule/playoff-series/1931/series-c/maroons-vs-rangers,C,1,5,D3,2,6,D3,0,3,43,3,43
43,1931,,/schedule/playoff-series/1931/series-d/rangers-vs-blackhawks,D,2,3,D2,2,5,D3,0,16,3,16,3
44,1931,,/schedule/playoff-series/1931/series-i/canadiens-vs-blackhawks,I,3,3,D2,2,2,D1,3,8,16,16,8
45,1932,,/schedule/playoff-series/1932/series-a/rangers-vs-canadiens,A,2,1,D1,1,3,D1,3,3,8,8,3
46,1932,,/schedule/playoff-series/1932/series-b/mapleleafs-vs-blackhawks,B,1,6,D2,1,2,D2,1,10,16,16,10
47,1932,,/schedule/playoff-series/1932/series-c/maroons-vs-falcons,C,1,5,D3,0,4,D3,1,43,50,50,43
48,1932,,/schedule/playoff-series/1932/series-d/mapleleafs-vs-maroons,D,2,4,D3,0,2,D2,1,10,43,43,10
49,1932,,/schedule/playoff-series/1932/series-i/mapleleafs-vs-rangers,I,3,3,D1,0,2,D2,3,10,3,3,10
50,1933,,/schedule/playoff-series/1933/series-a/mapleleafs-vs-bruins,A,2,2,D1,2,3,D1,3,10,6,6,10
51,1933,,/schedule/playoff-series/1933/series-b/redwings-vs-maroons,B,1,5,D2,0,1,D2,2,17,43,43,17
52,1933,,/schedule/playoff-series/1933/series-c/canadiens-vs-rangers,C,1,4,D3,1,2,D3,0,3,8,3,8
53,1933,,/schedule/playoff-series/1933/series-d/redwings-vs-rangers,D,2,4,D3,2,1,D2,0,3,17,3,17
54,1933,,/schedule/playoff-series/1933/series-i/mapleleafs-vs-rangers,I,3,4,D3,3,3,D1,1,3,10,3,10
55,1934,,/schedule/playoff-series/1934/series-a/redwings-vs-mapleleafs,A,2,1,D1,2,2,D1,3,17,10,10,17
56,1934,,/schedule/playoff-series/1934/series-b/blackhawks-vs-canadiens,B,1,4,D2,0,3,D2,1,16,8,8,16
57,1934,,/schedule/playoff-series/1934/series-c/rangers-vs-maroons,C,1,6,D3,1,5,D3,0,43,3,43,3
58,1934,,/schedule/playoff-series/1934/series-d/blackhawks-vs-maroons,D,2,6,D3,0,3,D2,2,16,43,43,16
59,1934,,/schedule/playoff-series/1934/series-i/blackhawks-vs-redwings,I,3,2,D1,1,3,D2,3,16,17,17,16
60,1935,,/schedule/playoff-series/1935/series-a/mapleleafs-vs-bruins,A,2,2,D1,1,1,D1,3,10,6,6,10
61,1935,,/schedule/playoff-series/1935/series-b/blackhawks-vs-maroons,B,1,4,D2,1,3,D2,0,43,16,43,16
62,1935,,/schedule/playoff-series/1935/series-c/canadiens-vs-rangers,C,1,5,D3,1,7,D3,0,3,8,3,8
63,1935,,/schedule/playoff-series/1935/series-d/maroons-vs-rangers,D,2,5,D3,0,4,D2,1,43,3,3,43
64,1935,,/schedule/playoff-series/1935/series-i/maroons-vs-mapleleafs,I,3,1,D1,0,4,D2,3,43,10,10,43
65,1936,,/schedule/playoff-series/1936/series-a/redwings-vs-maroons,A,2,3,D1,0,1,D1,3,17,43,43,17
66,1936,,/schedule/playoff-series/1936/series-b/mapleleafs-vs-bruins,B,1,5,D2,1,2,D2,1,10,6,6,10
67,1936,,/schedule/playoff-series/1936/series-c/blackhawks-vs-americans,C,1,7,D3,1,4,D3,1,44,16,44,16
68,1936,,/schedule/playoff-series/1936/series-d/americans-vs-mapleleafs,D,2,2,D2,2,7,D3,1,10,44,10,44
69,1936,,/schedule/playoff-series/1936/series-i/mapleleafs-vs-redwings,I,3,1,D1,3,2,D2,1,17,10,17,10
70,1937,,/schedule/playoff-series/1937/series-a/canadiens-vs-redwings,A,2,1,D1,3,2,D1,2,17,8,17,8
71,1937,,/schedule/playoff-series/1937/series-b/bruins-vs-maroons,B,1,3,D2,2,4,D2,1,43,6,43,6
72,1937,,/schedule/playoff-series/1937/series-c/rangers-vs-mapleleafs,C,1,5,D3,0,6,D3,2,3,10,10,3
73,1937,,/schedule/playoff-series/1937/series-d/maroons-vs-rangers,D,2,6,D3,2,3,D2,0,3,43,3,43
74,1937,,/schedule/playoff-series/1937/series-i/redwings-vs-rangers,I,3,6,D3,2,1,D1,3,17,3,3,17
75,1938,,/schedule/playoff-series/1938/series-a/bruins-vs-mapleleafs,A,2,3,D1,3,1,D1,0,10,6,10,6
76,1938,,/schedule/playoff-series/1938/series-b/americans-vs-rangers,B,1,2,D2,1,5,D3,2,44,3,3,44
77,1938,,/schedule/playoff-series/1938/series-c/blackhawks-vs-canadiens,C,1,4,D2,1,6,D3,2,16,8,8,16
78,1938,,/schedule/playoff-series/1938/series-d/blackhawks-vs-americans,D,2,5,D3,1,6,D3,2,16,44,44,16
79,1938,,/schedule/playoff-series/1938/series-i/blackhawks-vs-mapleleafs,I,3,3,D1,1,6,D3,3,16,10,10,16
80,1939,,/schedule/playoff-series/1939/series-a/bruins-vs-rangers,A,2,2,L2,3,1,L1,4,6,3,3,6
81,1939,,/schedule/playoff-series/1939/series-b/americans-vs-mapleleafs,B,1,3,L3,2,4,L4,0,10,44,10,44
82,1939,,/schedule/playoff-series/1939/series-c/redwings-vs-canadiens,C,1,6,L6,1,5,L5,2,17,8,8,17
83,1939,,/schedule/playoff-series/1939/series-d/redwings-vs-mapleleafs,D,2,3,L3,2,5,L5,1,10,17,10,17
84,1939,,/schedule/playoff-series/1939/series-i/mapleleafs-vs-bruins,I,3,1,L1,4,3,L3,1,6,10,6,10
85,1940,,/schedule/playoff-series/1940/series-a/bruins-vs-rangers,A,2,2,L2,4,1,L1,2,3,6,3,6
86,1940,,/schedule/playoff-series/1940/series-b/blackhawks-vs-mapleleafs,B,1,3,L3,2,4,L4,0,10,16,10,16
87,1940,,/schedule/playoff-series/1940/series-c/americans-vs-redwings,C,1,5,L5,2,6,L6,1,17,44,17,44
88,1940,,/schedule/playoff-series/1940/series-d/redwings-vs-mapleleafs,D,2,3,L3,2,5,L5,0,10,17,10,17
89,1940,,/schedule/playoff-series/1940/series-i/mapleleafs-vs-rangers,I,3,2,L2,4,3,L3,2,3,10,3,10
90,1941,,/schedule/playoff-series/1941/series-a/mapleleafs-vs-bruins,A,2,1,L1,4,2,L2,3,6,10,6,10
91,1941,,/schedule/playoff-series/1941/series-b/rangers-vs-redwings,B,1,3,L3,2,4,L4,1,17,3,17,3
92,1941,,/schedule/playoff-series/1941/series-c/canadiens-vs-blackhawks,C,1,6,L5,2,5,L6,1,16,8,16,8
93,1941,,/schedule/playoff-series/1941/series-d/blackhawks-vs-redwings,D,2,3,L3,2,6,L5,0,17,16,17,16
94,1941,,/schedule/playoff-series/1941/series-i/redwings-vs-bruins,I,3,1,L1,4,3,L3,0,6,17,6,17
95,1942,,/schedule/playoff-series/1942/series-a/rangers-vs-mapleleafs,A,2,2,L2,4,1,L1,2,10,3,10,3
96,1942,,/schedule/playoff-series/1942/series-b/bruins-vs-blackhawks,B,1,4,L4,1,3,L3,2,6,16,16,6
97,1942,,/schedule/playoff-series/1942/series-c/canadiens-vs-redwings,C,1,5,L5,2,6,L6,1,17,8,17,8
98,1942,,/schedule/playoff-series/1942/series-d/redwings-vs-bruins,D,2,3,L3,0,5,L5,2,17,6,6,17
99,1942,,/schedule/playoff-series/1942/series-i/redwings-vs-mapleleafs,I,3,2,L2,4,5,L5,3,10,17,10,17
100,1943,,/schedule/playoff-series/1943/series-a/mapleleafs-vs-redwings,A,1,1,L1,4,3,L3,2,17,10,17,10
101,1943,,/schedule/playoff-series/1943/series-b/canadiens-vs-bruins,B,1,2,L2,4,4,L4,1,6,8,6,8
102,1943,,/schedule/playoff-series/1943/series-i/bruins-vs-redwings,I,2,1,L1,4,2,L2,0,17,6,17,6
103,1944,,/schedule/playoff-series/1944/series-a/mapleleafs-vs-canadiens,A,1,1,L1,4,3,L3,1,8,10,8,10
104,1944,,/schedule/playoff-series/1944/series-b/blackhawks-vs-redwings,B,1,2,L2,1,4,L4,4,16,17,17,16
105,1944,,/schedule/playoff-series/1944/series-i/blackhawks-vs-canadiens,I,2,1,L1,4,4,L4,0,8,16,8,16
106,1945,,/schedule/playoff-series/1945/series-a/mapleleafs-vs-canadiens,A,1,1,L1,2,3,L3,4,10,8,8,10
107,1945,,/schedule/playoff-series/1945/series-b/bruins-vs-redwings,B,1,2,L2,4,4,L4,3,17,6,17,6
108,1945,,/schedule/playoff-series/1945/series-i/mapleleafs-vs-redwings,I,2,2,L2,3,3,L3,4,10,17,17,10
109,1946,,/schedule/playoff-series/1946/series-a/blackhawks-vs-canadiens,A,1,1,L1,4,3,L3,0,8,16,8,16
110,1946,,/schedule/playoff-series/1946/series-b/redwings-vs-bruins,B,1,2,L2,4,4,L4,1,6,17,6,17
111,1946,,/schedule/playoff-series/1946/series-i/bruins-vs-canadiens,I,2,1,L1,4,2,L2,1,8,6,8,6
112,1947,,/schedule/playoff-series/1947/series-a/bruins-vs-canadiens,A,1,1,L1,4,3,L3,1,8,6,8,6
113,1947,,/schedule/playoff-series/1947/series-b/redwings-vs-mapleleafs,B,1,2,L2,4,4,L4,1,10,17,10,17
114,1947,,/schedule/playoff-series/1947/series-i/mapleleafs-vs-canadiens,I,2,1,L1,2,2,L2,4,10,8,8,10
115,1948,,/schedule/playoff-series/1948/series-a/bruins-vs-mapleleafs,A,1,1,L1,4,3,L3,1,10,6,10,6
116,1948,,/schedule/playoff-series/1948/series-b/rangers-vs-redwings,B,1,2,L2,4,4,L4,2,17,3,17,3
117,1948,,/schedule/playoff-series/1948/series-i/redwings-vs-mapleleafs,I,2,1,L1,4,2,L2,0,10,17,10,17
118,1949,,/schedule/playoff-series/1949/series-a/canadiens-vs-redwings,A,1,1,L1,4,3,L3,3,17,8,17,8
119,1949,,/schedule/playoff-series/1949/series-b/mapleleafs-vs-bruins,B,1,2,L2,1,4,L4,4,10,6,6,10
120,1949,,/schedule/playoff-series/1949/series-i/mapleleafs-vs-redwings,I,2,1,L1,0,4,L4,4,10,17,17,10
121,1950,,/schedule/playoff-series/1950/series-a/mapleleafs-vs-redwings,A,1,1,L1,4,3,L3,3,17,10,17,10
122,1950,,/schedule/playoff-series/1950/series-b/canadiens-vs-rangers,B,1,4,L4,4,2,L2,1,3,8,3,8
123,1950,,/schedule/playoff-series/1950/series-i/rangers-vs-redwings,I,2,1,L1,4,4,L4,3,17,3,17,3
124,1951,,/schedule/playoff-series/1951/series-a/canadiens-vs-redwings,A,1,1,L1,2,3,L3,4,8,17,17,8
125,1951,,/schedule/playoff-series/1951/series-b/bruins-vs-mapleleafs,B,1,2,L2,4,4,L4,1,10,6,10,6
126,1951,,/schedule/playoff-series/1951/series-i/canadiens-vs-mapleleafs,I,2,2,L2,4,3,L3,1,10,8,10,8
127,1952,,/schedule/playoff-series/1952/series-a/mapleleafs-vs-redwings,A,1,1,L1,4,3,L3,0,17,10,17,10
128,1952,,/schedule/playoff-series/1952/series-b/bruins-vs-canadiens,B,1,2,L2,4,4,L4,3,8,6,8,6
129,1952,,/schedule/playoff-series/1952/series-i/redwings-vs-canadiens,I,2,2,L2,0,1,L1,4,17,8,8,17
130,1953,,/schedule/playoff-series/1953/series-a/bruins-vs-redwings,A,1,1,L1,2,3,L3,4,6,17,17,6
131,1953,,/schedule/playoff-series/1953/series-b/blackhawks-vs-canadiens,B,1,2,L2,4,4,L4,3,8,16,8,16
132,1953,,/schedule/playoff-series/1953/series-i/bruins-vs-canadiens,I,2,2,L2,4,3,L3,1,8,6,8,6
133,1954,,/schedule/playoff-series/1954/series-a/mapleleafs-vs-redwings,A,1,1,L1,4,3,L3,1,17,10,17,10
134,1954,,/schedule/playoff-series/1954/series-b/bruins-vs-canadiens,B,1,2,L2,4,4,L4,0,8,6,8,6
135,1954,,/schedule/playoff-series/1954/series-i/canadiens-vs-redwings,I,2,1,L1,4,2,L2,3,17,8,17,8
136,1955,,/schedule/playoff-series/1955/series-a/mapleleafs-vs-redwings,A,1,1,L1,4,3,L3,0,17,10,17,10
137,1955,,/schedule/playoff-series/1955/series-b/bruins-vs-canadiens,B,1,2,L2,4,4,L4,1,8,6,8,6
138,1955,,/schedule/playoff-series/1955/series-i/canadiens-vs-redwings,I,2,1,L1,4,2,L2,3,17,8,17,8
139,1956,,/schedule/playoff-series/1956/series-a/rangers-vs-canadiens,A,1,1,L1,4,3,L3,1,8,3,8,3
140,1956,,/schedule/playoff-series/1956/series-b/mapleleafs-vs-redwings,B,1,2,L2,4,4,L4,1,17,10,17,10
141,1956,,/schedule/playoff-series/1956/series-i/redwings-vs-canadiens,I,2,1,L1,4,2,L2,1,8,17,8,17
142,1957,,/schedule/playoff-series/1957/series-a/bruins-vs-redwings,A,1,1,L1,1,3,L3,4,6,17,17,6
143,1957,,/schedule/playoff-series/1957/series-b/canadiens-vs-rangers,B,1,4,L4,1,2,L2,4,8,3,3,8
144,1957,,/schedule/playoff-series/1957/series-i/bruins-vs-canadiens,I,2,2,L2,4,3,L3,1,8,6,8,6
145,1958,,/schedule/playoff-series/1958/series-a/redwings-vs-canadiens,A,1,1,L1,4,3,L3,0,8,17,8,17
146,1958,,/schedule/playoff-series/1958/series-b/bruins-vs-rangers,B,1,2,L2,2,4,L4,4,6,3,3,6
147,1958,,/schedule/playoff-series/1958/series-i/bruins-vs-canadiens,I,2,1,L1,4,4,L4,2,8,6,8,6
148,1959,,/schedule/playoff-series/1959/series-a/blackhawks-vs-canadiens,A,1,1,L1,4,3,L3,2,8,16,8,16
149,1959,,/schedule/playoff-series/1959/series-b/mapleleafs-vs-bruins,B,1,2,L2,3,4,L4,4,10,6,6,10
150,1959,,/schedule/playoff-series/1959/series-i/mapleleafs-vs-canadiens,I,2,1,L1,4,4,L4,1,8,10,8,10
151,1960,,/schedule/playoff-series/1960/series-a/blackhawks-vs-canadiens,A,1,1,L1,4,3,L3,0,8,16,8,16
152,1960,,/schedule/playoff-series/1960/series-b/redwings-vs-mapleleafs,B,1,2,L2,4,4,L4,2,10,17,10,17
153,1960,,/schedule/playoff-series/1960/series-i/mapleleafs-vs-canadiens,I,2,1,L1,4,2,L2,0,8,10,8,10
154,1961,,/schedule/playoff-series/1961/series-a/blackhawks-vs-canadiens,A,1,1,L1,2,3,L3,4,16,8,8,16
155,1961,,/schedule/playoff-series/1961/series-b/redwings-vs-mapleleafs,B,1,2,L2,1,4,L4,4,17,10,10,17
156,1961,,/schedule/playoff-series/1961/series-i/redwings-vs-blackhawks,I,2,3,L3,4,4,L4,2,16,17,16,17
157,1962,,/schedule/playoff-series/1962/series-a/blackhawks-vs-canadiens,A,1,1,L1,2,3,L3,4,16,8,8,16
158,1962,,/schedule/playoff-series/1962/series-b/rangers-vs-mapleleafs,B,1,2,L2,4,4,L4,2,10,3,10,3
159,1962,,/schedule/playoff-series/1962/series-i/blackhawks-vs-mapleleafs,I,2,2,L2,4,3,L3,2,10,16,10,16
160,1963,,/schedule/playoff-series/1963/series-a/canadiens-vs-mapleleafs,A,1,1,L1,4,3,L3,1,10,8,10,8
161,1963,,/schedule/playoff-series/1963/series-b/redwings-vs-blackhawks,B,1,2,L2,2,4,L4,4,17,16,16,17
162,1963,,/schedule/playoff-series/1963/series-i/redwings-vs-mapleleafs,I,2,1,L1,4,4,L4,1,10,17,10,17
163,1964,,/schedule/playoff-series/1964/series-a/mapleleafs-vs-canadiens,A,1,1,L1,3,3,L3,4,10,8,8,10
164,1964,,/schedule/playoff-series/1964/series-b/redwings-vs-blackhawks,B,1,2,L2,3,4,L4,4,17,16,16,17
165,1964,,/schedule/playoff-series/1964/series-i/redwings-vs-mapleleafs,I,2,3,L3,4,4,L4,3,10,17,10,17
166,1965,,/schedule/playoff-series/1965/series-a/blackhawks-vs-redwings,A,1,1,L1,3,3,L3,4,16,17,17,16
167,1965,,/schedule/playoff-series/1965/series-b/mapleleafs-vs-canadiens,B,1,2,L2,4,4,L4,2,8,10,8,10
168,1965,,/schedule/playoff-series/1965/series-i/blackhawks-vs-canadiens,I,2,2,L2,4,3,L3,3,8,16,8,16
169,1966,,/schedule/playoff-series/1966/series-a/mapleleafs-vs-canadiens,A,1,1,L1,4,3,L3,0,8,10,8,10
170,1966,,/schedule/playoff-series/1966/series-b/redwings-vs-blackhawks,B,1,2,L2,2,4,L4,4,17,16,16,17
171,1966,,/schedule/playoff-series/1966/series-i/redwings-vs-canadiens,I,2,1,L1,4,4,L4,2,8,17,8,17
172,1967,,/schedule/playoff-series/1967/series-a/mapleleafs-vs-blackhawks,A,1,1,L1,2,3,L3,4,10,16,16,10
173,1967,,/schedule/playoff-series/1967/series-b/rangers-vs-canadiens,B,1,2,L2,4,4,L4,0,8,3,8,3
174,1967,,/schedule/playoff-series/1967/series-i/mapleleafs-vs-canadiens,I,2,2,L2,2,3,L3,4,10,8,8,10
175,1968,,/schedule/playoff-series/1968/series-a/bruins-vs-canadiens,A,1,1,D1,4,3,D3,0,8,6,8,6
176,1968,,/schedule/playoff-series/1968/series-b/blackhawks-vs-rangers,B,1,2,D2,2,1,D4,4,16,3,3,16
177,1968,,/schedule/playoff-series/1968/series-c/blues-vs-flyers,C,1,2,D1,3,4,D3,4,19,4,4,19
178,1968,,/schedule/playoff-series/1968/series-d/northstars-vs-kings,D,1,3,D2,3,2,D4,4,31,26,26,31
179,1968,,/schedule/playoff-series/1968/series-i/blackhawks-vs-canadiens,I,2,1,D1,4,1,D4,1,8,16,8,16
180,1968,,/schedule/playoff-series/1968/series-j/northstars-vs-blues,J,2,4,D3,4,2,D4,3,19,31,19,31
181,1968,,/schedule/playoff-series/1968/series-m/canadiens-vs-blues,M,3,4,D3,0,1,D1,4,8,19,19,8
182,1969,,/schedule/playoff-series/1969/series-a/rangers-vs-canadiens,A,1,1,D1,4,3,D3,0,8,3,8,3
183,1969,,/schedule/playoff-series/1969/series-b/mapleleafs-vs-bruins,B,1,2,D2,4,4,D4,0,6,10,6,10
184,1969,,/schedule/playoff-series/1969/series-c/flyers-vs-blues,C,1,1,D1,4,4,D3,0,19,4,19,4
185,1969,,/schedule/playoff-series/1969/series-d/kings-vs-seals,D,1,3,D2,3,2,D4,4,26,46,46,26
186,1969,,/schedule/playoff-series/1969/series-i/bruins-vs-canadiens,I,2,1,D1,4,2,D2,2,8,6,8,6
187,1969,,/schedule/playoff-series/1969/series-j/kings-vs-blues,J,2,1,D1,4,2,D4,0,19,26,19,26
188,1969,,/schedule/playoff-series/1969/series-m/blues-vs-canadiens,M,3,1,D1,4,1,D1,0,8,19,8,19
189,1970,,/schedule/playoff-series/1970/series-a/redwings-vs-blackhawks,A,1,1,D1,4,2,D3,0,16,17,16,17
190,1970,,/schedule/playoff-series/1970/series-b/rangers-vs-bruins,B,1,1,D2,4,3,D4,2,6,3,6,3
191,1970,,/schedule/playoff-series/1970/series-c/northstars-vs-blues,C,1,2,D1,4,4,D3,2,19,31,19,31
192,1970,,/schedule/playoff-series/1970/series-d/seals-vs-penguins,D,1,3,D2,4,2,D4,0,5,46,5,46
193,1970,,/schedule/playoff-series/1970/series-i/bruins-vs-blackhawks,I,2,1,D1,0,1,D2,4,6,16,16,6
194,1970,,/schedule/playoff-series/1970/series-j/penguins-vs-blues,J,2,2,D1,4,3,D2,2,19,5,19,5
195,1970,,/schedule/playoff-series/1970/series-m/bruins-vs-blues,M,3,2,D1,0,1,D2,4,6,19,19,6
196,1971,,/schedule/playoff-series/1971/series-a/canadiens-vs-bruins,A,1,1,D1,3,3,D3,4,8,6,6,8
197,1971,,/schedule/playoff-series/1971/series-b/mapleleafs-vs-rangers,B,1,2,D2,4,4,D4,2,3,10,3,10
198,1971,,/schedule/playoff-series/1971/series-c/flyers-vs-blackhawks,C,1,1,D1,4,3,D3,0,16,4,16,4
199,1971,,/schedule/playoff-series/1971/series-d/northstars-vs-blues,D,1,2,D2,2,4,D4,4,31,19,19,31
200,1971,,/schedule/playoff-series/1971/series-i/northstars-vs-canadiens,I,2,3,D3,4,4,D4,2,8,31,8,31
201,1971,,/schedule/playoff-series/1971/series-j/rangers-vs-blackhawks,J,2,1,D1,4,2,D2,3,16,3,16,3
202,1971,,/schedule/playoff-series/1971/series-m/canadiens-vs-blackhawks,M,3,1,D1,3,3,D3,4,8,16,16,8
203,1972,,/schedule/playoff-series/1972/series-a/mapleleafs-vs-bruins,A,1,1,D1,4,4,D4,1,6,10,6,10
204,1972,,/schedule/playoff-series/1972/series-b/canadiens-vs-rangers,B,1,2,D2,4,3,D3,2,3,8,3,8
205,1972,,/schedule/playoff-series/1972/series-c/penguins-vs-blackhawks,C,1,1,D1,4,4,D4,0,16,5,16,5
206,1972,,/schedule/playoff-series/1972/series-d/blues-vs-northstars,D,1,2,D2,3,3,D3,4,19,31,31,19
207,1972,,/schedule/playoff-series/1972/series-i/blues-vs-bruins,I,2,1,D1,4,3,D3,0,6,19,6,19
208,1972,,/schedule/playoff-series/1972/series-j/rangers-vs-blackhawks,J,2,1,D1,0,2,D2,4,3,16,16,3
209,1972,,/schedule/playoff-series/1972/series-m/rangers-vs-bruins,M,3,1,D1,4,2,D2,2,6,3,6,3
210,1973,,/schedule/playoff-series/1973/series-a/sabres-vs-canadiens,A,1,1,D1,4,4,D4,2,8,7,8,7
211,1973,,/schedule/playoff-series/1973/series-b/rangers-vs-bruins,B,1,2,D2,1,3,D3,4,3,6,6,3
212,1973,,/schedule/playoff-series/1973/series-c/blues-vs-blackhawks,C,1,1,D1,4,4,D4,1,16,19,16,19
213,1973,,/schedule/playoff-series/1973/series-d/northstars-vs-flyers,D,1,2,D2,4,3,D3,2,4,31,4,31
214,1973,,/schedule/playoff-series/1973/series-i/flyers-vs-canadiens,I,2,1,D1,4,2,D2,1,8,4,8,4
215,1973,,/schedule/playoff-series/1973/series-j/rangers-vs-blackhawks,J,2,1,D1,4,3,D3,1,16,3,16,3
216,1973,,/schedule/playoff-series/1973/series-m/blackhawks-vs-canadiens,M,3,1,D1,4,1,D1,2,8,16,8,16
217,1974,,/schedule/playoff-series/1974/series-a/mapleleafs-vs-bruins,A,1,1,D1,4,4,D4,0,6,10,6,10
218,1974,,/schedule/playoff-series/1974/series-b/rangers-vs-canadiens,B,1,2,D2,2,3,D3,4,3,8,8,3
219,1974,,/schedule/playoff-series/1974/series-c/flames-vs-flyers,C,1,1,D1,4,4,D4,0,4,47,4,47
220,1974,,/schedule/playoff-series/1974/series-d/kings-vs-blackhawks,D,1,2,D2,4,3,D3,1,16,26,16,26
221,1974,,/schedule/playoff-series/1974/series-i/blackhawks-vs-bruins,I,2,1,D1,4,2,D2,2,6,16,6,16
222,1974,,/schedule/playoff-series/1974/series-j/rangers-vs-flyers,J,2,1,D1,4,3,D3,3,4,3,4,3
223,1974,,/schedule/playoff-series/1974/series-m/flyers-vs-bruins,M,3,1,D1,2,1,D1,4,4,6,6,4
224,1975,,/schedule/playoff-series/1975/series-a/mapleleafs-vs-kings,A,1,4,D2,1,13,D3,2,10,26,26,10
225,1975,,/schedule/playoff-series/1975/series-b/blackhawks-vs-bruins,B,1,5,D2,1,12,D3,2,16,6,6,16
226,1975,,/schedule/playoff-series/1975/series-c/blues-vs-penguins,C,1,6,D3,2,10,D2,0,5,19,5,19
227,1975,,/schedule/playoff-series/1975/series-d/islanders-vs-rangers,D,1,7,D2,1,8,D3,2,2,3,3,2
228,1975,,/schedule/playoff-series/1975/series-i/mapleleafs-vs-flyers,I,2,1,D1,4,13,D3,0,4,10,4,10
229,1975,,/schedule/playoff-series/1975/series-j/blackhawks-vs-sabres,J,2,2,D1,4,12,D3,1,7,16,7,16
230,1975,,/schedule/playoff-series/1975/series-k/canucks-vs-canadiens,K,2,3,D1,4,9,D1,1,8,23,8,23
231,1975,,/schedule/playoff-series/1975/series-l/islanders-vs-penguins,L,2,6,D3,3,8,D3,4,2,5,5,2
232,1975,,/schedule/playoff-series/1975/series-m/islanders-vs-flyers,M,3,1,D1,4,8,D3,3,4,2,4,2
233,1975,,/schedule/playoff-series/1975/series-n/canadiens-vs-sabres,N,3,2,D1,4,3,D1,2,7,8,7,8
234,1975,,/schedule/playoff-series/1975/series-o/sabres-vs-flyers,O,4,1,D1,4,2,D1,2,4,7,4,7
235,1976,,/schedule/playoff-series/1976/series-a/sabres-vs-blues,A,1,12,D3,1,4,D2,2,7,19,19,7
236,1976,,/schedule/playoff-series/1976/series-b/canucks-vs-islanders,B,1,5,D2,2,11,D2,0,2,23,2,23
237,1976,,/schedule/playoff-series/1976/series-c/flames-vs-kings,C,1,6,D2,2,9,D3,0,26,47,26,47
238,1976,,/schedule/playoff-series/1976/series-d/penguins-vs-mapleleafs,D,1,7,D3,2,8,D3,1,10,5,10,5
239,1976,,/schedule/playoff-series/1976/series-i/blackhawks-vs-canadiens,I,2,1,D1,4,10,D1,0,8,16,8,16
240,1976,,/schedule/playoff-series/1976/series-j/mapleleafs-vs-flyers,J,2,2,D1,4,7,D3,3,4,10,4,10
241,1976,,/schedule/playoff-series/1976/series-k/kings-vs-bruins,K,2,3,D1,4,6,D2,3,6,26,6,26
242,1976,,/schedule/playoff-series/1976/series-l/islanders-vs-sabres,L,2,4,D2,2,5,D2,4,2,7,7,2
243,1976,,/schedule/playoff-series/1976/series-m/islanders-vs-canadiens,M,3,1,D1,4,5,D2,1,8,2,8,2
244,1976,,/schedule/playoff-series/1976/series-n/bruins-vs-flyers,N,3,2,D1,4,3,D1,1,4,6,4,6
245,1976,,/schedule/playoff-series/1976/series-o/flyers-vs-canadiens,O,4,1,D1,4,2,D1,0,8,4,8,4
246,1977,,/schedule/playoff-series/1977/series-a/blackhawks-vs-islanders,A,1,4,D2,2,13,D3,0,2,16,2,16
247,1977,,/schedule/playoff-series/1977/series-b/northstars-vs-sabres,B,1,5,D2,2,12,D2,0,7,31,7,31
248,1977,,/schedule/playoff-series/1977/series-c/flames-vs-kings,C,1,6,D2,2,9,D3,1,26,47,26,47
249,1977,,/schedule/playoff-series/1977/series-d/mapleleafs-vs-penguins,D,1,7,D3,1,8,D3,2,10,5,5,10
250,1977,,/schedule/playoff-series/1977/series-i/blues-vs-canadiens,I,2,1,D1,4,10,D1,0,8,19,8,19
251,1977,,/schedule/playoff-series/1977/series-j/mapleleafs-vs-flyers,J,2,2,D1,4,8,D3,2,4,10,4,10
252,1977,,/schedule/playoff-series/1977/series-k/kings-vs-bruins,K,2,3,D1,4,6,D2,2,6,26,6,26
253,1977,,/schedule/playoff-series/1977/series-l/sabres-vs-islanders,L,2,4,D2,4,5,D2,0,2,7,2,7
254,1977,,/schedule/playoff-series/1977/series-m/islanders-vs-canadiens,M,3,1,D1,4,4,D2,2,8,2,8,2
255,1977,,/schedule/playoff-series/1977/series-n/bruins-vs-flyers,N,3,2,D1,0,3,D1,4,6,4,4,6
256,1977,,/schedule/playoff-series/1977/series-o/bruins-vs-canadiens,O,4,1,D1,4,3,D1,0,8,6,8,6
257,1978,,/schedule/playoff-series/1978/series-a/rockies-vs-flyers,A,1,4,D2,2,13,D2,0,4,35,4,35
258,1978,,/schedule/playoff-series/1978/series-b/rangers-vs-sabres,B,1,5,D2,2,2,C5,1,7,3,7,3
259,1978,,/schedule/playoff-series/1978/series-c/kings-vs-mapleleafs,C,1,6,C4,2,10,C6,0,10,26,10,26
260,1978,,/schedule/playoff-series/1978/series-d/redwings-vs-flames,D,1,7,C3,0,9,D2,2,17,47,47,17
261,1978,,/schedule/playoff-series/1978/series-i/redwings-vs-canadiens,I,2,1,D1,4,9,D2,1,8,17,8,17
262,1978,,/schedule/playoff-series/1978/series-j/blackhawks-vs-bruins,J,2,2,D1,4,8,D1,0,6,16,6,16
263,1978,,/schedule/playoff-series/1978/series-k/mapleleafs-vs-islanders,K,2,3,D1,3,6,C4,4,10,2,2,10
264,1978,,/schedule/playoff-series/1978/series-l/sabres-vs-flyers,L,2,4,D2,4,5,D2,1,4,7,4,7
265,1978,,/schedule/playoff-series/1978/series-m/mapleleafs-vs-canadiens,M,3,1,D1,4,6,C4,0,8,10,8,10
266,1978,,/schedule/playoff-series/1978/series-n/flyers-vs-bruins,N,3,2,D1,4,4,D2,1,6,4,6,4
267,1978,,/schedule/playoff-series/1978/series-o/bruins-vs-canadiens,O,4,1,D1,4,2,D1,2,8,6,8,6
268,1979,,/schedule/playoff-series/1979/series-a/canucks-vs-flyers,A,1,4,D2,2,13,D2,1,4,23,4,23
269,1979,,/schedule/playoff-series/1979/series-b/kings-vs-rangers,B,1,5,C3,2,10,C6,0,3,26,3,26
270,1979,,/schedule/playoff-series/1979/series-c/mapleleafs-vs-flames,C,1,1,C4,0,9,C5,2,10,47,47,10
271,1979,,/schedule/playoff-series/1979/series-d/penguins-vs-sabres,D,1,7,D2,1,8,D2,2,5,7,7,5
272,1979,,/schedule/playoff-series/1979/series-i/blackhawks-vs-islanders,I,2,1,D1,4,11,D1,0,2,16,2,16
273,1979,,/schedule/playoff-series/1979/series-j/mapleleafs-vs-canadiens,J,2,2,D1,4,9,C5,0,8,10,8,10
274,1979,,/schedule/playoff-series/1979/series-k/penguins-vs-bruins,K,2,3,D1,4,8,D2,0,6,5,6,5
275,1979,,/schedule/playoff-series/1979/series-l/rangers-vs-flyers,L,2,4,D2,1,5,C3,4,3,4,4,3
276,1979,,/schedule/playoff-series/1979/series-m/rangers-vs-islanders,M,3,1,D1,2,5,C3,4,3,2,2,3
277,1979,,/schedule/playoff-series/1979/series-n/bruins-vs-canadiens,N,3,2,D1,4,3,D1,3,8,6,8,6
278,1979,,/schedule/playoff-series/1979/series-o/rangers-vs-canadiens,O,4,2,D1,4,5,C3,1,8,3,8,3
279,1980,,/schedule/playoff-series/1980/series-a/oilers-vs-flyers,A,1,1,D1,3,4,L16,0,4,22,4,22
280,1980,,/schedule/playoff-series/1980/series-b/canucks-vs-sabres,B,1,1,D1,3,3,L15,1,7,23,7,23
281,1980,,/schedule/playoff-series/1980/series-c/whalers-vs-canadiens,C,1,1,D1,3,4,L14,0,8,34,8,34
282,1980,,/schedule/playoff-series/1980/series-d/penguins-vs-bruins,D,1,2,L4,3,3,L13,2,6,5,6,5
283,1980,,/schedule/playoff-series/1980/series-e/kings-vs-islanders,E,1,2,L5,3,2,L12,1,2,26,2,26
284,1980,,/schedule/playoff-series/1980/series-f/mapleleafs-vs-northstars,F,1,3,L6,3,4,L11,0,31,10,31,10
285,1980,,/schedule/playoff-series/1980/series-g/blues-vs-blackhawks,G,1,1,D1,3,2,L10,0,16,19,16,19
286,1980,,/schedule/playoff-series/1980/series-h/flames-vs-rangers,H,1,3,L8,3,4,L9,1,3,47,3,47
287,1980,,/schedule/playoff-series/1980/series-i/rangers-vs-flyers,I,2,1,D1,4,3,L8,1,4,3,4,3
288,1980,,/schedule/playoff-series/1980/series-j/blackhawks-vs-sabres,J,2,1,D1,4,1,D1,0,7,16,7,16
289,1980,,/schedule/playoff-series/1980/series-k/northstars-vs-canadiens,K,2,1,D1,3,3,L6,4,31,8,8,31
290,1980,,/schedule/playoff-series/1980/series-l/islanders-vs-bruins,L,2,2,L4,1,2,L5,4,2,6,6,2
291,1980,,/schedule/playoff-series/1980/series-m/northstars-vs-flyers,M,3,1,D1,4,3,L6,1,4,31,4,31
292,1980,,/schedule/playoff-series/1980/series-n/islanders-vs-sabres,N,3,1,D1,2,2,L5,4,2,7,7,2
293,1980,,/schedule/playoff-series/1980/series-o/islanders-vs-flyers,O,4,1,D1,2,2,L5,4,2,4,4,2
294,1981,,/schedule/playoff-series/1981/series-a/mapleleafs-vs-islanders,A,1,1,D1,3,2,L16,0,2,10,2,10
295,1981,,/schedule/playoff-series/1981/series-b/penguins-vs-blues,B,1,1,D1,3,3,L15,2,19,5,19,5
296,1981,,/schedule/playoff-series/1981/series-c/oilers-vs-canadiens,C,1,1,D1,0,4,L14,3,22,8,8,22
297,1981,,/schedule/playoff-series/1981/series-d/rangers-vs-kings,D,1,2,L4,1,4,L13,3,3,26,26,3
298,1981,,/schedule/playoff-series/1981/series-e/canucks-vs-sabres,E,1,1,D1,3,3,L12,0,7,23,7,23
299,1981,,/schedule/playoff-series/1981/series-f/nordiques-vs-flyers,F,1,2,L6,3,4,L11,2,4,32,4,32
300,1981,,/schedule/playoff-series/1981/series-g/blackhawks-vs-flames,G,1,3,L7,3,2,L10,0,20,16,20,16
301,1981,,/schedule/playoff-series/1981/series-h/northstars-vs-bruins,H,1,2,L8,0,3,L9,3,31,6,6,31
302,1981,,/schedule/playoff-series/1981/series-i/oilers-vs-islanders,I,2,1,D1,4,4,L14,2,2,22,2,22
303,1981,,/schedule/playoff-series/1981/series-j/rangers-vs-blues,J,2,1,D1,2,4,L13,4,3,19,19,3
304,1981,,/schedule/playoff-series/1981/series-k/northstars-vs-sabres,K,2,1,D1,1,3,L9,4,31,7,7,31
305,1981,,/schedule/playoff-series/1981/series-l/flames-vs-flyers,L,2,2,L6,3,3,L7,4,20,4,4,20
306,1981,,/schedule/playoff-series/1981/series-m/rangers-vs-islanders,M,3,1,D1,4,4,L13,0,2,3,2,3
307,1981,,/schedule/playoff-series/1981/series-n/northstars-vs-flames,N,3,3,L7,2,3,L9,4,31,20,20,31
308,1981,,/schedule/playoff-series/1981/series-o/northstars-vs-islanders,O,4,1,D1,4,3,L9,1,2,31,2,31
309,1982,,/schedule/playoff-series/1982/series-a/nordiques-vs-canadiens,A,1,1,D1,2,4,D4,3,32,8,8,32
310,1982,,/schedule/playoff-series/1982/series-b/sabres-vs-bruins,B,1,2,D2,3,3,D3,1,6,7,6,7
311,1982,,/schedule/playoff-series/1982/series-c/blackhawks-vs-northstars,C,1,1,D1,1,4,D4,3,16,31,31,16
312,1982,,/schedule/playoff-series/1982/series-d/blues-vs-jets(1979),D,1,2,D2,1,3,D3,3,19,33,33,19
313,1982,,/schedule/playoff-series/1982/series-e/penguins-vs-islanders,E,1,1,D1,3,4,D4,2,2,5,2,5
314,1982,,/schedule/playoff-series/1982/series-f/flyers-vs-rangers,F,1,2,D2,3,3,D3,1,3,4,3,4
315,1982,,/schedule/playoff-series/1982/series-g/kings-vs-oilers,G,1,1,D1,2,4,D4,3,26,22,22,26
316,1982,,/schedule/playoff-series/1982/series-h/flames-vs-canucks,H,1,2,D2,3,3,D3,0,23,20,23,20
317,1982,,/schedule/playoff-series/1982/series-i/nordiques-vs-bruins,I,2,2,D2,3,4,D4,4,32,6,6,32
318,1982,,/schedule/playoff-series/1982/series-j/blackhawks-vs-blues,J,2,3,D3,2,4,D4,4,16,19,19,16
319,1982,,/schedule/playoff-series/1982/series-k/rangers-vs-islanders,K,2,1,D1,4,2,D2,2,2,3,2,3
320,1982,,/schedule/playoff-series/1982/series-l/kings-vs-canucks,L,2,2,D2,4,4,D4,1,23,26,23,26
321,1982,,/schedule/playoff-series/1982/series-m/nordiques-vs-islanders,M,3,1,D1,4,4,D4,0,2,32,2,32
322,1982,,/schedule/playoff-series/1982/series-n/canucks-vs-blackhawks,N,3,4,D4,1,2,D2,4,23,16,16,23
323,1982,,/schedule/playoff-series/1982/series-o/canucks-vs-islanders,O,4,1,D1,4,2,D2,0,2,23,2,23
324,1983,,/schedule/playoff-series/1983/series-a/nordiques-vs-bruins,A,1,1,D1,3,4,D4,1,6,32,6,32
325,1983,,/schedule/playoff-series/1983/series-b/sabres-vs-canadiens,B,1,2,D2,0,3,D3,3,7,8,8,7
326,1983,,/schedule/playoff-series/1983/series-c/rangers-vs-flyers,C,1,1,D1,0,4,D4,3,3,4,4,3
327,1983,,/schedule/playoff-series/1983/series-d/capitals-vs-islanders,D,1,2,D2,3,3,D3,1,2,15,2,15
328,1983,,/schedule/playoff-series/1983/series-e/blues-vs-blackhawks,E,1,1,D1,3,4,D4,1,16,19,16,19
329,1983,,/schedule/playoff-series/1983/series-f/mapleleafs-vs-northstars,F,1,2,D2,3,3,D3,1,31,10,31,10
330,1983,,/schedule/playoff-series/1983/series-g/jets(1979)-vs-oilers,G,1,1,D1,3,4,D4,0,22,33,22,33
331,1983,,/schedule/playoff-series/1983/series-h/canucks-vs-flames,H,1,2,D2,3,3,D3,1,20,23,20,23
332,1983,,/schedule/playoff-series/1983/series-i/sabres-vs-bruins,I,2,1,D1,4,3,D3,3,6,7,6,7
333,1983,,/schedule/playoff-series/1983/series-j/rangers-vs-islanders,J,2,2,D2,4,4,D4,2,2,3,2,3
334,1983,,/schedule/playoff-series/1983/series-k/northstars-vs-blackhawks,K,2,1,D1,4,2,D2,1,16,31,16,31
335,1983,,/schedule/playoff-series/1983/series-l/flames-vs-oilers,L,2,1,D1,4,2,D2,1,22,20,22,20
336,1983,,/schedule/playoff-series/1983/series-m/islanders-vs-bruins,M,3,1,D1,2,2,D2,4,2,6,6,2
337,1983,,/schedule/playoff-series/1983/series-n/blackhawks-vs-oilers,N,3,1,D1,4,1,D1,0,22,16,22,16
338,1983,,/schedule/playoff-series/1983/series-o/islanders-vs-oilers,O,4,1,D1,0,2,D2,4,2,22,22,2
339,1984,,/schedule/playoff-series/1984/series-a/canadiens-vs-bruins,A,1,1,D1,0,4,D4,3,8,6,6,8
340,1984,,/schedule/playoff-series/1984/series-b/nordiques-vs-sabres,B,1,2,D2,0,3,D3,3,32,7,7,32
341,1984,,/schedule/playoff-series/1984/series-c/rangers-vs-islanders,C,1,1,D1,3,4,D4,2,2,3,2,3
342,1984,,/schedule/playoff-series/1984/series-d/flyers-vs-capitals,D,1,2,D2,3,3,D3,0,15,4,15,4
343,1984,,/schedule/playoff-series/1984/series-e/blackhawks-vs-northstars,E,1,1,D1,3,4,D4,2,31,16,31,16
344,1984,,/schedule/playoff-series/1984/series-f/redwings-vs-blues,F,1,2,D2,3,3,D3,1,19,17,19,17
345,1984,,/schedule/playoff-series/1984/series-g/jets(1979)-vs-oilers,G,1,1,D1,3,3,D4,0,22,33,22,33
346,1984,,/schedule/playoff-series/1984/series-h/canucks-vs-flames,H,1,2,D2,3,4,D3,1,20,23,20,23
347,1984,,/schedule/playoff-series/1984/series-i/canadiens-vs-nordiques,I,2,3,D3,2,4,D4,4,8,32,32,8
348,1984,,/schedule/playoff-series/1984/series-j/capitals-vs-islanders,J,2,1,D1,4,2,D2,1,2,15,2,15
349,1984,,/schedule/playoff-series/1984/series-k/blues-vs-northstars,K,2,1,D1,4,2,D2,3,31,19,31,19
350,1984,,/schedule/playoff-series/1984/series-l/flames-vs-oilers,L,2,1,D1,4,2,D2,3,22,20,22,20
351,1984,,/schedule/playoff-series/1984/series-m/islanders-vs-canadiens,M,3,4,D4,2,1,D1,4,2,8,8,2
352,1984,,/schedule/playoff-series/1984/series-n/northstars-vs-oilers,N,3,1,D1,4,1,D1,0,22,31,22,31
353,1984,,/schedule/playoff-series/1984/series-o/oilers-vs-islanders,O,4,1,D1,1,1,D1,4,22,2,2,22
354,1985,,/schedule/playoff-series/1985/series-a/bruins-vs-canadiens,A,1,1,D1,3,4,D4,2,8,6,8,6
355,1985,,/schedule/playoff-series/1985/series-b/sabres-vs-nordiques,B,1,2,D2,3,3,D3,2,32,7,32,7
356,1985,,/schedule/playoff-series/1985/series-c/rangers-vs-flyers,C,1,1,D1,3,4,D4,0,4,3,4,3
357,1985,,/schedule/playoff-series/1985/series-d/islanders-vs-capitals,D,1,2,D2,2,3,D3,3,2,15,15,2
358,1985,,/schedule/playoff-series/1985/series-e/northstars-vs-blues,E,1,1,D1,0,4,D4,3,31,19,19,31
359,1985,,/schedule/playoff-series/1985/series-f/redwings-vs-blackhawks,F,1,2,D2,3,3,D3,0,16,17,16,17
360,1985,,/schedule/playoff-series/1985/series-g/kings-vs-oilers,G,1,1,D1,3,4,D4,0,22,26,22,26
361,1985,,/schedule/playoff-series/1985/series-h/flames-vs-jets(1979),H,1,2,D2,3,3,D3,1,33,20,33,20
362,1985,,/schedule/playoff-series/1985/series-i/nordiques-vs-canadiens,I,2,1,D1,3,2,D2,4,32,8,8,32
363,1985,,/schedule/playoff-series/1985/series-j/islanders-vs-flyers,J,2,1,D1,4,3,D3,1,4,2,4,2
364,1985,,/schedule/playoff-series/1985/series-k/northstars-vs-blackhawks,K,2,2,D2,4,4,D4,2,16,31,16,31
365,1985,,/schedule/playoff-series/1985/series-l/jets(1979)-vs-oilers,L,2,1,D1,4,2,D2,0,22,33,22,33
366,1985,,/schedule/playoff-series/1985/series-m/flyers-vs-nordiques,M,3,2,D2,2,1,D1,4,4,32,32,4
367,1985,,/schedule/playoff-series/1985/series-n/blackhawks-vs-oilers,N,3,1,D1,4,2,D2,2,22,16,22,16
368,1985,,/schedule/playoff-series/1985/series-o/oilers-vs-flyers,O,4,1,D1,1,1,D1,4,22,4,4,22
369,1986,,/schedule/playoff-series/1986/series-a/whalers-vs-nordiques,A,1,1,D1,0,4,D4,3,34,32,32,34
370,1986,,/schedule/playoff-series/1986/series-b/bruins-vs-canadiens,B,1,2,D2,3,3,D3,0,8,6,8,6
371,1986,,/schedule/playoff-series/1986/series-c/rangers-vs-flyers,C,1,1,D1,2,4,D4,3,3,4,4,3
372,1986,,/schedule/playoff-series/1986/series-d/islanders-vs-capitals,D,1,2,D2,3,3,D3,0,15,2,15,2
373,1986,,/schedule/playoff-series/1986/series-e/mapleleafs-vs-blackhawks,E,1,1,D1,0,4,D4,3,10,16,16,10
374,1986,,/schedule/playoff-series/1986/series-f/blues-vs-northstars,F,1,2,D2,2,3,D3,3,19,31,31,19
375,1986,,/schedule/playoff-series/1986/series-g/canucks-vs-oilers,G,1,1,D1,3,3,D3,0,22,23,22,23
376,1986,,/schedule/playoff-series/1986/series-h/jets(1979)-vs-flames,H,1,2,D2,3,4,D4,0,20,33,20,33
377,1986,,/schedule/playoff-series/1986/series-i/whalers-vs-canadiens,I,2,2,D2,4,4,D4,3,8,34,8,34
378,1986,,/schedule/playoff-series/1986/series-j/rangers-vs-capitals,J,2,2,D2,2,4,D4,4,3,15,15,3
379,1986,,/schedule/playoff-series/1986/series-k/mapleleafs-vs-blues,K,2,3,D3,4,4,D4,3,19,10,19,10
380,1986,,/schedule/playoff-series/1986/series-l/flames-vs-oilers,L,2,1,D1,3,2,D2,4,20,22,22,20
381,1986,,/schedule/playoff-series/1986/series-m/rangers-vs-canadiens,M,3,2,D2,4,4,D4,1,8,3,8,3
382,1986,,/schedule/playoff-series/1986/series-n/blues-vs-flames,N,3,2,D2,4,3,D3,3,20,19,20,19
383,1986,,/schedule/playoff-series/1986/series-o/canadiens-vs-flames,O,4,2,D2,1,2,D2,4,8,20,20,8
384,1987,,/schedule/playoff-series/1987/series-a/nordiques-vs-whalers,A,1,2,D1,2,4,D4,4,32,34,34,32
385,1987,,/schedule/playoff-series/1987/series-b/bruins-vs-canadiens,B,1,1,D2,4,3,D3,0,8,6,8,6
386,1987,,/schedule/playoff-series/1987/series-c/rangers-vs-flyers,C,1,1,D1,4,4,D4,2,4,3,4,3
387,1987,,/schedule/playoff-series/1987/series-d/islanders-vs-capitals,D,1,2,D2,3,3,D3,4,2,15,15,2
388,1987,,/schedule/playoff-series/1987/series-e/mapleleafs-vs-blues,E,1,2,D1,2,3,D4,4,10,19,19,10
389,1987,,/schedule/playoff-series/1987/series-f/blackhawks-vs-redwings,F,1,1,D2,4,2,D3,0,17,16,17,16
390,1987,,/schedule/playoff-series/1987/series-g/kings-vs-oilers,G,1,1,D1,4,4,D4,1,22,26,22,26
391,1987,,/schedule/playoff-series/1987/series-h/jets(1979)-vs-flames,H,1,2,D2,2,3,D3,4,33,20,20,33
392,1987,,/schedule/playoff-series/1987/series-i/nordiques-vs-canadiens,I,2,1,D2,4,4,D4,3,8,32,8,32
393,1987,,/schedule/playoff-series/1987/series-j/islanders-vs-flyers,J,2,1,D1,4,3,D3,3,4,2,4,2
394,1987,,/schedule/playoff-series/1987/series-k/mapleleafs-vs-redwings,K,2,1,D2,4,3,D4,3,17,10,17,10
395,1987,,/schedule/playoff-series/1987/series-l/jets(1979)-vs-oilers,L,2,1,D1,4,3,D3,0,22,33,22,33
396,1987,,/schedule/playoff-series/1987/series-m/canadiens-vs-flyers,M,3,1,D1,4,1,D2,2,4,8,4,8
397,1987,,/schedule/playoff-series/1987/series-n/redwings-vs-oilers,N,3,1,D1,4,1,D2,1,22,17,22,17
398,1987,,/schedule/playoff-series/1987/series-o/flyers-vs-oilers,O,4,1,D1,4,1,D1,3,22,4,22,4
399,1988,,/schedule/playoff-series/1988/series-a/whalers-vs-canadiens,A,1,1,D1,4,2,D4,2,8,34,8,34
400,1988,,/schedule/playoff-series/1988/series-b/sabres-vs-bruins,B,1,1,D2,4,2,D3,2,6,7,6,7
401,1988,,/schedule/playoff-series/1988/series-c/devils-vs-islanders,C,1,1,D1,2,2,D4,4,1,2,2,1
402,1988,,/schedule/playoff-series/1988/series-d/flyers-vs-capitals,D,1,1,D3,4,2,D2,3,15,4,15,4
403,1988,,/schedule/playoff-series/1988/series-e/mapleleafs-vs-redwings,E,1,1,D1,4,2,D4,2,17,10,17,10
404,1988,,/schedule/playoff-series/1988/series-f/blackhawks-vs-blues,F,1,1,D2,4,2,D3,1,19,16,19,16
405,1988,,/schedule/playoff-series/1988/series-g/kings-vs-flames,G,1,1,D1,4,2,D4,1,20,26,20,26
406,1988,,/schedule/playoff-series/1988/series-h/jets(1979)-vs-oilers,H,1,1,D2,4,2,D3,1,22,33,22,33
407,1988,,/schedule/playoff-series/1988/series-i/bruins-vs-canadiens,I,2,1,D1,1,2,D2,4,6,8,8,6
408,1988,,/schedule/playoff-series/1988/series-j/devils-vs-capitals,J,2,1,D3,3,2,D4,4,1,15,15,1
409,1988,,/schedule/playoff-series/1988/series-k/blues-vs-redwings,K,2,1,D1,4,2,D2,1,17,19,17,19
410,1988,,/schedule/playoff-series/1988/series-l/oilers-vs-flames,L,2,1,D1,0,2,D2,4,22,20,20,22
411,1988,,/schedule/playoff-series/1988/series-m/devils-vs-bruins,M,3,1,D2,4,2,D4,3,6,1,6,1
412,1988,,/schedule/playoff-series/1988/series-n/redwings-vs-oilers,N,3,1,D2,4,2,D1,1,22,17,22,17
413,1988,,/schedule/playoff-series/1988/series-o/bruins-vs-oilers,O,4,1,D2,4,2,D2,0,22,6,22,6
414,1989,,/schedule/playoff-series/1989/series-a/whalers-vs-canadiens,A,1,1,D1,4,2,D4,0,8,34,8,34
415,1989,,/schedule/playoff-series/1989/series-b/sabres-vs-bruins,B,1,1,D2,4,2,D3,1,6,7,6,7
416,1989,,/schedule/playoff-series/1989/series-c/flyers-vs-capitals,C,1,1,D1,2,2,D4,4,4,15,15,4
417,1989,,/schedule/playoff-series/1989/series-d/rangers-vs-penguins,D,1,1,D2,4,2,D3,0,5,3,5,3
418,1989,,/schedule/playoff-series/1989/series-e/blackhawks-vs-redwings,E,1,1,D1,2,2,D4,4,16,17,17,16
419,1989,,/schedule/playoff-series/1989/series-f/northstars-vs-blues,F,1,1,D2,4,2,D3,1,19,31,19,31
420,1989,,/schedule/playoff-series/1989/series-g/canucks-vs-flames,G,1,1,D1,4,2,D4,3,20,23,20,23
421,1989,,/schedule/playoff-series/1989/series-h/oilers-vs-kings,H,1,1,D2,4,2,D3,3,26,22,26,22
422,1989,,/schedule/playoff-series/1989/series-i/bruins-vs-canadiens,I,2,1,D1,4,2,D2,1,8,6,8,6
423,1989,,/schedule/playoff-series/1989/series-j/flyers-vs-penguins,J,2,1,D2,3,2,D4,4,4,5,5,4
424,1989,,/schedule/playoff-series/1989/series-k/blackhawks-vs-blues,K,2,1,D2,1,2,D4,4,16,19,19,16
425,1989,,/schedule/playoff-series/1989/series-l/kings-vs-flames,L,2,1,D1,4,2,D2,0,20,26,20,26
426,1989,,/schedule/playoff-series/1989/series-m/flyers-vs-canadiens,M,3,1,D1,4,2,D4,2,8,4,8,4
427,1989,,/schedule/playoff-series/1989/series-n/blackhawks-vs-flames,N,3,1,D1,4,2,D4,1,20,16,20,16
428,1989,,/schedule/playoff-series/1989/series-o/canadiens-vs-flames,O,4,1,D1,4,2,D1,2,20,8,20,8
429,1990,,/schedule/playoff-series/1990/series-a/whalers-vs-bruins,A,1,1,D1,4,2,D4,3,6,34,6,34
430,1990,,/schedule/playoff-series/1990/series-b/canadiens-vs-sabres,B,1,1,D2,2,2,D3,4,8,7,7,8
431,1990,,/schedule/playoff-series/1990/series-c/islanders-vs-rangers,C,1,1,D1,4,2,D4,1,3,2,3,2
432,1990,,/schedule/playoff-series/1990/series-d/capitals-vs-devils,D,1,1,D2,2,2,D3,4,15,1,1,15
433,1990,,/schedule/playoff-series/1990/series-e/northstars-vs-blackhawks,E,1,1,D1,4,2,D4,3,16,31,16,31
434,1990,,/schedule/playoff-series/1990/series-f/mapleleafs-vs-blues,F,1,1,D2,4,2,D3,1,19,10,19,10
435,1990,,/schedule/playoff-series/1990/series-g/kings-vs-flames,G,1,1,D1,2,2,D4,4,26,20,20,26
436,1990,,/schedule/playoff-series/1990/series-h/jets(1979)-vs-oilers,H,1,1,D2,4,2,D3,3,22,33,22,33
437,1990,,/schedule/playoff-series/1990/series-i/canadiens-vs-bruins,I,2,1,D1,4,2,D3,1,6,8,6,8
438,1990,,/schedule/playoff-series/1990/series-j/capitals-vs-rangers,J,2,1,D1,1,2,D3,4,15,3,3,15
439,1990,,/schedule/playoff-series/1990/series-k/blues-vs-blackhawks,K,2,1,D1,4,2,D2,3,16,19,16,19
440,1990,,/schedule/playoff-series/1990/series-l/kings-vs-oilers,L,2,1,D2,4,2,D4,0,22,26,22,26
441,1990,,/schedule/playoff-series/1990/series-m/capitals-vs-bruins,M,3,1,D1,4,2,D3,0,6,15,6,15
442,1990,,/schedule/playoff-series/1990/series-n/blackhawks-vs-oilers,N,3,1,D2,4,2,D1,2,22,16,22,16
443,1990,,/schedule/playoff-series/1990/series-o/oilers-vs-bruins,O,4,1,D1,1,2,D2,4,22,6,6,22
444,1991,,/schedule/playoff-series/1991/series-a/whalers-vs-bruins,A,1,1,D1,4,2,D4,2,6,34,6,34
445,1991,,/schedule/playoff-series/1991/series-b/sabres-vs-canadiens,B,1,1,D2,4,2,D3,2,8,7,8,7
446,1991,,/schedule/playoff-series/1991/series-c/devils-vs-penguins,C,1,1,D1,4,2,D4,3,5,1,5,1
447,1991,,/schedule/playoff-series/1991/series-d/capitals-vs-rangers,D,1,1,D2,2,2,D3,4,15,3,3,15
448,1991,,/schedule/playoff-series/1991/series-e/northstars-vs-blackhawks,E,1,1,D1,2,2,D4,4,31,16,16,31
449,1991,,/schedule/playoff-series/1991/series-f/redwings-vs-blues,F,1,1,D2,4,2,D3,3,19,17,19,17
450,1991,,/schedule/playoff-series/1991/series-g/canucks-vs-kings,G,1,1,D1,4,2,D4,2,26,23,26,23
451,1991,,/schedule/playoff-series/1991/series-h/oilers-vs-flames,H,1,1,D2,3,2,D3,4,22,20,20,22
452,1991,,/schedule/playoff-series/1991/series-i/canadiens-vs-bruins,I,2,1,D1,4,2,D2,3,6,8,6,8
453,1991,,/schedule/playoff-series/1991/series-j/capitals-vs-penguins,J,2,1,D1,4,2,D3,1,5,15,5,15
454,1991,,/schedule/playoff-series/1991/series-k/northstars-vs-blues,K,2,1,D2,2,2,D4,4,31,19,19,31
455,1991,,/schedule/playoff-series/1991/series-l/oilers-vs-kings,L,2,1,D1,2,2,D3,4,22,26,26,22
456,1991,,/schedule/playoff-series/1991/series-m/penguins-vs-bruins,M,3,1,D1,2,2,D1,4,5,6,6,5
457,1991,,/schedule/playoff-series/1991/series-n/northstars-vs-oilers,N,3,1,D3,1,2,D4,4,31,22,22,31
458,1991,,/schedule/playoff-series/1991/series-o/northstars-vs-penguins,O,4,1,D1,4,2,D4,2,5,31,5,31
459,1992,,/schedule/playoff-series/1992/series-a/whalers-vs-canadiens,A,1,1,D1,4,2,D4,3,8,34,8,34
460,1992,,/schedule/playoff-series/1992/series-b/sabres-vs-bruins,B,1,1,D2,4,2,D3,3,6,7,6,7
461,1992,,/schedule/playoff-series/1992/series-c/devils-vs-rangers,C,1,1,D1,4,2,D4,3,3,1,3,1
462,1992,,/schedule/playoff-series/1992/series-d/penguins-vs-capitals,D,1,1,D2,3,2,D3,4,5,15,15,5
463,1992,,/schedule/playoff-series/1992/series-e/northstars-vs-redwings,E,1,1,D1,4,2,D4,3,17,31,17,31
464,1992,,/schedule/playoff-series/1992/series-f/blues-vs-blackhawks,F,1,1,D2,4,2,D3,2,16,19,16,19
465,1992,,/schedule/playoff-series/1992/series-g/jets(1979)-vs-canucks,G,1,1,D1,4,2,D4,3,23,33,23,33
466,1992,,/schedule/playoff-series/1992/series-h/oilers-vs-kings,H,1,1,D2,2,2,D3,4,22,26,26,22
467,1992,,/schedule/playoff-series/1992/series-i/bruins-vs-canadiens,I,2,1,D1,0,2,D2,4,6,8,8,6
468,1992,,/schedule/playoff-series/1992/series-j/penguins-vs-rangers,J,2,1,D1,2,2,D3,4,5,3,3,5
469,1992,,/schedule/playoff-series/1992/series-k/blackhawks-vs-redwings,K,2,1,D1,0,2,D2,4,16,17,17,16
470,1992,,/schedule/playoff-series/1992/series-l/oilers-vs-canucks,L,2,1,D1,2,2,D3,4,22,23,23,22
471,1992,,/schedule/playoff-series/1992/series-m/bruins-vs-penguins,M,3,1,D3,4,2,D2,0,5,6,5,6
472,1992,,/schedule/playoff-series/1992/series-n/oilers-vs-blackhawks,N,3,1,D2,4,2,D3,0,16,22,16,22
473,1992,,/schedule/playoff-series/1992/series-o/blackhawks-vs-penguins,O,4,1,D3,4,2,D2,0,5,16,5,16
474,1993,,/schedule/playoff-series/1993/series-a/sabres-vs-bruins,A,1,1,D1,0,2,D4,4,7,6,6,7
475,1993,,/schedule/playoff-series/1993/series-b/canadiens-vs-nordiques,B,1,1,D2,2,2,D3,4,8,32,32,8
476,1993,,/schedule/playoff-series/1993/series-c/devils-vs-penguins,C,1,1,D1,4,2,D4,1,5,1,5,1
477,1993,,/schedule/playoff-series/1993/series-d/islanders-vs-capitals,D,1,1,D2,2,2,D3,4,2,15,15,2
478,1993,,/schedule/playoff-series/1993/series-e/blues-vs-blackhawks,E,1,1,D1,0,2,D4,4,19,16,16,19
479,1993,,/schedule/playoff-series/1993/series-f/mapleleafs-vs-redwings,F,1,1,D2,3,2,D3,4,10,17,17,10
480,1993,,/schedule/playoff-series/1993/series-g/jets(1979)-vs-canucks,G,1,1,D1,4,2,D4,2,23,33,23,33
481,1993,,/schedule/playoff-series/1993/series-h/kings-vs-flames,H,1,1,D2,2,2,D3,4,26,20,20,26
482,1993,,/schedule/playoff-series/1993/series-i/sabres-vs-canadiens,I,2,1,D3,4,2,D4,0,8,7,8,7
483,1993,,/schedule/playoff-series/1993/series-j/islanders-vs-penguins,J,2,1,D1,3,2,D3,4,2,5,5,2
484,1993,,/schedule/playoff-series/1993/series-k/blues-vs-mapleleafs,K,2,1,D3,4,2,D4,3,10,19,10,19
485,1993,,/schedule/playoff-series/1993/series-l/kings-vs-canucks,L,2,1,D1,2,2,D3,4,26,23,23,26
486,1993,,/schedule/playoff-series/1993/series-m/islanders-vs-canadiens,M,3,1,D3,4,2,D3,1,8,2,8,2
487,1993,,/schedule/playoff-series/1993/series-n/kings-vs-mapleleafs,N,3,1,D3,3,2,D3,4,26,10,10,26
488,1993,,/schedule/playoff-series/1993/series-o/kings-vs-canadiens,O,4,1,D3,4,2,D3,1,8,26,8,26
489,1994,,/schedule/playoff-series/1994/series-a/islanders-vs-rangers,A,1,1,D1,4,8,C8,0,3,2,3,2
490,1994,,/schedule/playoff-series/1994/series-b/capitals-vs-penguins,B,1,3,D1,2,7,C7,4,15,5,5,15
491,1994,,/schedule/playoff-series/1994/series-c/sabres-vs-devils,C,1,2,C2,4,6,C6,3,1,7,1,7
492,1994,,/schedule/playoff-series/1994/series-d/canadiens-vs-bruins,D,1,4,C4,4,5,C5,3,6,8,6,8
493,1994,,/schedule/playoff-series/1994/series-e/sharks-vs-redwings,E,1,1,D1,3,8,C8,4,28,17,17,28
494,1994,,/schedule/playoff-series/1994/series-f/canucks-vs-flames,F,1,3,D1,3,7,C7,4,23,20,20,23
495,1994,,/schedule/playoff-series/1994/series-g/blackhawks-vs-mapleleafs,G,1,2,C2,4,6,C6,2,10,16,10,16
496,1994,,/schedule/playoff-series/1994/series-h/blues-vs-stars,H,1,4,C4,4,5,C5,0,25,19,25,19
497,1994,,/schedule/playoff-series/1994/series-i/capitals-vs-rangers,I,2,1,D1,4,7,C7,1,3,15,3,15
498,1994,,/schedule/playoff-series/1994/series-j/bruins-vs-devils,J,2,2,C2,4,4,C4,2,1,6,1,6
499,1994,,/schedule/playoff-series/1994/series-k/sharks-vs-mapleleafs,K,2,2,C2,4,8,C8,3,10,28,10,28
500,1994,,/schedule/playoff-series/1994/series-l/canucks-vs-stars,L,2,4,C4,1,7,C7,4,23,25,25,23
501,1994,,/schedule/playoff-series/1994/series-m/devils-vs-rangers,M,3,1,D1,4,2,C2,3,3,1,3,1
502,1994,,/schedule/playoff-series/1994/series-n/canucks-vs-mapleleafs,N,3,2,C2,1,7,C7,4,23,10,10,23
503,1994,,/schedule/playoff-series/1994/series-o/canucks-vs-rangers,O,4,1,D1,4,7,C7,3,3,23,3,23
504,1995,,/schedule/playoff-series/1995/series-a/rangers-vs-nordiques,A,1,1,D1,2,8,C8,4,3,32,32,3
505,1995,,/schedule/playoff-series/1995/series-b/sabres-vs-flyers,B,1,3,D1,4,7,C7,1,4,7,4,7
506,1995,,/schedule/playoff-series/1995/series-c/capitals-vs-penguins,C,1,2,C2,4,6,C6,3,5,15,5,15
507,1995,,/schedule/playoff-series/1995/series-d/devils-vs-bruins,D,1,4,C4,1,5,C5,4,1,6,6,1
508,1995,,/schedule/playoff-series/1995/series-e/stars-vs-redwings,E,1,1,D1,4,8,C8,1,17,25,17,25
509,1995,,/schedule/playoff-series/1995/series-f/sharks-vs-flames,F,1,3,D1,3,7,C7,4,28,20,20,28
510,1995,,/schedule/playoff-series/1995/series-g/canucks-vs-blues,G,1,2,C2,3,6,C6,4,23,19,19,23
511,1995,,/schedule/playoff-series/1995/series-h/mapleleafs-vs-blackhawks,H,1,4,C4,4,5,C5,3,16,10,16,10
512,1995,,/schedule/playoff-series/1995/series-i/rangers-vs-flyers,I,2,3,D1,4,8,C8,0,4,3,4,3
513,1995,,/schedule/playoff-series/1995/series-j/devils-vs-penguins,J,2,2,C2,1,5,C5,4,1,5,5,1
514,1995,,/schedule/playoff-series/1995/series-k/sharks-vs-redwings,K,2,1,D1,4,7,C7,0,17,28,17,28
515,1995,,/schedule/playoff-series/1995/series-l/canucks-vs-blackhawks,L,2,4,C4,4,6,C6,0,16,23,16,23
516,1995,,/schedule/playoff-series/1995/series-m/devils-vs-flyers,M,3,3,D1,2,5,C5,4,1,4,4,1
517,1995,,/schedule/playoff-series/1995/series-n/blackhawks-vs-redwings,N,3,1,D1,4,4,C4,1,17,16,17,16
518,1995,,/schedule/playoff-series/1995/series-o/devils-vs-redwings,O,4,1,D1,0,5,C5,4,1,17,17,1
519,1996,,/schedule/playoff-series/1996/series-a/lightning-vs-flyers,A,1,1,D1,4,8,C8,2,4,14,4,14
520,1996,,/schedule/playoff-series/1996/series-b/capitals-vs-penguins,B,1,2,D1,4,7,C7,2,5,15,5,15
521,1996,,/schedule/playoff-series/1996/series-c/canadiens-vs-rangers,C,1,3,C3,4,6,C6,2,3,8,3,8
522,1996,,/schedule/playoff-series/1996/series-d/bruins-vs-panthers,D,1,4,C4,4,5,C5,1,13,6,13,6
523,1996,,/schedule/playoff-series/1996/series-e/jets(1979)-vs-redwings,E,1,1,D1,4,8,C8,2,17,33,17,33
524,1996,,/schedule/playoff-series/1996/series-f/canucks-vs-avalanche,F,1,2,D1,4,7,C7,2,21,23,21,23
525,1996,,/schedule/playoff-series/1996/series-g/flames-vs-blackhawks,G,1,3,C3,4,6,C6,0,16,20,16,20
526,1996,,/schedule/playoff-series/1996/series-h/blues-vs-mapleleafs,H,1,4,C4,2,5,C5,4,19,10,10,19
527,1996,,/schedule/playoff-series/1996/series-i/panthers-vs-flyers,I,2,1,D1,2,4,C4,4,13,4,4,13
528,1996,,/schedule/playoff-series/1996/series-j/rangers-vs-penguins,J,2,2,D1,4,3,C3,1,5,3,5,3
529,1996,,/schedule/playoff-series/1996/series-k/blues-vs-redwings,K,2,1,D1,4,5,C5,3,17,19,17,19
530,1996,,/schedule/playoff-series/1996/series-l/blackhawks-vs-avalanche,L,2,2,D1,4,3,C3,2,21,16,21,16
531,1996,,/schedule/playoff-series/1996/series-m/panthers-vs-penguins,M,3,2,D1,3,4,C4,4,13,5,5,13
532,1996,,/schedule/playoff-series/1996/series-n/avalanche-vs-redwings,N,3,1,D1,2,2,D1,4,21,17,17,21
533,1996,,/schedule/playoff-series/1996/series-o/panthers-vs-avalanche,O,4,2,D1,4,4,C4,0,21,13,21,13
534,1997,,/schedule/playoff-series/1997/series-a/canadiens-vs-devils,A,1,1,D1,4,8,C8,1,1,8,1,8
535,1997,,/schedule/playoff-series/1997/series-b/senators-vs-sabres,B,1,3,D1,4,7,C7,3,7,9,7,9
536,1997,,/schedule/playoff-series/1997/series-c/penguins-vs-flyers,C,1,2,C2,4,6,C6,1,4,5,4,5
537,1997,,/schedule/playoff-series/1997/series-d/rangers-vs-panthers,D,1,4,C4,1,5,C5,4,3,13,13,3
538,1997,,/schedule/playoff-series/1997/series-e/blackhawks-vs-avalanche,E,1,1,D1,4,8,C8,2,21,16,21,16
539,1997,,/schedule/playoff-series/1997/series-f/oilers-vs-stars,F,1,2,D1,3,7,C7,4,22,25,25,22
540,1997,,/schedule/playoff-series/1997/series-g/blues-vs-redwings,G,1,3,C3,4,6,C6,2,17,19,17,19
541,1997,,/schedule/playoff-series/1997/series-h/coyotes-vs-ducks,H,1,4,C4,4,5,C5,3,24,27,24,27
542,1997,,/schedule/playoff-series/1997/series-i/rangers-vs-devils,I,2,1,D1,1,5,C5,4,3,1,1,3
543,1997,,/schedule/playoff-series/1997/series-j/flyers-vs-sabres,J,2,3,D1,1,2,C2,4,4,7,7,4
544,1997,,/schedule/playoff-series/1997/series-k/oilers-vs-avalanche,K,2,1,D1,4,7,C7,1,21,22,21,22
545,1997,,/schedule/playoff-series/1997/series-l/ducks-vs-redwings,L,2,3,C3,4,4,C4,0,17,24,17,24
546,1997,,/schedule/playoff-series/1997/series-m/rangers-vs-flyers,M,3,2,C2,4,5,C5,1,4,3,4,3
547,1997,,/schedule/playoff-series/1997/series-n/redwings-vs-avalanche,N,3,1,D1,2,3,C3,4,17,21,21,17
548,1997,,/schedule/playoff-series/1997/series-o/redwings-vs-flyers,O,4,2,C2,0,3,C3,4,17,4,4,17
549,1998,,/schedule/playoff-series/1998/series-a/senators-vs-devils,A,1,1,D1,2,8,C8,4,9,1,1,9
550,1998,,/schedule/playoff-series/1998/series-b/canadiens-vs-penguins,B,1,2,D1,2,7,C7,4,8,5,5,8
551,1998,,/schedule/playoff-series/1998/series-c/sabres-vs-flyers,C,1,3,C3,1,6,C6,4,7,4,4,7
552,1998,,/schedule/playoff-series/1998/series-d/bruins-vs-capitals,D,1,4,C4,4,5,C5,2,15,6,15,6
553,1998,,/schedule/playoff-series/1998/series-e/sharks-vs-stars,E,1,1,D1,4,8,C8,2,25,28,25,28
554,1998,,/schedule/playoff-series/1998/series-f/oilers-vs-avalanche,F,1,4,D1,3,7,C7,4,22,21,21,22
555,1998,,/schedule/playoff-series/1998/series-g/coyotes-vs-redwings,G,1,2,C2,4,6,C6,2,17,27,17,27
556,1998,,/schedule/playoff-series/1998/series-h/kings-vs-blues,H,1,3,C3,4,5,C5,0,19,26,19,26
557,1998,,/schedule/playoff-series/1998/series-i/senators-vs-capitals,I,2,4,C4,4,8,C8,1,15,9,15,9
558,1998,,/schedule/playoff-series/1998/series-j/canadiens-vs-sabres,J,2,6,C6,4,7,C7,0,7,8,7,8
559,1998,,/schedule/playoff-series/1998/series-k/oilers-vs-stars,K,2,1,D1,4,7,C7,1,25,22,25,22
560,1998,,/schedule/playoff-series/1998/series-l/blues-vs-redwings,L,2,2,C2,4,3,C3,2,17,19,17,19
561,1998,,/schedule/playoff-series/1998/series-m/sabres-vs-capitals,M,3,4,C4,4,6,C6,2,15,7,15,7
562,1998,,/schedule/playoff-series/1998/series-n/redwings-vs-stars,N,3,1,D1,2,2,C2,4,17,25,25,17
563,1998,,/schedule/playoff-series/1998/series-o/capitals-vs-redwings,O,4,2,C2,4,4,C4,0,17,15,17,15
564,1999,,/schedule/playoff-series/1999/series-a/penguins-vs-devils,A,1,1,D1,3,8,C8,4,5,1,1,5
565,1999,,/schedule/playoff-series/1999/series-b/sabres-vs-senators,B,1,2,D1,0,7,C7,4,7,9,9,7
566,1999,,/schedule/playoff-series/1999/series-c/bruins-vs-hurricanes,C,1,3,D1,2,6,C6,4,6,12,12,6
567,1999,,/schedule/playoff-series/1999/series-d/flyers-vs-mapleleafs,D,1,4,C4,4,5,C5,2,10,4,10,4
568,1999,,/schedule/playoff-series/1999/series-e/oilers-vs-stars,E,1,1,D1,4,8,C8,0,25,22,25,22
569,1999,,/schedule/playoff-series/1999/series-f/avalanche-vs-sharks,F,1,7,C7,2,2,D1,4,21,28,28,21
570,1999,,/schedule/playoff-series/1999/series-g/ducks-vs-redwings,G,1,3,D1,4,6,C6,0,17,24,17,24
571,1999,,/schedule/playoff-series/1999/series-h/blues-vs-coyotes,H,1,4,C4,3,5,C5,4,19,27,27,19
572,1999,,/schedule/playoff-series/1999/series-i/penguins-vs-mapleleafs,I,2,4,C4,4,8,C8,2,10,5,10,5
573,1999,,/schedule/playoff-series/1999/series-j/sabres-vs-bruins,J,2,6,C6,2,7,C7,4,7,6,6,7
574,1999,,/schedule/playoff-series/1999/series-k/blues-vs-stars,K,2,1,D1,4,5,C5,2,25,19,25,19
575,1999,,/schedule/playoff-series/1999/series-l/redwings-vs-avalanche,L,2,2,D1,4,3,D1,2,21,17,21,17
576,1999,,/schedule/playoff-series/1999/series-m/sabres-vs-mapleleafs,M,3,4,C4,1,7,C7,4,7,10,10,7
577,1999,,/schedule/playoff-series/1999/series-n/avalanche-vs-stars,N,3,1,D1,4,2,D1,3,25,21,25,21
578,1999,,/schedule/playoff-series/1999/series-o/sabres-vs-stars,O,4,1,D1,4,7,C7,2,25,7,25,7
579,2000,,/schedule/playoff-series/2000/series-a/sabres-vs-flyers,A,1,1,D1,4,8,C8,1,4,7,4,7
580,2000,,/schedule/playoff-series/2000/series-b/penguins-vs-capitals,B,1,2,D1,1,7,C7,4,5,15,15,5
581,2000,,/schedule/playoff-series/2000/series-c/senators-vs-mapleleafs,C,1,3,D1,4,6,C6,2,10,9,10,9
582,2000,,/schedule/playoff-series/2000/series-d/panthers-vs-devils,D,1,4,C4,4,5,C5,0,1,13,1,13
583,2000,,/schedule/playoff-series/2000/series-e/sharks-vs-blues,E,1,1,D1,3,8,C8,4,28,19,19,28
584,2000,,/schedule/playoff-series/2000/series-f/oilers-vs-stars,F,1,2,D1,4,7,C7,1,25,22,25,22
585,2000,,/schedule/playoff-series/2000/series-g/coyotes-vs-avalanche,G,1,3,D1,4,6,C6,1,21,27,21,27
586,2000,,/schedule/playoff-series/2000/series-h/kings-vs-redwings,H,1,4,C4,4,5,C5,0,17,26,17,26
587,2000,,/schedule/playoff-series/2000/series-i/penguins-vs-flyers,I,2,1,D1,4,7,C7,2,4,5,4,5
588,2000,,/schedule/playoff-series/2000/series-j/devils-vs-mapleleafs,J,2,3,D1,2,4,C4,4,1,10,10,1
589,2000,,/schedule/playoff-series/2000/series-k/sharks-vs-stars,K,2,2,D1,4,8,C8,1,25,28,25,28
590,2000,,/schedule/playoff-series/2000/series-l/redwings-vs-avalanche,L,2,3,D1,4,4,C4,1,21,17,21,17
591,2000,,/schedule/playoff-series/2000/series-m/devils-vs-flyers,M,3,1,D1,3,4,C4,4,1,4,4,1
592,2000,,/schedule/playoff-series/2000/series-n/avalanche-vs-stars,N,3,2,D1,4,3,D1,3,25,21,25,21
593,2000,,/schedule/playoff-series/2000/series-o/stars-vs-devils,O,4,4,C4,4,2,D1,2,1,25,1,25
594,2001,,/schedule/playoff-series/2001/series-a/hurricanes-vs-devils,A,1,1,D1,4,8,C8,2,1,12,1,12
595,2001,,/schedule/playoff-series/2001/series-b/mapleleafs-vs-senators,B,1,2,D1,0,7,C7,4,10,9,9,10
596,2001,,/schedule/playoff-series/2001/series-c/penguins-vs-capitals,C,1,3,D1,2,6,C6,4,5,15,15,5
597,2001,,/schedule/playoff-series/2001/series-d/sabres-vs-flyers,D,1,4,C4,2,5,C5,4,7,4,4,7
598,2001,,/schedule/playoff-series/2001/series-e/canucks-vs-avalanche,E,1,1,D1,4,8,C8,0,21,23,21,23
599,2001,,/schedule/playoff-series/2001/series-f/kings-vs-redwings,F,1,2,D1,2,7,C7,4,26,17,17,26
600,2001,,/schedule/playoff-series/2001/series-g/oilers-vs-stars,G,1,3,D1,4,6,C6,2,25,22,25,22
601,2001,,/schedule/playoff-series/2001/series-h/sharks-vs-blues,H,1,4,C4,4,5,C5,2,19,28,19,28
602,2001,,/schedule/playoff-series/2001/series-i/mapleleafs-vs-devils,I,2,1,D1,4,7,C7,3,1,10,1,10
603,2001,,/schedule/playoff-series/2001/series-j/penguins-vs-sabres,J,2,5,C5,3,6,C6,4,5,7,7,5
604,2001,,/schedule/playoff-series/2001/series-k/kings-vs-avalanche,K,2,1,D1,4,7,C7,3,21,26,21,26
605,2001,,/schedule/playoff-series/2001/series-l/blues-vs-stars,L,2,3,D1,0,4,C4,4,19,25,25,19
606,2001,,/schedule/playoff-series/2001/series-m/penguins-vs-devils,M,3,1,D1,4,6,C6,1,1,5,1,5
607,2001,,/schedule/playoff-series/2001/series-n/blues-vs-avalanche,N,3,1,D1,4,4,C4,1,21,19,21,19
608,2001,,/schedule/playoff-series/2001/series-o/devils-vs-avalanche,O,4,1,D1,4,1,D1,3,21,1,21,1
609,2002,,/schedule/playoff-series/2002/series-a/canadiens-vs-bruins,A,1,1,D1,2,8,C8,4,8,6,6,8
610,2002,,/schedule/playoff-series/2002/series-b/senators-vs-flyers,B,1,2,D1,1,7,C7,4,9,4,4,9
611,2002,,/schedule/playoff-series/2002/series-c/devils-vs-hurricanes,C,1,3,D1,4,6,C6,2,12,1,12,1
612,2002,,/schedule/playoff-series/2002/series-d/islanders-vs-mapleleafs,D,1,4,C4,4,5,C5,3,10,2,10,2
613,2002,,/schedule/playoff-series/2002/series-e/canucks-vs-redwings,E,1,1,D1,4,8,C8,2,17,23,17,23
614,2002,,/schedule/playoff-series/2002/series-f/kings-vs-avalanche,F,1,2,D1,4,7,C7,3,21,26,21,26
615,2002,,/schedule/playoff-series/2002/series-g/coyotes-vs-sharks,G,1,3,D1,4,6,C6,1,28,27,28,27
616,2002,,/schedule/playoff-series/2002/series-h/blackhawks-vs-blues,H,1,4,C4,4,5,C5,1,19,16,19,16
617,2002,,/schedule/playoff-series/2002/series-i/canadiens-vs-hurricanes,I,2,3,D1,4,8,C8,2,12,8,12,8
618,2002,,/schedule/playoff-series/2002/series-j/senators-vs-mapleleafs,J,2,4,C4,4,7,C7,3,10,9,10,9
619,2002,,/schedule/playoff-series/2002/series-k/blues-vs-redwings,K,2,1,D1,4,4,C4,1,17,19,17,19
620,2002,,/schedule/playoff-series/2002/series-l/sharks-vs-avalanche,L,2,2,D1,4,3,D1,3,21,28,21,28
621,2002,,/schedule/playoff-series/2002/series-m/mapleleafs-vs-hurricanes,M,3,3,D1,4,4,C4,2,12,10,12,10
622,2002,,/schedule/playoff-series/2002/series-n/avalanche-vs-redwings,N,3,1,D1,4,2,D1,3,17,21,17,21
623,2002,,/schedule/playoff-series/2002/series-o/hurricanes-vs-redwings,O,4,1,D1,4,3,D1,1,17,12,17,12
624,2003,,/schedule/playoff-series/2003/series-a/islanders-vs-senators,A,1,1,D1,4,8,C8,1,9,2,9,2
625,2003,,/schedule/playoff-series/2003/series-b/bruins-vs-devils,B,1,2,D1,4,7,C7,1,1,6,1,6
626,2003,,/schedule/playoff-series/2003/series-c/capitals-vs-lightning,C,1,3,D1,4,6,C6,2,14,15,14,15
627,2003,,/schedule/playoff-series/2003/series-d/mapleleafs-vs-flyers,D,1,4,C4,4,5,C5,3,4,10,4,10
628,2003,,/schedule/playoff-series/2003/series-e/oilers-vs-stars,E,1,1,D1,4,8,C8,2,25,22,25,22
629,2003,,/schedule/playoff-series/2003/series-f/ducks-vs-redwings,F,1,2,D1,0,7,C7,4,24,17,17,24
630,2003,,/schedule/playoff-series/2003/series-g/wild-vs-avalanche,G,1,3,D1,3,6,C6,4,30,21,21,30
631,2003,,/schedule/playoff-series/2003/series-h/blues-vs-canucks,H,1,4,C4,4,5,C5,3,23,19,23,19
632,2003,,/schedule/playoff-series/2003/series-i/flyers-vs-senators,I,2,1,D1,4,4,C4,2,9,4,9,4
633,2003,,/schedule/playoff-series/2003/series-j/lightning-vs-devils,J,2,2,D1,4,3,D1,1,1,14,1,14
634,2003,,/schedule/playoff-series/2003/series-k/ducks-vs-stars,K,2,1,D1,2,7,C7,4,24,25,25,24
635,2003,,/schedule/playoff-series/2003/series-l/wild-vs-canucks,L,2,4,C4,3,6,C6,4,30,23,23,30
636,2003,,/schedule/playoff-series/2003/series-m/devils-vs-senators,M,3,1,D1,3,2,D1,4,1,9,9,1
637,2003,,/schedule/playoff-series/2003/series-n/ducks-vs-wild,N,3,6,C6,0,7,C7,4,24,30,30,24
638,2003,,/schedule/playoff-series/2003/series-o/ducks-vs-devils,O,4,2,D1,4,7,C7,3,1,24,1,24
639,2004,,/schedule/playoff-series/2004/series-a/islanders-vs-lightning,A,1,1,D1,4,8,C8,1,14,2,14,2
640,2004,,/schedule/playoff-series/2004/series-b/canadiens-vs-bruins,B,1,2,D1,3,7,C7,4,8,6,6,8
641,2004,,/schedule/playoff-series/2004/series-c/devils-vs-flyers,C,1,3,D1,4,6,C6,1,4,1,4,1
642,2004,,/schedule/playoff-series/2004/series-d/senators-vs-mapleleafs,D,1,4,C4,4,5,C5,3,10,9,10,9
643,2004,,/schedule/playoff-series/2004/series-e/predators-vs-redwings,E,1,1,D1,4,8,C8,2,17,18,17,18
644,2004,,/schedule/playoff-series/2004/series-f/blues-vs-sharks,F,1,2,D1,4,7,C7,1,28,19,28,19
645,2004,,/schedule/playoff-series/2004/series-g/flames-vs-canucks,G,1,3,D1,3,6,C6,4,20,23,23,20
646,2004,,/schedule/playoff-series/2004/series-h/stars-vs-avalanche,H,1,4,C4,4,5,C5,1,21,25,21,25
647,2004,,/schedule/playoff-series/2004/series-i/canadiens-vs-lightning,I,2,1,D1,4,7,C7,0,14,8,14,8
648,2004,,/schedule/playoff-series/2004/series-j/mapleleafs-vs-flyers,J,2,3,D1,4,4,C4,2,4,10,4,10
649,2004,,/schedule/playoff-series/2004/series-k/flames-vs-redwings,K,2,1,D1,2,6,C6,4,20,17,17,20
650,2004,,/schedule/playoff-series/2004/series-l/avalanche-vs-sharks,L,2,2,D1,4,4,C4,2,28,21,28,21
651,2004,,/schedule/playoff-series/2004/series-m/flyers-vs-lightning,M,3,1,D1,4,3,D1,3,14,4,14,4
652,2004,,/schedule/playoff-series/2004/series-n/flames-vs-sharks,N,3,2,D1,2,6,C6,4,20,28,28,20
653,2004,,/schedule/playoff-series/2004/series-o/flames-vs-lightning,O,4,1,D1,4,6,C6,3,14,20,14,20
654,2006,,/schedule/playoff-series/2006/series-a/lightning-vs-senators,A,1,1,D1,4,8,C8,1,9,14,9,14
655,2006,,/schedule/playoff-series/2006/series-b/canadiens-vs-hurricanes,B,1,2,D1,4,7,C7,2,12,8,12,8
656,2006,,/schedule/playoff-series/2006/series-c/rangers-vs-devils,C,1,3,D1,4,6,C6,0,1,3,1,3
657,2006,,/schedule/playoff-series/2006/series-d/flyers-vs-sabres,D,1,4,C4,4,5,C5,2,7,4,7,4
658,2006,,/schedule/playoff-series/2006/series-e/oilers-vs-redwings,E,1,1,D1,2,8,C8,4,22,17,17,22
659,2006,,/schedule/playoff-series/2006/series-f/avalanche-vs-stars,F,1,2,D1,1,7,C7,4,21,25,25,21
660,2006,,/schedule/playoff-series/2006/series-g/ducks-vs-flames,G,1,3,D1,3,6,C6,4,24,20,20,24
661,2006,,/schedule/playoff-series/2006/series-h/sharks-vs-predators,H,1,4,C4,1,5,C5,4,28,18,18,28
662,2006,,/schedule/playoff-series/2006/series-i/sabres-vs-senators,I,2,1,D1,1,4,C4,4,7,9,9,7
663,2006,,/schedule/playoff-series/2006/series-j/devils-vs-hurricanes,J,2,2,D1,4,3,D1,1,12,1,12,1
664,2006,,/schedule/playoff-series/2006/series-k/oilers-vs-sharks,K,2,5,C5,2,8,C8,4,22,28,28,22
665,2006,,/schedule/playoff-series/2006/series-l/avalanche-vs-ducks,L,2,6,C6,4,7,C7,0,24,21,24,21
666,2006,,/schedule/playoff-series/2006/series-m/sabres-vs-hurricanes,M,3,2,D1,4,4,C4,3,12,7,12,7
667,2006,,/schedule/playoff-series/2006/series-n/oilers-vs-ducks,N,3,6,C6,1,8,C8,4,22,24,24,22
668,2006,,/schedule/playoff-series/2006/series-o/oilers-vs-hurricanes,O,4,2,D1,4,8,C8,3,12,22,12,22
669,2007,,/schedule/playoff-series/2007/series-a/islanders-vs-sabres,A,1,1,D1,4,8,C8,1,7,2,7,2
670,2007,,/schedule/playoff-series/2007/series-b/lightning-vs-devils,B,1,2,D1,4,7,C7,2,1,14,1,14
671,2007,,/schedule/playoff-series/2007/series-c/rangers-vs-thrashers,C,1,3,D1,0,6,C6,4,3,11,11,3
672,2007,,/schedule/playoff-series/2007/series-d/penguins-vs-senators,D,1,4,C4,4,5,C5,1,9,5,9,5
673,2007,,/schedule/playoff-series/2007/series-e/flames-vs-redwings,E,1,1,D1,4,8,C8,2,17,20,17,20
674,2007,,/schedule/playoff-series/2007/series-f/wild-vs-ducks,F,1,2,D1,4,7,C7,1,24,30,24,30
675,2007,,/schedule/playoff-series/2007/series-g/stars-vs-canucks,G,1,3,D1,4,6,C6,3,23,25,23,25
676,2007,,/schedule/playoff-series/2007/series-h/sharks-vs-predators,H,1,4,C4,1,5,C5,4,28,18,18,28
677,2007,,/schedule/playoff-series/2007/series-i/rangers-vs-sabres,I,2,1,D1,4,6,C6,2,7,3,7,3
678,2007,,/schedule/playoff-series/2007/series-j/senators-vs-devils,J,2,2,D1,1,4,C4,4,9,1,1,9
679,2007,,/schedule/playoff-series/2007/series-k/sharks-vs-redwings,K,2,1,D1,4,5,C5,2,17,28,17,28
680,2007,,/schedule/playoff-series/2007/series-l/canucks-vs-ducks,L,2,2,D1,4,3,D1,1,24,23,24,23
681,2007,,/schedule/playoff-series/2007/series-m/senators-vs-sabres,M,3,1,D1,1,4,C4,4,9,7,7,9
682,2007,,/schedule/playoff-series/2007/series-n/ducks-vs-redwings,N,3,1,D1,2,2,D1,4,24,17,17,24
683,2007,,/schedule/playoff-series/2007/series-o/senators-vs-ducks,O,4,2,D1,4,4,C4,1,24,9,24,9
684,2008,,/schedule/playoff-series/2008/series-a/bruins-vs-canadiens,A,1,1,D1,4,8,C8,3,8,6,8,6
685,2008,,/schedule/playoff-series/2008/series-b/senators-vs-penguins,B,1,2,D1,4,7,C7,0,5,9,5,9
686,2008,,/schedule/playoff-series/2008/series-c/flyers-vs-capitals,C,1,3,D1,3,6,C6,4,4,15,15,4
687,2008,,/schedule/playoff-series/2008/series-d/rangers-vs-devils,D,1,4,C4,1,5,C5,4,3,1,1,3
688,2008,,/schedule/playoff-series/2008/series-e/predators-vs-redwings,E,1,1,D1,4,8,C8,2,17,18,17,18
689,2008,,/schedule/playoff-series/2008/series-f/flames-vs-sharks,F,1,2,D1,4,7,C7,3,28,20,28,20
690,2008,,/schedule/playoff-series/2008/series-g/avalanche-vs-wild,G,1,3,D1,2,6,C6,4,21,30,30,21
691,2008,,/schedule/playoff-series/2008/series-h/stars-vs-ducks,H,1,4,C4,2,5,C5,4,25,24,24,25
692,2008,,/schedule/playoff-series/2008/series-i/flyers-vs-canadiens,I,2,1,D1,1,6,C6,4,4,8,8,4
693,2008,,/schedule/playoff-series/2008/series-j/rangers-vs-penguins,J,2,2,D1,4,5,C5,1,5,3,5,3
694,2008,,/schedule/playoff-series/2008/series-k/avalanche-vs-redwings,K,2,1,D1,4,6,C6,0,17,21,17,21
695,2008,,/schedule/playoff-series/2008/series-l/stars-vs-sharks,L,2,2,D1,2,5,C5,4,25,28,28,25
696,2008,,/schedule/playoff-series/2008/series-m/flyers-vs-penguins,M,3,2,D1,4,6,C6,1,5,4,5,4
697,2008,,/schedule/playoff-series/2008/series-n/stars-vs-redwings,N,3,1,D1,4,5,C5,2,17,25,17,25
698,2008,,/schedule/playoff-series/2008/series-o/penguins-vs-redwings,O,4,1,D1,4,2,D1,2,17,5,17,5
699,2009,,/schedule/playoff-series/2009/series-a/canadiens-vs-bruins,A,1,1,D1,4,8,C8,0,6,8,6,8
700,2009,,/schedule/playoff-series/2009/series-b/rangers-vs-capitals,B,1,2,D1,4,7,C7,3,15,3,15,3
701,2009,,/schedule/playoff-series/2009/series-c/hurricanes-vs-devils,C,1,3,D1,3,6,C6,4,12,1,1,12
702,2009,,/schedule/playoff-series/2009/series-d/flyers-vs-penguins,D,1,4,C4,4,5,C5,2,5,4,5,4
703,2009,,/schedule/playoff-series/2009/series-e/ducks-vs-sharks,E,1,1,D1,2,8,C8,4,24,28,28,24
704,2009,,/schedule/playoff-series/2009/series-f/bluejackets-vs-redwings,F,1,2,D1,4,7,C7,0,17,29,17,29
705,2009,,/schedule/playoff-series/2009/series-g/blues-vs-canucks,G,1,3,D1,4,6,C6,0,23,19,23,19
706,2009,,/schedule/playoff-series/2009/series-h/flames-vs-blackhawks,H,1,4,C4,4,5,C5,2,16,20,16,20
707,2009,,/schedule/playoff-series/2009/series-i/hurricanes-vs-bruins,I,2,1,D1,3,6,C6,4,12,6,6,12
708,2009,,/schedule/playoff-series/2009/series-j/penguins-vs-capitals,J,2,2,D1,3,4,C4,4,5,15,15,5
709,2009,,/schedule/playoff-series/2009/series-k/ducks-vs-redwings,K,2,2,D1,4,8,C8,3,17,24,17,24
710,2009,,/schedule/playoff-series/2009/series-l/blackhawks-vs-canucks,L,2,3,D1,2,4,C4,4,16,23,23,16
711,2009,,/schedule/playoff-series/2009/series-m/hurricanes-vs-penguins,M,3,4,C4,4,6,C6,0,5,12,5,12
712,2009,,/schedule/playoff-series/2009/series-n/blackhawks-vs-redwings,N,3,2,D1,4,4,C4,1,17,16,17,16
713,2009,,/schedule/playoff-series/2009/series-o/penguins-vs-redwings,O,4,2,D1,3,4,C4,4,5,17,17,5
714,2010,,/schedule/playoff-series/2010/series-a/canadiens-vs-capitals,A,1,1,D1,3,8,C8,4,8,15,15,8
715,2010,,/schedule/playoff-series/2010/series-b/flyers-vs-devils,B,1,2,D1,1,7,C7,4,4,1,1,4
716,2010,,/schedule/playoff-series/2010/series-c/bruins-vs-sabres,C,1,3,D1,2,6,C6,4,6,7,7,6
717,2010,,/schedule/playoff-series/2010/series-d/senators-vs-penguins,D,1,4,C4,4,5,C5,2,5,9,5,9
718,2010,,/schedule/playoff-series/2010/series-e/avalanche-vs-sharks,E,1,1,D1,4,8,C8,2,28,21,28,21
719,2010,,/schedule/playoff-series/2010/series-f/predators-vs-blackhawks,F,1,2,D1,4,7,C7,2,16,18,16,18
720,2010,,/schedule/playoff-series/2010/series-g/kings-vs-canucks,G,1,3,D1,4,6,C6,2,23,26,23,26
721,2010,,/schedule/playoff-series/2010/series-h/redwings-vs-coyotes,H,1,4,C4,3,5,C5,4,17,27,27,17
722,2010,,/schedule/playoff-series/2010/series-i/canadiens-vs-penguins,I,2,4,C4,3,8,C8,4,8,5,5,8
723,2010,,/schedule/playoff-series/2010/series-j/flyers-vs-bruins,J,2,6,C6,3,7,C7,4,4,6,6,4
724,2010,,/schedule/playoff-series/2010/series-k/redwings-vs-sharks,K,2,1,D1,4,5,C5,1,28,17,28,17
725,2010,,/schedule/playoff-series/2010/series-l/canucks-vs-blackhawks,L,2,2,D1,4,3,D1,2,16,23,16,23
726,2010,,/schedule/playoff-series/2010/series-m/canadiens-vs-flyers,M,3,7,C7,4,8,C8,1,4,8,4,8
727,2010,,/schedule/playoff-series/2010/series-n/blackhawks-vs-sharks,N,3,1,D1,0,2,D1,4,16,28,28,16
728,2010,,/schedule/playoff-series/2010/series-o/flyers-vs-blackhawks,O,4,2,D1,4,7,C7,2,16,4,16,4
729,2011,,/schedule/playoff-series/2011/series-a/rangers-vs-capitals,A,1,1,D1,4,8,C8,1,15,3,15,3
730,2011,,/schedule/playoff-series/2011/series-b/sabres-vs-flyers,B,1,2,D1,4,7,C7,3,4,7,4,7
731,2011,,/schedule/playoff-series/2011/series-c/canadiens-vs-bruins,C,1,3,D1,4,6,C6,3,6,8,6,8
732,2011,,/schedule/playoff-series/2011/series-d/lightning-vs-penguins,D,1,4,C4,3,5,C5,4,14,5,5,14
733,2011,,/schedule/playoff-series/2011/series-e/blackhawks-vs-canucks,E,1,1,D1,4,8,C8,3,23,16,23,16
734,2011,,/schedule/playoff-series/2011/series-f/kings-vs-sharks,F,1,2,D1,4,7,C7,2,28,26,28,26
735,2011,,/schedule/playoff-series/2011/series-g/coyotes-vs-redwings,G,1,3,D1,4,6,C6,0,17,27,17,27
736,2011,,/schedule/playoff-series/2011/series-h/predators-vs-ducks,H,1,4,C4,2,5,C5,4,18,24,24,18
737,2011,,/schedule/playoff-series/2011/series-i/lightning-vs-capitals,I,2,1,D1,0,5,C5,4,14,15,15,14
738,2011,,/schedule/playoff-series/2011/series-j/bruins-vs-flyers,J,2,2,D1,0,3,D1,4,6,4,4,6
739,2011,,/schedule/playoff-series/2011/series-k/predators-vs-canucks,K,2,1,D1,4,5,C5,2,23,18,23,18
740,2011,,/schedule/playoff-series/2011/series-l/redwings-vs-sharks,L,2,2,D1,4,3,D1,3,28,17,28,17
741,2011,,/schedule/playoff-series/2011/series-m/lightning-vs-bruins,M,3,3,D1,4,5,C5,3,6,14,6,14
742,2011,,/schedule/playoff-series/2011/series-n/sharks-vs-canucks,N,3,1,D1,4,2,D1,1,23,28,23,28
743,2011,,/schedule/playoff-series/2011/series-o/bruins-vs-canucks,O,4,1,D1,3,3,D1,4,6,23,23,6
744,2012,,/schedule/playoff-series/2012/series-a/senators-vs-rangers,A,1,1,D1,4,8,C8,3,3,9,3,9
745,2012,,/schedule/playoff-series/2012/series-b/capitals-vs-bruins,B,1,2,D1,3,7,C7,4,15,6,6,15
746,2012,,/schedule/playoff-series/2012/series-c/devils-vs-panthers,C,1,3,D1,3,6,C6,4,1,13,13,1
747,2012,,/schedule/playoff-series/2012/series-d/flyers-vs-penguins,D,1,4,C4,2,5,C5,4,4,5,5,4
748,2012,,/schedule/playoff-series/2012/series-e/kings-vs-canucks,E,1,1,D1,1,8,C8,4,26,23,23,26
749,2012,,/schedule/playoff-series/2012/series-f/sharks-vs-blues,F,1,2,D1,4,7,C7,1,19,28,19,28
750,2012,,/schedule/playoff-series/2012/series-g/blackhawks-vs-coyotes,G,1,3,D1,4,6,C6,2,27,16,27,16
751,2012,,/schedule/playoff-series/2012/series-h/redwings-vs-predators,H,1,4,C4,4,5,C5,1,18,17,18,17
752,2012,,/schedule/playoff-series/2012/series-i/capitals-vs-rangers,I,2,1,D1,4,7,C7,3,3,15,3,15
753,2012,,/schedule/playoff-series/2012/series-j/devils-vs-flyers,J,2,5,C5,1,6,C6,4,1,4,4,1
754,2012,,/schedule/playoff-series/2012/series-k/kings-vs-blues,K,2,2,D1,0,8,C8,4,26,19,19,26
755,2012,,/schedule/playoff-series/2012/series-l/predators-vs-coyotes,L,2,3,D1,4,4,C4,1,27,18,27,18
756,2012,,/schedule/playoff-series/2012/series-m/devils-vs-rangers,M,3,1,D1,2,6,C6,4,1,3,3,1
757,2012,,/schedule/playoff-series/2012/series-n/kings-vs-coyotes,N,3,3,D1,1,8,C8,4,26,27,27,26
758,2012,,/schedule/playoff-series/2012/series-o/kings-vs-devils,O,4,6,C6,2,8,C8,4,26,1,1,26
759,2013,,/schedule/playoff-series/2013/series-a/islanders-vs-penguins,A,1,1,D1,4,8,C8,2,5,2,5,2
760,2013,,/schedule/playoff-series/2013/series-b/senators-vs-canadiens,B,1,2,D1,1,7,C7,4,9,8,8,9
761,2013,,/schedule/playoff-series/2013/series-c/rangers-vs-capitals,C,1,3,D1,3,6,C6,4,3,15,15,3
762,2013,,/schedule/playoff-series/2013/series-d/mapleleafs-vs-bruins,D,1,4,C4,4,5,C5,3,6,10,6,10
763,2013,,/schedule/playoff-series/2013/series-e/wild-vs-blackhawks,E,1,1,D1,4,8,C8,1,16,30,16,30
764,2013,,/schedule/playoff-series/2013/series-f/redwings-vs-ducks,F,1,2,D1,3,7,C7,4,17,24,24,17
765,2013,,/schedule/playoff-series/2013/series-g/sharks-vs-canucks,G,1,3,D1,0,6,C6,4,28,23,23,28
766,2013,,/schedule/playoff-series/2013/series-h/kings-vs-blues,H,1,4,C4,2,5,C5,4,26,19,19,26
767,2013,,/schedule/playoff-series/2013/series-i/senators-vs-penguins,I,2,1,D1,4,7,C7,1,5,9,5,9
768,2013,,/schedule/playoff-series/2013/series-j/rangers-vs-bruins,J,2,4,C4,4,6,C6,1,6,3,6,3
769,2013,,/schedule/playoff-series/2013/series-k/redwings-vs-blackhawks,K,2,1,D1,4,7,C7,3,16,17,16,17
770,2013,,/schedule/playoff-series/2013/series-l/sharks-vs-kings,L,2,5,C5,4,6,C6,3,26,28,26,28
771,2013,,/schedule/playoff-series/2013/series-m/bruins-vs-penguins,M,3,1,D1,0,4,C4,4,6,5,5,6
772,2013,,/schedule/playoff-series/2013/series-n/kings-vs-blackhawks,N,3,1,D1,4,5,C5,1,16,26,16,26
773,2013,,/schedule/playoff-series/2013/series-o/bruins-vs-blackhawks,O,4,1,D1,4,4,C4,2,16,6,16,6
774,2014,,/schedule/playoff-series/2014/series-a/redwings-vs-bruins,A,1,1,D1,4,4,WC2,1,6,17,6,17
775,2014,,/schedule/playoff-series/2014/series-b/canadiens-vs-lightning,B,1,2,D2,0,3,D3,4,8,14,14,8
776,2014,,/schedule/playoff-series/2014/series-c/bluejackets-vs-penguins,C,1,1,D1,4,4,WC1,2,5,29,5,29
777,2014,,/schedule/playoff-series/2014/series-d/flyers-vs-rangers,D,1,2,D2,4,3,D3,3,3,4,3,4
778,2014,,/schedule/playoff-series/2014/series-e/wild-vs-avalanche,E,1,1,D1,3,4,WC1,4,30,21,21,30
779,2014,,/schedule/playoff-series/2014/series-f/blackhawks-vs-blues,F,1,2,D2,2,3,D3,4,16,19,19,16
780,2014,,/schedule/playoff-series/2014/series-g/stars-vs-ducks,G,1,1,D1,4,4,WC2,2,24,25,24,25
781,2014,,/schedule/playoff-series/2014/series-h/kings-vs-sharks,H,1,2,D2,3,3,D3,4,26,28,28,26
782,2014,,/schedule/playoff-series/2014/series-i/canadiens-vs-bruins,I,2,1,D1,3,3,D3,4,8,6,6,8
783,2014,,/schedule/playoff-series/2014/series-j/rangers-vs-penguins,J,2,1,D1,3,2,D2,4,3,5,5,3
784,2014,,/schedule/playoff-series/2014/series-k/wild-vs-blackhawks,K,2,3,D3,4,4,WC1,2,16,30,16,30
785,2014,,/schedule/playoff-series/2014/series-l/kings-vs-ducks,L,2,1,D1,3,3,D3,4,26,24,24,26
786,2014,,/schedule/playoff-series/2014/series-m/rangers-vs-canadiens,M,3,3,D3,2,2,D2,4,3,8,8,3
787,2014,,/schedule/playoff-series/2014/series-n/kings-vs-blackhawks,N,3,3,D3,3,3,D3,4,26,16,16,26
788,2014,,/schedule/playoff-series/2014/series-o/rangers-vs-kings,O,4,3,D3,4,2,D2,1,26,3,26,3
789,2015,,/schedule/playoff-series/2015/series-a/senators-vs-canadiens,A,1,1,D1,4,4,WC1,2,8,9,8,9
790,2015,,/schedule/playoff-series/2015/series-b/redwings-vs-lightning,B,1,2,D2,4,3,D3,3,14,17,14,17
791,2015,,/schedule/playoff-series/2015/series-c/penguins-vs-rangers,C,1,1,D1,4,4,WC2,1,3,5,3,5
792,2015,,/schedule/playoff-series/2015/series-d/islanders-vs-capitals,D,1,2,D2,4,3,D3,3,15,2,15,2
793,2015,,/schedule/playoff-series/2015/series-e/wild-vs-blues,E,1,1,D1,2,4,WC1,4,30,19,19,30
794,2015,,/schedule/playoff-series/2015/series-f/blackhawks-vs-predators,F,1,2,D2,2,3,D3,4,16,18,18,16
795,2015,,/schedule/playoff-series/2015/series-g/jets-vs-ducks,G,1,1,D1,4,4,WC2,0,24,52,24,52
796,2015,,/schedule/playoff-series/2015/series-h/flames-vs-canucks,H,1,2,D2,2,3,D3,4,20,23,23,20
797,2015,,/schedule/playoff-series/2015/series-i/lightning-vs-canadiens,I,2,1,D1,2,2,D2,4,14,8,8,14
798,2015,,/schedule/playoff-series/2015/series-j/capitals-vs-rangers,J,2,1,D1,4,2,D2,3,3,15,3,15
799,2015,,/schedule/playoff-series/2015/series-k/wild-vs-blackhawks,K,2,3,D3,4,4,WC1,0,16,30,16,30
800,2015,,/schedule/playoff-series/2015/series-l/flames-vs-ducks,L,2,1,D1,4,3,D3,1,24,20,24,20
801,2015,,/schedule/playoff-series/2015/series-m/lightning-vs-rangers,M,3,1,D1,3,2,D2,4,14,3,3,14
802,2015,,/schedule/playoff-series/2015/series-n/blackhawks-vs-ducks,N,3,1,D1,3,3,D3,4,16,24,24,16
803,2015,,/schedule/playoff-series/2015/series-o/blackhawks-vs-lightning,O,4,2,D2,2,3,D3,4,16,14,14,16
804,2016,,/schedule/playoff-series/2016/series-a/islanders-vs-panthers,A,1,1,D1,2,4,WC1,4,2,13,13,2
805,2016,,/schedule/playoff-series/2016/series-b/redwings-vs-lightning,B,1,2,D2,4,3,D3,1,14,17,14,17
806,2016,,/schedule/playoff-series/2016/series-c/flyers-vs-capitals,C,1,1,D1,4,4,WC2,2,15,4,15,4
807,2016,,/schedule/playoff-series/2016/series-d/rangers-vs-penguins,D,1,2,D2,4,3,D3,1,5,3,5,3
808,2016,,/schedule/playoff-series/2016/series-e/wild-vs-stars,E,1,1,D1,4,4,WC2,2,25,30,25,30
809,2016,,/schedule/playoff-series/2016/series-f/blackhawks-vs-blues,F,1,2,D2,4,3,D3,3,19,16,19,16
810,2016,,/schedule/playoff-series/2016/series-g/predators-vs-ducks,G,1,1,D1,3,4,WC1,4,18,24,24,18
811,2016,,/schedule/playoff-series/2016/series-h/sharks-vs-kings,H,1,2,D2,1,3,D3,4,28,26,26,28
812,2016,,/schedule/playoff-series/2016/series-i/islanders-vs-lightning,I,2,2,D2,4,4,WC1,1,14,2,14,2
813,2016,,/schedule/playoff-series/2016/series-j/penguins-vs-capitals,J,2,1,D1,2,2,D2,4,5,15,15,5
814,2016,,/schedule/playoff-series/2016/series-k/blues-vs-stars,K,2,1,D1,3,2,D2,4,19,25,25,19
815,2016,,/schedule/playoff-series/2016/series-l/predators-vs-sharks,L,2,3,D3,4,4,WC1,3,28,18,28,18
816,2016,,/schedule/playoff-series/2016/series-m/lightning-vs-penguins,M,3,2,D2,4,2,D2,3,5,14,5,14
817,2016,,/schedule/playoff-series/2016/series-n/sharks-vs-blues,N,3,2,D2,2,3,D3,4,28,19,19,28
818,2016,,/schedule/playoff-series/2016/series-o/sharks-vs-penguins,O,4,2,D2,4,3,D3,2,5,28,5,28
819,2017,,/schedule/playoff-series/2017/series-a/rangers-vs-canadiens,A,1,1,D1,2,4,WC1,4,3,8,8,3
820,2017,,/schedule/playoff-series/2017/series-b/bruins-vs-senators,B,1,2,D2,4,3,D3,2,9,6,9,6
821,2017,,/schedule/playoff-series/2017/series-c/mapleleafs-vs-capitals,C,1,1,D1,4,4,WC2,2,15,10,15,10
822,2017,,/schedule/playoff-series/2017/series-d/bluejackets-vs-penguins,D,1,2,D2,4,3,D3,1,5,29,5,29
823,2017,,/schedule/playoff-series/2017/series-e/predators-vs-blackhawks,E,1,1,D1,0,4,WC2,4,18,16,16,18
824,2017,,/schedule/playoff-series/2017/series-f/blues-vs-wild,F,1,2,D2,1,3,D3,4,19,30,30,19
825,2017,,/schedule/playoff-series/2017/series-g/flames-vs-ducks,G,1,1,D1,4,4,WC1,0,24,20,24,20
826,2017,,/schedule/playoff-series/2017/series-h/sharks-vs-oilers,H,1,2,D2,4,3,D3,2,22,28,22,28
827,2017,,/schedule/playoff-series/2017/series-i/rangers-vs-senators,I,2,2,D2,4,4,WC1,2,9,3,9,3
828,2017,,/schedule/playoff-series/2017/series-j/penguins-vs-capitals,J,2,1,D1,3,2,D2,4,5,15,15,5
829,2017,,/schedule/playoff-series/2017/series-k/predators-vs-blues,K,2,3,D3,2,4,WC2,4,18,19,19,18
830,2017,,/schedule/playoff-series/2017/series-l/oilers-vs-ducks,L,2,1,D1,4,2,D2,3,24,22,24,22
831,2017,,/schedule/playoff-series/2017/series-m/senators-vs-penguins,M,3,2,D2,4,2,D2,3,5,9,5,9
832,2017,,/schedule/playoff-series/2017/series-n/predators-vs-ducks,N,3,1,D1,2,4,WC2,4,18,24,24,18
833,2017,,/schedule/playoff-series/2017/series-o/predators-vs-penguins,O,4,2,D2,4,4,WC2,2,5,18,5,18
834,2018,,/schedule/playoff-series/2018/series-a/devils-vs-lightning,A,1,1,D1,4,4,WC2,1,14,1,14,1
835,2018,,/schedule/playoff-series/2018/series-b/mapleleafs-vs-bruins,B,1,2,D2,4,3,D3,3,6,10,6,10
836,2018,,/schedule/playoff-series/2018/series-c/bluejackets-vs-capitals,C,1,1,D1,4,4,WC1,2,15,29,15,29
837,2018,,/schedule/playoff-series/2018/series-d/flyers-vs-penguins,D,1,2,D2,4,3,D3,2,5,4,5,4
838,2018,,/schedule/playoff-series/2018/series-e/avalanche-vs-predators,E,1,1,D1,4,4,WC2,2,18,21,18,21
839,2018,,/schedule/playoff-series/2018/series-f/wild-vs-jets,F,1,2,D2,4,3,D3,1,52,30,52,30
840,2018,,/schedule/playoff-series/2018/series-g/kings-vs-goldenknights,G,1,1,D1,4,4,WC1,0,54,26,54,26
841,2018,,/schedule/playoff-series/2018/series-h/sharks-vs-ducks,H,1,2,D2,0,3,D3,4,28,24,24,28
842,2018,,/schedule/playoff-series/2018/series-i/bruins-vs-lightning,I,2,1,D1,4,2,D2,1,14,6,14,6
843,2018,,/schedule/playoff-series/2018/series-j/penguins-vs-capitals,J,2,1,D1,4,2,D2,2,15,5,15,5
844,2018,,/schedule/playoff-series/2018/series-k/jets-vs-predators,K,2,1,D1,3,2,D2,4,52,18,18,52
845,2018,,/schedule/playoff-series/2018/series-l/sharks-vs-goldenknights,L,2,1,D1,4,3,D3,2,54,28,54,28
846,2018,,/schedule/playoff-series/2018/series-m/capitals-vs-lightning,M,3,1,D1,3,1,D1,4,15,14,14,15
847,2018,,/schedule/playoff-series/2018/series-n/goldenknights-vs-jets,N,3,2,D2,1,1,D1,4,54,52,52,54
848,2018,,/schedule/playoff-series/2018/series-o/capitals-vs-goldenknights,O,4,1,D1,1,1,D1,4,15,54,54,15
849,2019,,/schedule/playoff-series/2019/series-a/bluejackets-vs-lightning,A,1,1,D1,0,4,WC2,4,29,14,14,29
850,2019,,/schedule/playoff-series/2019/series-b/mapleleafs-vs-bruins,B,1,2,D2,4,3,D3,3,6,10,6,10
851,2019,,/schedule/playoff-series/2019/series-c/hurricanes-vs-capitals,C,1,1,D1,3,4,WC1,4,12,15,15,12
852,2019,,/schedule/playoff-series/2019/series-d/penguins-vs-islanders,D,1,2,D2,4,3,D3,0,2,5,2,5
853,2019,,/schedule/playoff-series/2019/series-e/stars-vs-predators,E,1,1,D1,2,4,WC1,4,25,18,18,25
854,2019,,/schedule/playoff-series/2019/series-f/blues-vs-jets,F,1,2,D2,2,3,D3,4,19,52,52,19
855,2019,,/schedule/playoff-series/2019/series-g/avalanche-vs-flames,G,1,1,D1,1,4,WC2,4,21,20,20,21
856,2019,,/schedule/playoff-series/2019/series-h/goldenknights-vs-sharks,H,1,2,D2,4,3,D3,3,28,54,28,54
857,2019,,/schedule/playoff-series/2019/series-i/bluejackets-vs-bruins,I,2,2,D2,4,4,WC2,2,6,29,6,29
858,2019,,/schedule/playoff-series/2019/series-j/hurricanes-vs-islanders,J,2,2,D2,0,4,WC1,4,12,2,2,12
859,2019,,/schedule/playoff-series/2019/series-k/stars-vs-blues,K,2,3,D3,4,4,WC1,3,19,25,19,25
860,2019,,/schedule/playoff-series/2019/series-l/avalanche-vs-sharks,L,2,2,D2,4,4,WC2,3,28,21,28,21
861,2019,,/schedule/playoff-series/2019/series-m/hurricanes-vs-bruins,M,3,2,D2,4,4,WC1,0,6,12,6,12
862,2019,,/schedule/playoff-series/2019/series-n/blues-vs-sharks,N,3,2,D2,2,3,D3,4,19,28,28,19
863,2019,,/schedule/playoff-series/2019/series-o/blues-vs-bruins,O,4,2,D2,3,3,D3,4,19,6,6,19
864,2020,,/schedule/playoff-series/2020/series-a/canadiens-vs-flyers,A,1,1,C4,4,8,C12,2,4,8,4,8
865,2020,,/schedule/playoff-series/2020/series-b/bluejackets-vs-lightning,B,1,2,C2,4,7,C9,1,14,29,14,29
866,2020,,/schedule/playoff-series/2020/series-c/islanders-vs-capitals,C,1,3,C3,1,6,C7,4,2,15,15,2
867,2020,,/schedule/playoff-series/2020/series-d/hurricanes-vs-bruins,D,1,4,C1,4,5,C6,1,6,12,6,12
868,2020,,/schedule/playoff-series/2020/series-e/blackhawks-vs-goldenknights,E,1,1,C3,4,8,C12,1,54,16,54,16
869,2020,,/schedule/playoff-series/2020/series-f/coyotes-vs-avalanche,F,1,2,C2,4,7,C11,1,21,53,21,53
870,2020,,/schedule/playoff-series/2020/series-g/flames-vs-stars,G,1,3,C4,4,6,C8,2,25,20,25,20
871,2020,,/schedule/playoff-series/2020/series-h/canucks-vs-blues,H,1,4,C1,2,5,C7,4,23,19,19,23
872,2020,,/schedule/playoff-series/2020/series-i/islanders-vs-flyers,I,2,1,C4,3,6,C7,4,2,4,4,2
873,2020,,/schedule/playoff-series/2020/series-j/bruins-vs-lightning,J,2,2,C2,4,4,C1,1,14,6,14,6
874,2020,,/schedule/playoff-series/2020/series-k/canucks-vs-goldenknights,K,2,1,C3,4,5,C7,3,54,23,54,23
875,2020,,/schedule/playoff-series/2020/series-l/stars-vs-avalanche,L,2,2,C2,3,3,C4,4,25,21,21,25
876,2020,,/schedule/playoff-series/2020/series-m/islanders-vs-lightning,M,3,2,C2,4,6,C7,2,14,2,14,2
877,2020,,/schedule/playoff-series/2020/series-n/stars-vs-goldenknights,N,3,1,C3,1,3,C4,4,25,54,54,25
878,2020,,/schedule/playoff-series/2020/series-o/stars-vs-lightning,O,4,2,C2,4,3,C4,2,14,25,14,25
879,2020,,/schedule/playoff-series/2020/series-s/canadiens-vs-penguins,S,0,5,C5,1,12,C12,3,8,5,5,8
880,2020,,/schedule/playoff-series/2020/series-t/rangers-vs-hurricanes,T,0,6,C6,3,11,C11,0,12,3,12,3
881,2020,,/schedule/playoff-series/2020/series-u/panthers-vs-islanders,U,0,7,C7,3,10,C10,1,2,13,2,13
882,2020,,/schedule/playoff-series/2020/series-v/bluejackets-vs-mapleleafs,V,0,8,C8,2,9,C9,3,29,10,10,29
883,2020,,/schedule/playoff-series/2020/series-w/blackhawks-vs-oilers,W,0,5,C5,1,12,C12,3,16,22,22,16
884,2020,,/schedule/playoff-series/2020/series-x/coyotes-vs-predators,X,0,6,C6,1,11,C11,3,53,18,18,53
885,2020,,/schedule/playoff-series/2020/series-y/wild-vs-canucks,Y,0,7,C7,3,10,C10,1,23,30,23,30
886,2020,,/schedule/playoff-series/2020/series-z/jets-vs-flames,Z,0,8,C8,3,9,C9,1,20,52,20,52
887,2021,,/schedule/playoff-series/2021/series-a/islanders-vs-penguins,A,1,1,D1,2,4,D4,4,2,5,5,2
888,2021,,/schedule/playoff-series/2021/series-b/bruins-vs-capitals,B,1,2,D2,1,3,D3,4,6,15,15,6
889,2021,,/schedule/playoff-series/2021/series-c/predators-vs-hurricanes,C,1,1,D1,4,4,D4,2,12,18,12,18
890,2021,,/schedule/playoff-series/2021/series-d/lightning-vs-panthers,D,1,2,D2,2,3,D3,4,14,13,13,14
891,2021,,/schedule/playoff-series/2021/series-e/blues-vs-avalanche,E,1,1,D1,4,4,D4,0,21,19,21,19
892,2021,,/schedule/playoff-series/2021/series-f/wild-vs-goldenknights,F,1,2,D2,4,3,D3,3,54,30,54,30
893,2021,,/schedule/playoff-series/2021/series-g/canadiens-vs-mapleleafs,G,1,1,D1,3,4,D4,4,8,10,10,8
894,2021,,/schedule/playoff-series/2021/series-h/jets-vs-oilers,H,1,2,D2,0,3,D3,4,52,22,22,52
895,2021,,/schedule/playoff-series/2021/series-i/islanders-vs-bruins,I,2,3,D3,2,4,D4,4,2,6,6,2
896,2021,,/schedule/playoff-series/2021/series-j/lightning-vs-hurricanes,J,2,1,D1,1,3,D3,4,14,12,12,14
897,2021,,/schedule/playoff-series/2021/series-k/goldenknights-vs-avalanche,K,2,1,D1,2,2,D2,4,54,21,21,54
898,2021,,/schedule/playoff-series/2021/series-l/canadiens-vs-jets,L,2,3,D3,0,4,D4,4,8,52,52,8
899,2021,,/schedule/playoff-series/2021/series-m/canadiens-vs-goldenknights,M,3,2,D2,2,4,D4,4,8,54,54,8
900,2021,,/schedule/playoff-series/2021/series-n/islanders-vs-lightning,N,3,3,D3,4,4,D4,3,14,2,14,2
901,2021,,/schedule/playoff-series/2021/series-o/canadiens-vs-lightning,O,4,3,D3,4,4,D4,1,14,8,14,8
902,2022,,/schedule/playoff-series/2022/series-a/capitals-vs-panthers,A,1,1,D1,4,4,WC2,2,13,15,13,15
903,2022,,/schedule/playoff-series/2022/series-b/lightning-vs-mapleleafs,B,1,2,D2,3,3,D3,4,14,10,10,14
904,2022,,/schedule/playoff-series/2022/series-c/bruins-vs-hurricanes,C,1,1,D1,4,4,WC1,3,12,6,12,6
905,2022,,/schedule/playoff-series/2022/series-d/penguins-vs-rangers,D,1,2,D2,4,3,D3,3,3,5,3,5
906,2022,,/schedule/playoff-series/2022/series-e/predators-vs-avalanche,E,1,1,D1,4,4,WC2,0,21,18,21,18
907,2022,,/schedule/playoff-series/2022/series-f/blues-vs-wild,F,1,2,D2,2,3,D3,4,19,30,30,19
908,2022,,/schedule/playoff-series/2022/series-g/stars-vs-flames,G,1,1,D1,4,4,WC1,3,20,25,20,25
909,2022,,/schedule/playoff-series/2022/series-h/kings-vs-oilers,H,1,2,D2,4,3,D3,3,22,26,22,26
910,2022,,/schedule/playoff-series/2022/series-i/lightning-vs-panthers,I,2,1,D1,0,3,D3,4,14,13,13,14
911,2022,,/schedule/playoff-series/2022/series-j/rangers-vs-hurricanes,J,2,1,D1,3,2,D2,4,3,12,12,3
912,2022,,/schedule/playoff-series/2022/series-k/blues-vs-avalanche,K,2,1,D1,4,3,D3,2,21,19,21,19
913,2022,,/schedule/playoff-series/2022/series-l/oilers-vs-flames,L,2,1,D1,1,2,D2,4,22,20,20,22
914,2022,,/schedule/playoff-series/2022/series-m/lightning-vs-rangers,M,3,2,D2,2,3,D3,4,14,3,3,14
915,2022,,/schedule/playoff-series/2022/series-n/oilers-vs-avalanche,N,3,1,D1,4,2,D2,0,21,22,21,22
916,2022,,/schedule/playoff-series/2022/series-o/lightning-vs-avalanche,O,4,1,D1,4,3,D3,2,21,14,21,14
917,2023,,/schedule/playoff-series/2023/series-a/panthers-vs-bruins,A,1,1,D1,3,4,WC2,4,13,6,6,13
918,2023,,/schedule/playoff-series/2023/series-b/lightning-vs-mapleleafs,B,1,2,D2,4,3,D3,2,10,14,10,14
919,2023,,/schedule/playoff-series/2023/series-c/islanders-vs-hurricanes,C,1,1,D1,4,4,WC1,2,12,2,12,2
920,2023,,/schedule/playoff-series/2023/series-d/rangers-vs-devils,D,1,2,D2,4,3,D3,3,1,3,1,3
921,2023,,/schedule/playoff-series/2023/series-e/kraken-vs-avalanche,E,1,1,D1,3,4,WC1,4,55,21,21,55
922,2023,,/schedule/playoff-series/2023/series-f/wild-vs-stars,F,1,2,D2,4,3,D3,2,25,30,25,30
923,2023,,/schedule/playoff-series/2023/series-g/jets-vs-goldenknights,G,1,1,D1,4,4,WC2,1,54,52,54,52
924,2023,,/schedule/playoff-series/2023/series-h/kings-vs-oilers,H,1,2,D2,4,3,D3,2,22,26,22,26
925,2023,,/schedule/playoff-series/2023/series-i/panthers-vs-mapleleafs,I,2,2,D2,1,4,WC2,4,13,10,10,13
926,2023,,/schedule/playoff-series/2023/series-j/devils-vs-hurricanes,J,2,1,D1,4,2,D2,1,12,1,12,1
927,2023,,/schedule/playoff-series/2023/series-k/kraken-vs-stars,K,2,2,D2,4,4,WC1,3,25,55,25,55
928,2023,,/schedule/playoff-series/2023/series-l/oilers-vs-goldenknights,L,2,1,D1,4,2,D2,2,54,22,54,22
929,2023,,/schedule/playoff-series/2023/series-m/panthers-vs-hurricanes,M,3,1,D1,0,4,WC2,4,13,12,12,13
930,2023,,/schedule/playoff-series/2023/series-n/stars-vs-goldenknights,N,3,1,D1,4,2,D2,2,54,25,54,25
931,2023,,/schedule/playoff-series/2023/series-o/panthers-vs-goldenknights,O,4,1,D1,4,4,WC2,1,54,13,54,13
932,2024,,/schedule/playoff-series/2024/series-a/lightning-vs-panthers,A,1,1,D1,4,4,WC1,1,13,14,13,14
933,2024,,/schedule/playoff-series/2024/series-b/mapleleafs-vs-bruins,B,1,2,D2,4,3,D3,3,6,10,6,10
934,2024,,/schedule/playoff-series/2024/series-c/capitals-vs-rangers,C,1,1,D1,4,4,WC2,0,3,15,3,15
935,2024,,/schedule/playoff-series/2024/series-d/islanders-vs-hurricanes,D,1,2,D2,4,3,D3,1,12,2,12,2
936,2024,,/schedule/playoff-series/2024/series-e/goldenknights-vs-stars,E,1,1,D1,4,4,WC2,3,25,54,25,54
937,2024,,/schedule/playoff-series/2024/series-f/avalanche-vs-jets,F,1,2,D2,1,3,D3,4,21,52,52,21
938,2024,,/schedule/playoff-series/2024/series-g/predators-vs-canucks,G,1,1,D1,4,4,WC1,2,23,18,23,18
939,2024,,/schedule/playoff-series/2024/series-h/kings-vs-oilers,H,1,2,D2,4,3,D3,1,22,26,22,26
940,2024,,/schedule/playoff-series/2024/series-i/bruins-vs-panthers,I,2,1,D1,4,2,D2,2,13,6,13,6
941,2024,,/schedule/playoff-series/2024/series-j/hurricanes-vs-rangers,J,2,1,D1,4,2,D2,2,3,12,3,12
942,2024,,/schedule/playoff-series/2024/series-k/avalanche-vs-stars,K,2,1,D1,4,3,D3,2,25,21,25,21
943,2024,,/schedule/playoff-series/2024/series-l/oilers-vs-canucks,L,2,1,D1,3,2,D2,4,22,23,23,22
944,2024,,/schedule/playoff-series/2024/series-m/panthers-vs-rangers,M,3,1,D1,2,1,D1,4,13,3,3,13
945,2024,,/schedule/playoff-series/2024/series-n/oilers-vs-stars,N,3,1,D1,2,2,D2,4,22,25,25,22
946,2024,,/schedule/playoff-series/2024/series-o/oilers-vs-panthers,O,4,1,D1,4,2,D2,3,13,22,13,22
