teamID,playerID,headshotURLs,firstName,lastName,positionCode,latestGamesPlayed,latestGoals,latestAssists,latestPoints,latestPlusMinus,latestShots,latestShootingPct,latestAvgTOI,latestAvgShifts,latestFOWinPct,latestGS,latestWins,latestLosses,latestTies,latestOTLosses,latestGAA,latestSavePct,latestSA,latestSaves,latestGA,latestSO,latestTOI
32,8445338,https://assets.nhle.com/mugs/nhl/19791980/QUE/8445338.png,Paul,Baxter,D,1,0,0,0,0,0,0.0,717.0,17.0,0.0,,,,,,,,,,,,
32,8445446,https://assets.nhle.com/mugs/nhl/19791980/QUE/8445446.png,Serge,Bernier,C,1,0,0,0,0,4,0.0,822.0,19.0,0.0,,,,,,,,,,,,
32,8445481,https://assets.nhle.com/mugs/nhl/19791980/QUE/8445481.png,Gilles,Bilodeau,L,1,0,0,0,0,2,0.0,864.0,17.0,0.0,,,,,,,,,,,,
32,8445666,https://assets.nhle.com/mugs/nhl/19791980/QUE/8445666.png,Curt,Brackenbury,R,1,0,0,0,0,1,0.0,1479.0,27.0,0.0,,,,,,,,,,,,
32,8446068,https://assets.nhle.com/mugs/nhl/19791980/QUE/8446068.png,Ron,Chipperfield,C,1,0,0,0,0,0,0.0,842.0,21.0,0.0,,,,,,,,,,,,
32,8446101,https://assets.nhle.com/mugs/nhl/19791980/QUE/8446101.png,Real,Cloutier,R,1,0,0,0,0,1,0.0,926.0,22.0,0.571429,,,,,,,,,,,,
32,8446104,https://assets.nhle.com/mugs/nhl/19791980/QUE/8446104.png,Roland,Cloutier,C,1,0,0,0,0,0,0.0,839.0,17.0,0.615385,,,,,,,,,,,,
32,8446178,https://assets.nhle.com/mugs/nhl/19791980/QUE/8446178.png,Alain,Cote,L,1,0,1,1,1,2,0.0,1347.0,29.0,0.0,,,,,,,,,,,,
32,8446317,https://assets.nhle.com/mugs/nhl/19791980/QUE/8446317.png,Richard,David,L,1,0,1,1,-2,5,0.0,794.0,17.0,0.0,,,,,,,,,,,,
32,8446774,https://assets.nhle.com/mugs/nhl/19791980/QUE/8446774.png,Dave,Farrish,D,1,1,0,1,1,7,0.142857,1287.0,22.0,0.526316,,,,,,,,,,,,
32,8446827,https://assets.nhle.com/mugs/nhl/19791980/QUE/8446827.png,Bob,Fitchner,C,1,1,0,1,1,5,0.2,1241.0,22.0,1.0,,,,,,,,,,,,
32,8446978,https://assets.nhle.com/mugs/nhl/19791980/QUE/8446978.png,Robbie,Ftorek,C,1,0,0,0,-1,0,0.0,849.0,19.0,0.0,,,,,,,,,,,,
32,8447310,https://assets.nhle.com/mugs/nhl/19791980/QUE/8447310.png,Michel,Goulet,L,1,0,0,0,-2,2,0.0,873.0,19.0,0.25,,,,,,,,,,,,
32,8447666,https://assets.nhle.com/mugs/nhl/19791980/QUE/8447666.png,Gerry,Hart,D,1,0,0,0,-1,1,0.0,1440.0,25.0,0.0,,,,,,,,,,,,
32,8447865,https://assets.nhle.com/mugs/nhl/19791980/QUE/8447865.png,Jamie,Hislop,R,1,0,0,0,0,1,0.0,656.0,14.0,1.0,,,,,,,,,,,,
32,8447930,https://assets.nhle.com/mugs/nhl/19791980/QUE/8447930.png,Dale,Hoganson,D,1,0,2,2,-1,0,0.0,1535.0,28.0,0.0,,,,,,,,,,,,
32,8448294,https://assets.nhle.com/mugs/nhl/19791980/QUE/8448294.png,Terry,Johnson,D,1,0,0,0,1,4,0.0,1171.0,22.0,0.0,,,,,,,,,,,,
32,8448600,https://assets.nhle.com/mugs/nhl/19791980/QUE/8448600.png,Francois,Lacombe,D,1,0,0,0,-2,0,0.0,717.0,17.0,0.0,,,,,,,,,,,,
32,8448615,https://assets.nhle.com/mugs/nhl/19791980/QUE/8448615.png,Pierre,Lacroix,D,1,0,0,0,,,,,,,1,0,1,,0,2.886929,0.90625,32,29,3,0,3741
32,8448701,https://assets.nhle.com/mugs/nhl/19791980/QUE/8448701.png,Garry,Lariviere,D,73,21,32,53,4,143,0.146853,959.6301,20.137,0.396226,,,,,,,,,,,,
32,8448733,https://assets.nhle.com/mugs/nhl/19791980/QUE/8448733.png,Rich,Leduc,C,73,1,15,16,-6,63,0.015873,962.9178,21.0411,0.0,,,,,,,,,,,,
32,8448745,https://assets.nhle.com/mugs/nhl/19791980/QUE/8448745.png,Barry,Legge,D,82,36,31,67,16,196,0.183673,1155.2561,25.122,0.409574,,,,,,,,,,,,
32,8449277,https://assets.nhle.com/mugs/nhl/19791980/QUE/8449277.png,Terry,Martin,L,60,4,3,7,-15,50,0.08,592.5667,14.7833,0.50641,,,,,,,,,,,,
32,8450467,https://assets.nhle.com/mugs/nhl/19791980/QUE/8450467.png,Pierre,Plante,R,34,3,5,8,-4,36,0.083333,904.4412,22.0882,0.205882,,,,,,,,,,,,
32,8450815,https://assets.nhle.com/mugs/nhl/19791980/QUE/8450815.png,Jacques,Richard,L,76,4,6,10,-16,67,0.059701,631.8553,15.6184,0.558824,,,,,,,,,,,,
32,8451134,https://assets.nhle.com/mugs/nhl/19791980/QUE/8451134.png,Bernie,Saunders,L,3,0,0,0,-2,0,0.0,474.6667,11.6667,0.0,,,,,,,,,,,,
32,8451432,https://assets.nhle.com/mugs/nhl/19791980/QUE/8451432.png,Louis,Sleigher,R,76,44,28,72,-2,242,0.181818,1125.3816,23.4737,0.427557,,,,,,,,,,,,
32,8451565,https://assets.nhle.com/mugs/nhl/19791980/QUE/8451565.png,John,Smrke,L,56,21,14,35,-6,96,0.21875,1100.7857,26.4643,0.538462,,,,,,,,,,,,
32,8451720,https://assets.nhle.com/mugs/nhl/19791980/QUE/8451720.png,John,Stewart,C,48,0,7,7,-9,20,0.0,863.5417,20.625,0.0,,,,,,,,,,,,
32,8451722,https://assets.nhle.com/mugs/nhl/19791980/QUE/8451722.png,Paul,Stewart,R,79,20,33,53,13,97,0.206186,1009.6076,23.0,0.523256,,,,,,,,,,,,
32,8451731,https://assets.nhle.com/mugs/nhl/19791980/QUE/8451731.png,Blair,Stewart,L,62,4,10,14,3,52,0.076923,1158.2097,24.7097,0.0,,,,,,,,,,,,
32,8451856,https://assets.nhle.com/mugs/nhl/19791980/QUE/8451856.png,Marc,Tardif,L,73,17,51,68,11,200,0.085,1454.137,28.9315,0.0,,,,,,,,,,,,
32,8451875,https://assets.nhle.com/mugs/nhl/19791980/QUE/8451875.png,Gregory,Tebbutt,D,40,2,6,8,5,32,0.0625,816.9,19.5,0.0,,,,,,,,,,,,
32,8451897,https://assets.nhle.com/mugs/nhl/19791980/QUE/8451897.png,Reginald,Thomas,C,81,10,18,28,1,80,0.125,835.9136,19.9012,0.490226,,,,,,,,,,,,
32,8452367,https://assets.nhle.com/mugs/nhl/19791980/QUE/8452367.png,Wally,Weir,R,82,7,31,38,11,94,0.074468,1361.8293,28.378,0.0,,,,,,,,,,,,
32,8446429,https://assets.nhle.com/mugs/nhl/19791980/QUE/8446429.png,Michel,Dion,G,3,0,0,0,-2,3,0.0,1060.0,22.6667,0.0,,,,,,,,,,,,
32,8447945,https://assets.nhle.com/mugs/nhl/19791980/QUE/8447945.png,Goran,Hogosta,G,74,15,24,39,-18,123,0.121951,891.7973,19.6622,0.142857,,,,,,,,,,,,
32,8448891,https://assets.nhle.com/mugs/nhl/19791980/QUE/8448891.png,Ron,Low,G,77,27,41,68,-1,173,0.156069,1091.039,22.0909,0.166667,,,,,,,,,,,,
8,8475233,https://assets.nhle.com/mugs/nhl/20242025/MTL/8475233.png,David,Savard,D,2,0,0,0,-3,1,0.0,425.5,12.5,0.285714,,,,,,,,,,,,
8,8475848,https://assets.nhle.com/mugs/nhl/20242025/MTL/8475848.png,Brendan,Gallagher,R,79,7,33,40,-13,139,0.05036,1278.7089,26.5823,0.0,,,,,,,,,,,,
8,8476469,https://assets.nhle.com/mugs/nhl/20242025/MTL/8476469.png,Joel,Armia,R,8,0,1,1,-3,8,0.0,578.375,15.125,0.0,,,,,,,,,,,,
8,8476875,https://assets.nhle.com/mugs/nhl/20242025/MTL/8476875.png,Mike,Matheson,D,21,3,2,5,-2,11,0.272727,629.381,16.6667,0.462069,,,,,,,,,,,,
8,8476981,https://assets.nhle.com/mugs/nhl/20242025/MTL/8476981.png,Josh,Anderson,R,62,15,9,24,-4,134,0.11194,887.5645,20.8226,0.455197,,,,,,,,,,,,
8,8477989,https://assets.nhle.com/mugs/nhl/20242025/MTL/8477989.png,Christian,Dvorak,C,8,0,0,0,-6,4,0.0,632.5,14.625,0.363636,,,,,,,,,,,,
8,8478133,https://assets.nhle.com/mugs/nhl/20242025/MTL/8478133.png,Jake,Evans,C,75,10,18,28,-2,120,0.083333,889.1067,20.12,0.190476,,,,,,,,,,,,
8,8478851,https://assets.nhle.com/mugs/nhl/20242025/MTL/8478851.png,Alexandre,Carrier,D,24,0,0,0,,,,,,,21,10,10,0,2,3.037789,0.897281,662,594,69,1,81770
8,8479339,https://assets.nhle.com/mugs/nhl/20242025/MTL/8479339.png,Patrik,Laine,L,55,0,1,1,,,,,,,55,24,24,0,5,3.196503,0.886577,1490,1321,169,2,190333
8,8480018,https://assets.nhle.com/mugs/nhl/20242025/MTL/8480018.png,Nick,Suzuki,C,9,0,0,0,,,,,,,8,2,7,0,0,4.119564,0.872093,258,225,33,0,28838
8,8481540,https://assets.nhle.com/mugs/nhl/20242025/MTL/8481540.png,Cole,Caufield,R,,,,,,,,,,,,,,,,,,,,,,
8,8481593,https://assets.nhle.com/mugs/nhl/20242025/MTL/8481593.png,Jayden,Struble,D,,,,,,,,,,,,,,,,,,,,,,
8,8481618,https://assets.nhle.com/mugs/nhl/20242025/MTL/8481618.png,Alex,Newhook,C,,,,,,,,,,,,,,,,,,,,,,
8,8482087,https://assets.nhle.com/mugs/nhl/20242025/MTL/8482087.png,Kaiden,Guhle,D,,,,,,,,,,,,,,,,,,,,,,
8,8482476,https://assets.nhle.com/mugs/nhl/20242025/MTL/8482476.png,Emil,Heineman,L,,,,,,,,,,,,,,,,,,,,,,
8,8483457,https://assets.nhle.com/mugs/nhl/20242025/MTL/8483457.png,Lane,Hutson,D,,,,,,,,,,,,,,,,,,,,,,
8,8483515,https://assets.nhle.com/mugs/nhl/20242025/MTL/8483515.png,Juraj,Slafkovský,L,,,,,,,,,,,,,,,,,,,,,,
8,8484984,https://assets.nhle.com/mugs/nhl/20242025/MTL/8484984.png,Ivan,Demidov,R,,,,,,,,,,,,,,,,,,,,,,
8,8478470,https://assets.nhle.com/mugs/nhl/20242025/MTL/8478470.png,Sam,Montembeault,G,,,,,,,,,,,,,,,,,,,,,,
8,8445071,https://assets.nhle.com/mugs/nhl/19171918/MTL/8445071.png,Louis,Berlinquette,L,,,,,,,,,,,,,,,,,,,,,,
8,8445571,https://assets.nhle.com/mugs/nhl/19171918/MTL/8445571.png,Bert,Corbeau,D,,,,,,,,,,,,,,,,,,,,,,
8,8445744,https://assets.nhle.com/mugs/nhl/19171918/MTL/8445744.png,Billy,Coutu,D,,,,,,,,,,,,,,,,,,,,,,
8,8446669,https://assets.nhle.com/mugs/nhl/19171918/MTL/8446669.png,Joe,Hall,D,,,,,,,,,,,,,,,,,,,,,,
8,8447289,https://assets.nhle.com/mugs/nhl/19171918/MTL/8447289.png,Newsy,Lalonde,C,,,,,,,,,,,,,,,,,,,,,,
8,8447348,https://assets.nhle.com/mugs/nhl/19171918/MTL/8447348.png,Jack,Laviolette,D,,,,,,,,,,,,,,,,,,,,,,
8,8447594,https://assets.nhle.com/mugs/nhl/19171918/MTL/8447594.png,Joe,Malone,C,,,,,,,,,,,,,,,,,,,,,,
8,8447761,https://assets.nhle.com/mugs/nhl/19171918/MTL/8447761.png,Jack,McDonald,L,,,,,,,,,,,,,,,,,,,,,,
8,8448154,https://assets.nhle.com/mugs/nhl/19171918/MTL/8448154.png,Didier,Pitre,R,,,,,,,,,,,,,,,,,,,,,,
8,8450137,https://assets.nhle.com/mugs/nhl/19171918/MTL/8450137.png,Georges,Vezina,G,,,,,,,,,,,,,,,,,,,,,,
58,8445314,https://assets.nhle.com/mugs/nhl/19191920/TSP/8445314.png,Harry,Cameron,D,,,,,,,,,,,,,,,,,,,,,,
58,8445873,https://assets.nhle.com/mugs/nhl/19191920/TSP/8445873.png,Corb,Denneny,C,,,,,,,,,,,,,,,,,,,,,,
58,8445972,https://assets.nhle.com/mugs/nhl/19191920/TSP/8445972.png,Babe,Dye,R,,,,,,,,,,,,,,,,,,,,,,
58,8446761,https://assets.nhle.com/mugs/nhl/19191920/TSP/8446761.png,Frank,Heffernan,D,,,,,,,,,,,,,,,,,,,,,,
58,8447637,https://assets.nhle.com/mugs/nhl/19191920/TSP/8447637.png,Joe,Matte,D,,,,,,,,,,,,,,,,,,,,,,
58,8448013,https://assets.nhle.com/mugs/nhl/19191920/TSP/8448013.png,Reg,Noble,C,,,,,,,,,,,,,,,,,,,,,,
58,8448212,https://assets.nhle.com/mugs/nhl/19191920/TSP/8448212.png,Goldie,Prodgers,C,,,,,,,,,,,,,,,,,,,,,,
58,8448246,https://assets.nhle.com/mugs/nhl/19191920/TSP/8448246.png,Ken,Randall,R,,,,,,,,,,,,,,,,,,,,,,
58,8448349,https://assets.nhle.com/mugs/nhl/19191920/TSP/8448349.png,Mickey,Roach,C,,,,,,,,,,,,,,,,,,,,,,
58,8449551,https://assets.nhle.com/mugs/nhl/19191920/TSP/8449551.png,Cully,Wilson,R,,,,,,,,,,,,,,,,,,,,,,
58,8449918,https://assets.nhle.com/mugs/nhl/19191920/TSP/8449918.png,Jake,Forbes,G,,,,,,,,,,,,,,,,,,,,,,
58,8450017,https://assets.nhle.com/mugs/nhl/19191920/TSP/8450017.png,Howard,Lockhart,G,,,,,,,,,,,,,,,,,,,,,,
58,8450044,https://assets.nhle.com/mugs/nhl/19191920/TSP/8450044.png,Ivan,Mitchell,G,,,,,,,,,,,,,,,,,,,,,,
7,8475722,https://assets.nhle.com/mugs/nhl/20242025/BUF/8475722.png,Jason,Zucker,L,,,,,,,,,,,,,,,,,,,,,,
7,8477365,https://assets.nhle.com/mugs/nhl/20242025/BUF/8477365.png,Connor,Clifton,D,,,,,,,,,,,,,,,,,,,,,,
7,8477949,https://assets.nhle.com/mugs/nhl/20242025/BUF/8477949.png,Alex,Tuch,R,,,,,,,,,,,,,,,,,,,,,,
7,8478043,https://assets.nhle.com/mugs/nhl/20242025/BUF/8478043.png,Sam,Lafferty,C,,,,,,,,,,,,,,,,,,,,,,
7,8478413,https://assets.nhle.com/mugs/nhl/20242025/BUF/8478413.png,Jordan,Greenway,L,,,,,,,,,,,,,,,,,,,,,,
7,8479359,https://assets.nhle.com/mugs/nhl/20242025/BUF/8479359.png,Beck,Malenstyn,L,,,,,,,,,,,,,,,,,,,,,,
7,8479419,https://assets.nhle.com/mugs/nhl/20242025/BUF/8479419.png,Brett,Murray,L,,,,,,,,,,,,,,,,,,,,,,
7,8479420,https://assets.nhle.com/mugs/nhl/20242025/BUF/8479420.png,Tage,Thompson,C,,,,,,,,,,,,,,,,,,,,,,
7,8480064,https://assets.nhle.com/mugs/nhl/20242025/BUF/8480064.png,Josh,Norris,C,,,,,,,,,,,,,,,,,,,,,,
7,8480196,https://assets.nhle.com/mugs/nhl/20242025/BUF/8480196.png,Jacob,Bryson,D,,,,,,,,,,,,,,,,,,,,,,
7,8480802,https://assets.nhle.com/mugs/nhl/20242025/BUF/8480802.png,Ryan,McLeod,C,,,,,,,,,,,,,,,,,,,,,,
7,8480807,https://assets.nhle.com/mugs/nhl/20242025/BUF/8480807.png,Mattias,Samuelsson,D,,,,,,,,,,,,,,,,,,,,,,
7,8480839,https://assets.nhle.com/mugs/nhl/20242025/BUF/8480839.png,Rasmus,Dahlin,D,,,,,,,,,,,,,,,,,,,,,,
7,8480879,https://assets.nhle.com/mugs/nhl/20242025/BUF/8480879.png,Jacob,Bernard-Docker,D,,,,,,,,,,,,,,,,,,,,,,
7,8481522,https://assets.nhle.com/mugs/nhl/20242025/BUF/8481522.png,Peyton,Krebs,C,,,,,,,,,,,,,,,,,,,,,,
7,8481524,https://assets.nhle.com/mugs/nhl/20242025/BUF/8481524.png,Bowen,Byram,D,,,,,,,,,,,,,,,,,,,,,,
7,8481564,https://assets.nhle.com/mugs/nhl/20242025/BUF/8481564.png,Ryan,Johnson,D,,,,,,,,,,,,,,,,,,,,,,
7,8482097,https://assets.nhle.com/mugs/nhl/20242025/BUF/8482097.png,Jack,Quinn,R,,,,,,,,,,,,,,,,,,,,,,
7,8482175,https://assets.nhle.com/mugs/nhl/20242025/BUF/8482175.png,JJ,Peterka,R,,,,,,,,,,,,,,,,,,,,,,
7,8482623,https://assets.nhle.com/mugs/nhl/20242025/BUF/8482623.png,Josh,Dunne,C,,,,,,,,,,,,,,,,,,,,,,
7,8482671,https://assets.nhle.com/mugs/nhl/20242025/BUF/8482671.png,Owen,Power,D,,,,,,,,,,,,,,,,,,,,,,
7,8482765,https://assets.nhle.com/mugs/nhl/20242025/BUF/8482765.png,Isak,Rosen,R,,,,,,,,,,,,,,,,,,,,,,
7,8482896,https://assets.nhle.com/mugs/nhl/20242025/BUF/8482896.png,Tyson,Kozak,C,,,,,,,,,,,,,,,,,,,,,,
7,8483468,https://assets.nhle.com/mugs/nhl/20242025/BUF/8483468.png,Jiri,Kulich,C,,,,,,,,,,,,,,,,,,,,,,
7,8483500,https://assets.nhle.com/mugs/nhl/20242025/BUF/8483500.png,Noah,Ostlund,C,,,,,,,,,,,,,,,,,,,,,,
7,8484145,https://assets.nhle.com/mugs/nhl/20242025/BUF/8484145.png,Zach,Benson,L,,,,,,,,,,,,,,,,,,,,,,
7,8473503,https://assets.nhle.com/mugs/nhl/20242025/BUF/8473503.png,James,Reimer,G,,,,,,,,,,,,,,,,,,,,,,
7,8480045,https://assets.nhle.com/mugs/nhl/20242025/BUF/8480045.png,Ukko-Pekka,Luukkonen,G,,,,,,,,,,,,,,,,,,,,,,
7,8482221,https://assets.nhle.com/mugs/nhl/20242025/BUF/8482221.png,Devon,Levi,G,,,,,,,,,,,,,,,,,,,,,,
